experiment,coding,num_bins,cycle_steps,threshold,repeat_cycles,rate_scale,seed,epoch,train_loss,train_acc,val_loss,val_acc
cifar10_frequency_resolution_grid,phase,4,4,0.0,False,,0,1,1.8548205237893498,0.3478588235294118,1.7585790510177612,0.3897333333333333
cifar10_frequency_resolution_grid,phase,4,4,0.0,False,,0,2,1.6514176748836742,0.4268235294117647,1.6574418009440104,0.41786666666666666
cifar10_frequency_resolution_grid,phase,4,4,0.0,False,,0,3,1.5338928696127498,0.4662352941176471,1.6258698318481446,0.42866666666666664
cifar10_frequency_resolution_grid,phase,4,4,0.0,False,,0,4,1.4403777541889864,0.5006352941176471,1.5952556634267172,0.4441333333333333
cifar10_frequency_resolution_grid,phase,4,4,0.0,False,,0,5,1.3480809297673841,0.5377411764705883,1.5800365767796833,0.44693333333333335
cifar10_frequency_resolution_grid,phase,4,4,0.0,False,,0,6,1.2567885483461267,0.5695529411764706,1.5765147614796957,0.4553333333333333
cifar10_frequency_resolution_grid,phase,4,4,0.0,False,,0,7,1.1757289894889382,0.6023294117647059,1.5937153303146363,0.4492
cifar10_frequency_resolution_grid,phase,4,4,0.0,False,,0,8,1.0869558311798992,0.636,1.579405647913615,0.4568
cifar10_frequency_resolution_grid,phase,4,4,0.0,False,,0,9,0.9974477509554694,0.6723764705882352,1.6228767450968424,0.45826666666666666
cifar10_frequency_resolution_grid,phase,4,4,0.0,False,,0,10,0.9118062039431404,0.7033411764705882,1.6251477879842122,0.45026666666666665
cifar10_frequency_resolution_grid,phase,4,4,0.0,False,,0,11,0.8278802025626687,0.7363294117647059,1.6472947909037272,0.4536
cifar10_frequency_resolution_grid,phase,4,4,0.0,False,,0,12,0.7459815338246962,0.7705647058823529,1.6778049505233765,0.448
cifar10_frequency_resolution_grid,phase,4,4,0.0,False,,0,13,0.6700640809900621,0.8000941176470588,1.685232584063212,0.45653333333333335
cifar10_frequency_resolution_grid,phase,4,4,0.0,False,,0,14,0.6000435856706956,0.8259058823529412,1.7377519798914591,0.4452
cifar10_frequency_resolution_grid,phase,4,4,0.0,False,,0,15,0.526187845622792,0.8549411764705882,1.7698712221781412,0.44706666666666667
cifar10_frequency_resolution_grid,phase,4,4,0.0,False,,0,16,0.4611520875622244,0.8803058823529412,1.8155905129114787,0.44853333333333334
cifar10_frequency_resolution_grid,phase,4,4,0.0,False,,0,17,0.3974968170783099,0.9040235294117647,1.8673361329396565,0.44253333333333333
cifar10_frequency_resolution_grid,phase,4,4,0.0,False,,0,18,0.35330732685537897,0.9166588235294117,1.9280208538691204,0.43933333333333335
cifar10_frequency_resolution_grid,phase,4,4,0.0,False,,0,19,0.3141749164497151,0.9300941176470588,1.939426531791687,0.44306666666666666
cifar10_frequency_resolution_grid,phase,4,4,0.0,False,,0,20,0.26004003260766756,0.9501882352941177,1.9827367574691772,0.44266666666666665
cifar10_frequency_resolution_grid,phase,4,4,0.0,False,,1,1,1.865361685629452,0.3484235294117647,1.7401966477076212,0.39266666666666666
cifar10_frequency_resolution_grid,phase,4,4,0.0,False,,1,2,1.664094389186186,0.42268235294117645,1.6598192911783853,0.41746666666666665
cifar10_frequency_resolution_grid,phase,4,4,0.0,False,,1,3,1.5448593424292172,0.4655529411764706,1.62756186987559,0.42706666666666665
cifar10_frequency_resolution_grid,phase,4,4,0.0,False,,1,4,1.4546999814538395,0.4934823529411765,1.5906103271484375,0.4421333333333333
cifar10_frequency_resolution_grid,phase,4,4,0.0,False,,1,5,1.3589757055170395,0.5319529411764706,1.5816522099177042,0.4497333333333333
cifar10_frequency_resolution_grid,phase,4,4,0.0,False,,1,6,1.2742811433455523,0.5638823529411765,1.5713734377543132,0.4568
cifar10_frequency_resolution_grid,phase,4,4,0.0,False,,1,7,1.1895929559932035,0.595835294117647,1.5734636597951253,0.4594666666666667
cifar10_frequency_resolution_grid,phase,4,4,0.0,False,,1,8,1.1014851375187145,0.6320941176470588,1.5650484415690105,0.4629333333333333
cifar10_frequency_resolution_grid,phase,4,4,0.0,False,,1,9,1.0160376688340131,0.6650352941176471,1.5926616897583008,0.4590666666666667
cifar10_frequency_resolution_grid,phase,4,4,0.0,False,,1,10,0.9303822455462287,0.6987058823529412,1.6085235633850097,0.46013333333333334
cifar10_frequency_resolution_grid,phase,4,4,0.0,False,,1,11,0.8508523918796989,0.7283058823529411,1.6281393494288126,0.45653333333333335
cifar10_frequency_resolution_grid,phase,4,4,0.0,False,,1,12,0.7639669727760203,0.7643529411764706,1.6441116069157917,0.4597333333333333
cifar10_frequency_resolution_grid,phase,4,4,0.0,False,,1,13,0.6821199543111465,0.7966117647058824,1.6804344540278118,0.4608
cifar10_frequency_resolution_grid,phase,4,4,0.0,False,,1,14,0.6132950825635125,0.8228235294117647,1.7296519858042398,0.444
cifar10_frequency_resolution_grid,phase,4,4,0.0,False,,1,15,0.5625176389021032,0.8414352941176471,1.7262986670176188,0.45666666666666667
cifar10_frequency_resolution_grid,phase,4,4,0.0,False,,1,16,0.4793992107405382,0.8757176470588235,1.7659198997497558,0.4512
cifar10_frequency_resolution_grid,phase,4,4,0.0,False,,1,17,0.4149236202531001,0.8972470588235294,1.8373626523335775,0.4513333333333333
cifar10_frequency_resolution_grid,phase,4,4,0.0,False,,1,18,0.3573011242417728,0.9183058823529412,1.8607455746332804,0.45013333333333333
cifar10_frequency_resolution_grid,phase,4,4,0.0,False,,1,19,0.315125978753146,0.9315764705882353,1.894740445391337,0.4513333333333333
cifar10_frequency_resolution_grid,phase,4,4,0.0,False,,1,20,0.27416435196539934,0.9446588235294118,1.958342079925537,0.4408
cifar10_frequency_resolution_grid,phase,4,4,0.0,False,,2,1,1.865273571440753,0.3457411764705882,1.7678736265818278,0.3794666666666667
cifar10_frequency_resolution_grid,phase,4,4,0.0,False,,2,2,1.6631679770189174,0.42378823529411763,1.676043768755595,0.4206666666666667
cifar10_frequency_resolution_grid,phase,4,4,0.0,False,,2,3,1.5478036887561575,0.4640235294117647,1.6175635435740152,0.4285333333333333
cifar10_frequency_resolution_grid,phase,4,4,0.0,False,,2,4,1.4545972576590145,0.49571764705882354,1.6036758178710937,0.43706666666666666
cifar10_frequency_resolution_grid,phase,4,4,0.0,False,,2,5,1.3668249029496138,0.5308235294117647,1.5766174174626668,0.44266666666666665
cifar10_frequency_resolution_grid,phase,4,4,0.0,False,,2,6,1.2826549377048717,0.561435294117647,1.5572146395365398,0.45213333333333333
cifar10_frequency_resolution_grid,phase,4,4,0.0,False,,2,7,1.1941203964962679,0.5951529411764706,1.5671112486521404,0.4517333333333333
cifar10_frequency_resolution_grid,phase,4,4,0.0,False,,2,8,1.103314285396127,0.6290117647058824,1.567222952969869,0.45013333333333333
cifar10_frequency_resolution_grid,phase,4,4,0.0,False,,2,9,1.0163713480107925,0.6626588235294117,1.5971287515004475,0.45106666666666667
cifar10_frequency_resolution_grid,phase,4,4,0.0,False,,2,10,0.9343366432863123,0.6951294117647059,1.5916697895685832,0.4533333333333333
cifar10_frequency_resolution_grid,phase,4,4,0.0,False,,2,11,0.8546847386752858,0.7267764705882352,1.6265277700424194,0.4504
cifar10_frequency_resolution_grid,phase,4,4,0.0,False,,2,12,0.7730071592835819,0.7581882352941176,1.6450657634099324,0.4478666666666667
cifar10_frequency_resolution_grid,phase,4,4,0.0,False,,2,13,0.689010324865229,0.792235294117647,1.6701273517608644,0.4537333333333333
cifar10_frequency_resolution_grid,phase,4,4,0.0,False,,2,14,0.6262372671744403,0.815435294117647,1.7026962336858114,0.4508
cifar10_frequency_resolution_grid,phase,4,4,0.0,False,,2,15,0.5589217615183661,0.8427058823529412,1.7416044008255005,0.4474666666666667
cifar10_frequency_resolution_grid,phase,4,4,0.0,False,,2,16,0.48712711154993843,0.8731764705882353,1.781506728553772,0.4416
cifar10_frequency_resolution_grid,phase,4,4,0.0,False,,2,17,0.42481431365293615,0.8939764705882353,1.837712146250407,0.44253333333333333
cifar10_frequency_resolution_grid,phase,4,4,0.0,False,,2,18,0.3737710250489852,0.9116705882352941,1.8560020747502646,0.44853333333333334
cifar10_frequency_resolution_grid,phase,4,4,0.0,False,,2,19,0.31610462430505193,0.9326588235294118,1.9376181193033855,0.44053333333333333
cifar10_frequency_resolution_grid,phase,4,4,0.0,False,,2,20,0.2813413153255687,0.943364705882353,1.965191009394328,0.44093333333333334
cifar10_frequency_resolution_grid,phase,4,6,0.0,False,,0,1,1.9213361557455624,0.3224,1.8472067509969075,0.35186666666666666
cifar10_frequency_resolution_grid,phase,4,6,0.0,False,,0,2,1.719427174018411,0.4027294117647059,1.7282775619506836,0.3930666666666667
cifar10_frequency_resolution_grid,phase,4,6,0.0,False,,0,3,1.592729409419789,0.4487764705882353,1.6901194462458293,0.4084
cifar10_frequency_resolution_grid,phase,4,6,0.0,False,,0,4,1.482351904005163,0.4872470588235294,1.652372529665629,0.4224
cifar10_frequency_resolution_grid,phase,4,6,0.0,False,,0,5,1.3760251134423649,0.5292941176470588,1.6385709505081176,0.4304
cifar10_frequency_resolution_grid,phase,4,6,0.0,False,,0,6,1.27242117283765,0.5668470588235294,1.6360244978586833,0.43906666666666666
cifar10_frequency_resolution_grid,phase,4,6,0.0,False,,0,7,1.1795203073838179,0.5999058823529412,1.6699753787358602,0.4261333333333333
cifar10_frequency_resolution_grid,phase,4,6,0.0,False,,0,8,1.0789172840567196,0.6403294117647059,1.6490171682357788,0.4397333333333333
cifar10_frequency_resolution_grid,phase,4,6,0.0,False,,0,9,0.9827887267393224,0.6761411764705882,1.731702822303772,0.43173333333333336
cifar10_frequency_resolution_grid,phase,4,6,0.0,False,,0,10,0.8876625568614287,0.7116705882352942,1.7271274318059286,0.4352
cifar10_frequency_resolution_grid,phase,4,6,0.0,False,,0,11,0.7947750559301937,0.7454352941176471,1.7550150319417317,0.4305333333333333
cifar10_frequency_resolution_grid,phase,4,6,0.0,False,,0,12,0.7018383869030896,0.7822823529411764,1.7878682025909425,0.43666666666666665
cifar10_frequency_resolution_grid,phase,4,6,0.0,False,,0,13,0.6190018846736235,0.814564705882353,1.8410726070404053,0.43746666666666667
cifar10_frequency_resolution_grid,phase,4,6,0.0,False,,0,14,0.5411121809847215,0.8439058823529412,1.8653682716369628,0.43306666666666666
cifar10_frequency_resolution_grid,phase,4,6,0.0,False,,0,15,0.4690040641644422,0.869764705882353,1.9308185463587444,0.42733333333333334
cifar10_frequency_resolution_grid,phase,4,6,0.0,False,,0,16,0.39498585747831005,0.8989882352941176,2.002334293619792,0.4232
cifar10_frequency_resolution_grid,phase,4,6,0.0,False,,0,17,0.3398395181824179,0.9188,2.067937397257487,0.42346666666666666
cifar10_frequency_resolution_grid,phase,4,6,0.0,False,,0,18,0.28581109776216396,0.9367058823529412,2.116191287104289,0.4272
cifar10_frequency_resolution_grid,phase,4,6,0.0,False,,0,19,0.2607364595749799,0.942,2.159785456085205,0.42386666666666667
cifar10_frequency_resolution_grid,phase,4,6,0.0,False,,0,20,0.20472923117525438,0.9610117647058823,2.205857048924764,0.42133333333333334
cifar10_frequency_resolution_grid,phase,4,6,0.0,False,,1,1,1.9288956456801472,0.32174117647058825,1.8037405764897665,0.37346666666666667
cifar10_frequency_resolution_grid,phase,4,6,0.0,False,,1,2,1.724536704680499,0.4011058823529412,1.7075217309951782,0.40613333333333335
cifar10_frequency_resolution_grid,phase,4,6,0.0,False,,1,3,1.5890178572486429,0.45021176470588237,1.666164189084371,0.4164
cifar10_frequency_resolution_grid,phase,4,6,0.0,False,,1,4,1.4900836931789623,0.48574117647058823,1.6307894738515218,0.43106666666666665
cifar10_frequency_resolution_grid,phase,4,6,0.0,False,,1,5,1.3795541329552146,0.5252235294117648,1.624850290997823,0.436
cifar10_frequency_resolution_grid,phase,4,6,0.0,False,,1,6,1.2801272996229285,0.5641176470588235,1.6189298580169678,0.4414666666666667
cifar10_frequency_resolution_grid,phase,4,6,0.0,False,,1,7,1.1827595434413236,0.598,1.6290422126770019,0.44
cifar10_frequency_resolution_grid,phase,4,6,0.0,False,,1,8,1.085803084193959,0.6373411764705882,1.6369666604995727,0.44066666666666665
cifar10_frequency_resolution_grid,phase,4,6,0.0,False,,1,9,0.9863758792540607,0.6738352941176471,1.6714762955347697,0.4418666666666667
cifar10_frequency_resolution_grid,phase,4,6,0.0,False,,1,10,0.8879603676291073,0.7107764705882353,1.6910674096425375,0.44026666666666664
cifar10_frequency_resolution_grid,phase,4,6,0.0,False,,1,11,0.800710661610435,0.7440470588235294,1.723771034304301,0.44306666666666666
cifar10_frequency_resolution_grid,phase,4,6,0.0,False,,1,12,0.6958608011498171,0.7858117647058823,1.777428147315979,0.4318666666666667
cifar10_frequency_resolution_grid,phase,4,6,0.0,False,,1,13,0.6072786604152006,0.8196941176470588,1.805888671684265,0.43506666666666666
cifar10_frequency_resolution_grid,phase,4,6,0.0,False,,1,14,0.5342417673671946,0.8471058823529412,1.8616224854151409,0.42906666666666665
cifar10_frequency_resolution_grid,phase,4,6,0.0,False,,1,15,0.4629042992844301,0.8739764705882352,1.9095457148869832,0.4336
cifar10_frequency_resolution_grid,phase,4,6,0.0,False,,1,16,0.392264725634631,0.9005647058823529,1.9568296368916829,0.42893333333333333
cifar10_frequency_resolution_grid,phase,4,6,0.0,False,,1,17,0.3405692706711152,0.9171294117647059,2.00823704179128,0.4268
cifar10_frequency_resolution_grid,phase,4,6,0.0,False,,1,18,0.2777110400985269,0.9406117647058824,2.084202056121826,0.42386666666666667
cifar10_frequency_resolution_grid,phase,4,6,0.0,False,,1,19,0.23687688853319955,0.9532705882352941,2.1435876068115234,0.4148
cifar10_frequency_resolution_grid,phase,4,6,0.0,False,,1,20,0.20846813449158388,0.9594117647058824,2.1458868940989175,0.424
cifar10_frequency_resolution_grid,phase,4,6,0.0,False,,2,1,1.9243095532361199,0.3215529411764706,1.824656539026896,0.3606666666666667
cifar10_frequency_resolution_grid,phase,4,6,0.0,False,,2,2,1.7214642809923957,0.40498823529411765,1.7319574886957805,0.39666666666666667
cifar10_frequency_resolution_grid,phase,4,6,0.0,False,,2,3,1.5934494095858405,0.4500705882352941,1.6647338890711467,0.416
cifar10_frequency_resolution_grid,phase,4,6,0.0,False,,2,4,1.4865929764691521,0.4859058823529412,1.6509811344146728,0.42133333333333334
cifar10_frequency_resolution_grid,phase,4,6,0.0,False,,2,5,1.38765888597825,0.5234823529411765,1.6271016271591185,0.43466666666666665
cifar10_frequency_resolution_grid,phase,4,6,0.0,False,,2,6,1.2880021529926973,0.5602588235294118,1.609602320098877,0.4416
cifar10_frequency_resolution_grid,phase,4,6,0.0,False,,2,7,1.189483587105134,0.5952235294117647,1.622266656621297,0.4408
cifar10_frequency_resolution_grid,phase,4,6,0.0,False,,2,8,1.0825536138927236,0.6382588235294118,1.6331429167429605,0.4424
cifar10_frequency_resolution_grid,phase,4,6,0.0,False,,2,9,0.9863308715595919,0.6737411764705883,1.6677480912526448,0.44026666666666664
cifar10_frequency_resolution_grid,phase,4,6,0.0,False,,2,10,0.8866936416850371,0.7133647058823529,1.6744324629465739,0.4401333333333333
cifar10_frequency_resolution_grid,phase,4,6,0.0,False,,2,11,0.792843096705044,0.7476235294117647,1.7239321129480998,0.43533333333333335
cifar10_frequency_resolution_grid,phase,4,6,0.0,False,,2,12,0.7055654216093176,0.7819764705882353,1.7709054342905681,0.4341333333333333
cifar10_frequency_resolution_grid,phase,4,6,0.0,False,,2,13,0.6180606670772328,0.8162117647058823,1.7895495609283447,0.4372
cifar10_frequency_resolution_grid,phase,4,6,0.0,False,,2,14,0.5508612017294939,0.8417176470588236,1.8477121585845948,0.4276
cifar10_frequency_resolution_grid,phase,4,6,0.0,False,,2,15,0.4717208737148958,0.8700470588235294,1.9047309127807617,0.4209333333333333
cifar10_frequency_resolution_grid,phase,4,6,0.0,False,,2,16,0.4100614428520203,0.8942117647058824,1.9797383441289267,0.41533333333333333
cifar10_frequency_resolution_grid,phase,4,6,0.0,False,,2,17,0.3477976741341984,0.9163529411764706,1.989197164217631,0.428
cifar10_frequency_resolution_grid,phase,4,6,0.0,False,,2,18,0.28881014637105606,0.9363529411764706,2.0435788088480633,0.42906666666666665
cifar10_frequency_resolution_grid,phase,4,6,0.0,False,,2,19,0.2623978307569728,0.9434823529411764,2.126261965942383,0.4224
cifar10_frequency_resolution_grid,phase,4,6,0.0,False,,2,20,0.20737778392118567,0.9617411764705882,2.133167469914754,0.424
cifar10_frequency_resolution_grid,phase,4,8,0.0,False,,0,1,1.9425909373788273,0.3179529411764706,1.845274438349406,0.35573333333333335
cifar10_frequency_resolution_grid,phase,4,8,0.0,False,,0,2,1.7313915473937989,0.4008235294117647,1.7494971612930297,0.3914666666666667
cifar10_frequency_resolution_grid,phase,4,8,0.0,False,,0,3,1.60382568359375,0.44583529411764705,1.7301523380915325,0.39493333333333336
cifar10_frequency_resolution_grid,phase,4,8,0.0,False,,0,4,1.5071128488652847,0.4797647058823529,1.7083275819778443,0.41213333333333335
cifar10_frequency_resolution_grid,phase,4,8,0.0,False,,0,5,1.4135342824150534,0.5144705882352941,1.7240349255243936,0.40586666666666665
cifar10_frequency_resolution_grid,phase,4,8,0.0,False,,0,6,1.323705407815821,0.5451764705882353,1.7478672307332357,0.4096
cifar10_frequency_resolution_grid,phase,4,8,0.0,False,,0,7,1.240417005965289,0.5745882352941176,1.7601154179255167,0.40973333333333334
cifar10_frequency_resolution_grid,phase,4,8,0.0,False,,0,8,1.1534084423513973,0.6073411764705883,1.8015522315343222,0.3996
cifar10_frequency_resolution_grid,phase,4,8,0.0,False,,0,9,1.0647984571008122,0.6388,1.8784307569503784,0.3872
cifar10_frequency_resolution_grid,phase,4,8,0.0,False,,0,10,0.9718142723981071,0.6751529411764706,1.9058787697474162,0.3948
cifar10_frequency_resolution_grid,phase,4,8,0.0,False,,0,11,0.895455889379277,0.7023764705882353,1.9952096193313598,0.3877333333333333
cifar10_frequency_resolution_grid,phase,4,8,0.0,False,,0,12,0.7937907749456518,0.7406117647058823,2.027554372406006,0.3930666666666667
cifar10_frequency_resolution_grid,phase,4,8,0.0,False,,0,13,0.7156284834020278,0.7691294117647058,2.0999660252888996,0.3934666666666667
cifar10_frequency_resolution_grid,phase,4,8,0.0,False,,0,14,0.6552977290798636,0.7902117647058824,2.1922664796193443,0.3794666666666667
cifar10_frequency_resolution_grid,phase,4,8,0.0,False,,0,15,0.5723947095422184,0.8229411764705883,2.2736863285064697,0.37493333333333334
cifar10_frequency_resolution_grid,phase,4,8,0.0,False,,0,16,0.5178585077958948,0.8392941176470589,2.39061914024353,0.37
cifar10_frequency_resolution_grid,phase,4,8,0.0,False,,0,17,0.454303775992113,0.865764705882353,2.4451907225290936,0.374
cifar10_frequency_resolution_grid,phase,4,8,0.0,False,,0,18,0.37966961846912606,0.8926117647058823,2.5065410325368247,0.3808
cifar10_frequency_resolution_grid,phase,4,8,0.0,False,,0,19,0.32096335928299846,0.9152941176470588,2.614985884094238,0.3652
cifar10_frequency_resolution_grid,phase,4,8,0.0,False,,0,20,0.29127451121947345,0.9232470588235294,2.7365724946339927,0.36346666666666666
cifar10_frequency_resolution_grid,phase,4,8,0.0,False,,1,1,1.9364911768296185,0.32131764705882354,1.8369033391952514,0.35546666666666665
cifar10_frequency_resolution_grid,phase,4,8,0.0,False,,1,2,1.7276880283916698,0.40138823529411766,1.7333152894973756,0.396
cifar10_frequency_resolution_grid,phase,4,8,0.0,False,,1,3,1.6016137648638558,0.44388235294117645,1.728692651685079,0.39786666666666665
cifar10_frequency_resolution_grid,phase,4,8,0.0,False,,1,4,1.5055393511379467,0.47745882352941177,1.6990099568049113,0.41
cifar10_frequency_resolution_grid,phase,4,8,0.0,False,,1,5,1.4120926578185138,0.5090823529411764,1.704493460782369,0.4088
cifar10_frequency_resolution_grid,phase,4,8,0.0,False,,1,6,1.3273206089356366,0.5420941176470588,1.723068010965983,0.41706666666666664
cifar10_frequency_resolution_grid,phase,4,8,0.0,False,,1,7,1.2415066735884723,0.5727058823529412,1.7387671427408855,0.404
cifar10_frequency_resolution_grid,phase,4,8,0.0,False,,1,8,1.1648703723234288,0.6038117647058824,1.767002441596985,0.4073333333333333
cifar10_frequency_resolution_grid,phase,4,8,0.0,False,,1,9,1.0827333374023438,0.6328705882352941,1.823249631881714,0.39986666666666665
cifar10_frequency_resolution_grid,phase,4,8,0.0,False,,1,10,0.9905673116122975,0.6707764705882353,1.8748035923639934,0.39213333333333333
cifar10_frequency_resolution_grid,phase,4,8,0.0,False,,1,11,0.90195887121453,0.7040941176470589,1.9126692794799804,0.3936
cifar10_frequency_resolution_grid,phase,4,8,0.0,False,,1,12,0.8060875412997077,0.7393647058823529,1.9931043500264485,0.38666666666666666
cifar10_frequency_resolution_grid,phase,4,8,0.0,False,,1,13,0.7176269473356359,0.7722823529411764,2.0619846037546794,0.3896
cifar10_frequency_resolution_grid,phase,4,8,0.0,False,,1,14,0.6651422049915089,0.790235294117647,2.13568390083313,0.378
cifar10_frequency_resolution_grid,phase,4,8,0.0,False,,1,15,0.6149840536285849,0.8053176470588236,2.191233517328898,0.3798666666666667
cifar10_frequency_resolution_grid,phase,4,8,0.0,False,,1,16,0.5223651440928964,0.8414352941176471,2.2594595216115314,0.37653333333333333
cifar10_frequency_resolution_grid,phase,4,8,0.0,False,,1,17,0.4464145334496218,0.8704,2.328956137084961,0.38466666666666666
cifar10_frequency_resolution_grid,phase,4,8,0.0,False,,1,18,0.38837459133372587,0.8908941176470588,2.4187633068084717,0.3792
cifar10_frequency_resolution_grid,phase,4,8,0.0,False,,1,19,0.3432095212529687,0.9059529411764706,2.517098929595947,0.3682666666666667
cifar10_frequency_resolution_grid,phase,4,8,0.0,False,,1,20,0.2873688563725528,0.9258117647058823,2.5663923988342283,0.3738666666666667
cifar10_frequency_resolution_grid,phase,4,8,0.0,False,,2,1,1.9470554137286018,0.31774117647058825,1.8510074493408204,0.358
cifar10_frequency_resolution_grid,phase,4,8,0.0,False,,2,2,1.7398633259492762,0.39595294117647056,1.7609276426315308,0.3874666666666667
cifar10_frequency_resolution_grid,phase,4,8,0.0,False,,2,3,1.6095803191241096,0.44223529411764706,1.720830930074056,0.4024
cifar10_frequency_resolution_grid,phase,4,8,0.0,False,,2,4,1.5101200564664954,0.47854117647058825,1.7073590779622396,0.4109333333333333
cifar10_frequency_resolution_grid,phase,4,8,0.0,False,,2,5,1.4225102346532486,0.5112705882352941,1.6977593255996704,0.416
cifar10_frequency_resolution_grid,phase,4,8,0.0,False,,2,6,1.3320909873794107,0.542235294117647,1.7285962563196817,0.41213333333333335
cifar10_frequency_resolution_grid,phase,4,8,0.0,False,,2,7,1.241689683936624,0.5736470588235294,1.7698169025421142,0.4110666666666667
cifar10_frequency_resolution_grid,phase,4,8,0.0,False,,2,8,1.1537866019136764,0.6071764705882353,1.7908179448445638,0.39866666666666667
cifar10_frequency_resolution_grid,phase,4,8,0.0,False,,2,9,1.0650497563306023,0.6403529411764706,1.8273010167439778,0.4044
cifar10_frequency_resolution_grid,phase,4,8,0.0,False,,2,10,0.9709776590459487,0.6772470588235294,1.8707140747070312,0.39813333333333334
cifar10_frequency_resolution_grid,phase,4,8,0.0,False,,2,11,0.890517970121608,0.7037176470588236,1.9445410680135091,0.3994666666666667
cifar10_frequency_resolution_grid,phase,4,8,0.0,False,,2,12,0.7896403881185196,0.7432941176470588,2.0180573220570883,0.38986666666666664
cifar10_frequency_resolution_grid,phase,4,8,0.0,False,,2,13,0.7136690857803121,0.7692470588235294,2.0740640279134115,0.386
cifar10_frequency_resolution_grid,phase,4,8,0.0,False,,2,14,0.6313198369755464,0.7981882352941176,2.133712088139852,0.39386666666666664
cifar10_frequency_resolution_grid,phase,4,8,0.0,False,,2,15,0.568009297729941,0.8231058823529411,2.2255048952738443,0.3818666666666667
cifar10_frequency_resolution_grid,phase,4,8,0.0,False,,2,16,0.4839123154303607,0.8564,2.3224765594482424,0.3768
cifar10_frequency_resolution_grid,phase,4,8,0.0,False,,2,17,0.4346474561235484,0.8720235294117648,2.414891376876831,0.3718666666666667
cifar10_frequency_resolution_grid,phase,4,8,0.0,False,,2,18,0.36367701707447275,0.8995294117647059,2.468961610539754,0.3741333333333333
cifar10_frequency_resolution_grid,phase,4,8,0.0,False,,2,19,0.3239729088264353,0.9131058823529412,2.5737281295776366,0.3722666666666667
cifar10_frequency_resolution_grid,phase,4,8,0.0,False,,2,20,0.2807772500374738,0.9265411764705882,2.652322984949748,0.3716
cifar10_frequency_resolution_grid,phase,4,12,0.0,False,,0,1,1.9568503035825842,0.31371764705882355,1.8985043451309205,0.33613333333333334
cifar10_frequency_resolution_grid,phase,4,12,0.0,False,,0,2,1.749591525481729,0.3940470588235294,1.7743629309336344,0.37653333333333333
cifar10_frequency_resolution_grid,phase,4,12,0.0,False,,0,3,1.6189480912152459,0.43724705882352943,1.7728271972020466,0.37893333333333334
cifar10_frequency_resolution_grid,phase,4,12,0.0,False,,0,4,1.515610905456543,0.47209411764705883,1.7433800694147745,0.3930666666666667
cifar10_frequency_resolution_grid,phase,4,12,0.0,False,,0,5,1.4144852391411276,0.5108941176470588,1.7501206035614014,0.3993333333333333
cifar10_frequency_resolution_grid,phase,4,12,0.0,False,,0,6,1.3141453786962172,0.5480941176470588,1.7867559121449788,0.39853333333333335
cifar10_frequency_resolution_grid,phase,4,12,0.0,False,,0,7,1.210306822720696,0.5846588235294118,1.8475164058685303,0.3936
cifar10_frequency_resolution_grid,phase,4,12,0.0,False,,0,8,1.1053515019360711,0.6240705882352942,1.8534588823954263,0.39853333333333335
cifar10_frequency_resolution_grid,phase,4,12,0.0,False,,0,9,0.9887480164359598,0.6661176470588235,1.9704820782979329,0.3828
cifar10_frequency_resolution_grid,phase,4,12,0.0,False,,0,10,0.8890388961735893,0.7031058823529411,1.9996794459025065,0.3924
cifar10_frequency_resolution_grid,phase,4,12,0.0,False,,0,11,0.7759053939454695,0.7436705882352941,2.0795397051493327,0.388
cifar10_frequency_resolution_grid,phase,4,12,0.0,False,,0,12,0.6595086456074434,0.785364705882353,2.150699921417236,0.3894666666666667
cifar10_frequency_resolution_grid,phase,4,12,0.0,False,,0,13,0.5634600475591772,0.8239294117647059,2.2431136815388997,0.382
cifar10_frequency_resolution_grid,phase,4,12,0.0,False,,0,14,0.47353532353008493,0.8559294117647058,2.37208534228007,0.37346666666666667
cifar10_frequency_resolution_grid,phase,4,12,0.0,False,,0,15,0.3890866818021326,0.8854117647058823,2.452742503738403,0.3752
cifar10_frequency_resolution_grid,phase,4,12,0.0,False,,0,16,0.31312370159275393,0.9139529411764706,2.6036390656789146,0.36
cifar10_frequency_resolution_grid,phase,4,12,0.0,False,,0,17,0.24734477033194374,0.9367294117647059,2.7273564333597817,0.36573333333333335
cifar10_frequency_resolution_grid,phase,4,12,0.0,False,,0,18,0.20493882065941305,0.9504470588235294,2.7762477043151854,0.3742666666666667
cifar10_frequency_resolution_grid,phase,4,12,0.0,False,,0,19,0.1737286704568302,0.9588235294117647,2.9056064978281655,0.36333333333333334
cifar10_frequency_resolution_grid,phase,4,12,0.0,False,,0,20,0.19829800641396467,0.9456235294117648,3.0102323073069255,0.36386666666666667
cifar10_frequency_resolution_grid,phase,4,12,0.0,False,,1,1,1.9652222659391516,0.31334117647058823,1.867663551457723,0.3452
cifar10_frequency_resolution_grid,phase,4,12,0.0,False,,1,2,1.7618337271073286,0.3875529411764706,1.7788916977564493,0.3784
cifar10_frequency_resolution_grid,phase,4,12,0.0,False,,1,3,1.63463983966603,0.42978823529411764,1.741324720954895,0.3897333333333333
cifar10_frequency_resolution_grid,phase,4,12,0.0,False,,1,4,1.535004799786736,0.46334117647058826,1.7255744625091554,0.39866666666666667
cifar10_frequency_resolution_grid,phase,4,12,0.0,False,,1,5,1.4368706061194925,0.5006823529411765,1.7302637106577556,0.41
cifar10_frequency_resolution_grid,phase,4,12,0.0,False,,1,6,1.34590278116114,0.5345647058823529,1.764465727297465,0.40626666666666666
cifar10_frequency_resolution_grid,phase,4,12,0.0,False,,1,7,1.237738283886629,0.5758117647058824,1.7768632003148397,0.40786666666666666
cifar10_frequency_resolution_grid,phase,4,12,0.0,False,,1,8,1.1276250003141515,0.6151764705882353,1.8183241145451863,0.4070666666666667
cifar10_frequency_resolution_grid,phase,4,12,0.0,False,,1,9,1.0381961200209224,0.6476235294117647,1.8944694664637247,0.3964
cifar10_frequency_resolution_grid,phase,4,12,0.0,False,,1,10,0.9111358655031989,0.6956705882352942,1.9544886042912801,0.3953333333333333
cifar10_frequency_resolution_grid,phase,4,12,0.0,False,,1,11,0.8044273756532108,0.7339529411764706,2.0229903085072833,0.38693333333333335
cifar10_frequency_resolution_grid,phase,4,12,0.0,False,,1,12,0.6873690358694862,0.7784941176470588,2.112225701904297,0.3893333333333333
cifar10_frequency_resolution_grid,phase,4,12,0.0,False,,1,13,0.5740946609777563,0.8215058823529412,2.1803330781300865,0.38706666666666667
cifar10_frequency_resolution_grid,phase,4,12,0.0,False,,1,14,0.49180433257607853,0.8498823529411764,2.357892206954956,0.36973333333333336
cifar10_frequency_resolution_grid,phase,4,12,0.0,False,,1,15,0.45290270943922156,0.8626588235294118,2.3665591993967694,0.3818666666666667
cifar10_frequency_resolution_grid,phase,4,12,0.0,False,,1,16,0.33460849966161393,0.9067764705882353,2.4864835034688313,0.3838666666666667
cifar10_frequency_resolution_grid,phase,4,12,0.0,False,,1,17,0.2804579059832236,0.9258117647058823,2.5464915828704835,0.3858666666666667
cifar10_frequency_resolution_grid,phase,4,12,0.0,False,,1,18,0.2128260830037734,0.9502823529411765,2.6440168785095213,0.3838666666666667
cifar10_frequency_resolution_grid,phase,4,12,0.0,False,,1,19,0.19951998404895557,0.9518588235294118,2.7125436602274577,0.3841333333333333
cifar10_frequency_resolution_grid,phase,4,12,0.0,False,,1,20,0.1659864372071098,0.9623764705882353,2.7874572692871094,0.38506666666666667
cifar10_frequency_resolution_grid,phase,4,12,0.0,False,,2,1,1.9659115432514864,0.31072941176470587,1.8927615526835124,0.3450666666666667
cifar10_frequency_resolution_grid,phase,4,12,0.0,False,,2,2,1.768999997363371,0.3864235294117647,1.8021568033218385,0.3752
cifar10_frequency_resolution_grid,phase,4,12,0.0,False,,2,3,1.636716803045834,0.4316235294117647,1.7409717270533245,0.39666666666666667
cifar10_frequency_resolution_grid,phase,4,12,0.0,False,,2,4,1.5313879551158232,0.47091764705882355,1.7265842281341552,0.4004
cifar10_frequency_resolution_grid,phase,4,12,0.0,False,,2,5,1.4277458216050092,0.5058117647058824,1.7660425534566244,0.3932
cifar10_frequency_resolution_grid,phase,4,12,0.0,False,,2,6,1.3313370184673983,0.5418117647058823,1.7496587509791057,0.4132
cifar10_frequency_resolution_grid,phase,4,12,0.0,False,,2,7,1.2203526669726652,0.5804705882352941,1.8206120812733968,0.39013333333333333
cifar10_frequency_resolution_grid,phase,4,12,0.0,False,,2,8,1.1092351371035856,0.6234117647058823,1.8287638083140054,0.4
cifar10_frequency_resolution_grid,phase,4,12,0.0,False,,2,9,1.0016299621021045,0.6597647058823529,1.8962609418233236,0.3924
cifar10_frequency_resolution_grid,phase,4,12,0.0,False,,2,10,0.8936396557246937,0.7027764705882353,1.961475274594625,0.3928
cifar10_frequency_resolution_grid,phase,4,12,0.0,False,,2,11,0.7710617711319643,0.7468,2.026430289840698,0.388
cifar10_frequency_resolution_grid,phase,4,12,0.0,False,,2,12,0.661455231369243,0.7878117647058823,2.1167819133758545,0.38653333333333334
cifar10_frequency_resolution_grid,phase,4,12,0.0,False,,2,13,0.5710107206176309,0.8197882352941176,2.1971264592488606,0.3848
cifar10_frequency_resolution_grid,phase,4,12,0.0,False,,2,14,0.4803824117267833,0.8508705882352942,2.290033210881551,0.37706666666666666
cifar10_frequency_resolution_grid,phase,4,12,0.0,False,,2,15,0.4095301743114696,0.8776,2.375211890411377,0.3812
cifar10_frequency_resolution_grid,phase,4,12,0.0,False,,2,16,0.3143480321856106,0.9144235294117647,2.4479356488545734,0.3776
cifar10_frequency_resolution_grid,phase,4,12,0.0,False,,2,17,0.2652147731135873,0.9303058823529412,2.6064031944274904,0.37
cifar10_frequency_resolution_grid,phase,4,12,0.0,False,,2,18,0.22128447485531078,0.9457882352941176,2.6039277435302735,0.3832
cifar10_frequency_resolution_grid,phase,4,12,0.0,False,,2,19,0.16257802253330456,0.9638588235294118,2.75447747891744,0.38426666666666665
cifar10_frequency_resolution_grid,phase,4,12,0.0,False,,2,20,0.15018126121829536,0.9656,2.842207907358805,0.37866666666666665
cifar10_frequency_resolution_grid,phase,4,16,0.0,False,,0,1,1.9464258062699262,0.31745882352941174,1.8462780841827393,0.3585333333333333
cifar10_frequency_resolution_grid,phase,4,16,0.0,False,,0,2,1.7251620531755336,0.4007058823529412,1.7637279036839804,0.3812
cifar10_frequency_resolution_grid,phase,4,16,0.0,False,,0,3,1.6139115785262164,0.4370588235294118,1.7898281734466552,0.37893333333333334
cifar10_frequency_resolution_grid,phase,4,16,0.0,False,,0,4,1.5197731063057394,0.47002352941176473,1.7339475549697876,0.3924
cifar10_frequency_resolution_grid,phase,4,16,0.0,False,,0,5,1.4141601460176356,0.511835294117647,1.7581805994033814,0.3914666666666667
cifar10_frequency_resolution_grid,phase,4,16,0.0,False,,0,6,1.3259213936020346,0.5463529411764706,1.8202511273701987,0.39853333333333335
cifar10_frequency_resolution_grid,phase,4,16,0.0,False,,0,7,1.2426189549165614,0.5732,1.8711929643630982,0.3834666666666667
cifar10_frequency_resolution_grid,phase,4,16,0.0,False,,0,8,1.1342410980449003,0.6165411764705883,1.9041125996271768,0.38253333333333334
cifar10_frequency_resolution_grid,phase,4,16,0.0,False,,0,9,1.030202769167283,0.6536,2.019447509702047,0.3732
cifar10_frequency_resolution_grid,phase,4,16,0.0,False,,0,10,0.9291235485974481,0.6869411764705883,2.073432824897766,0.3741333333333333
cifar10_frequency_resolution_grid,phase,4,16,0.0,False,,0,11,0.8374522526404437,0.7202352941176471,2.153016972986857,0.37653333333333333
cifar10_frequency_resolution_grid,phase,4,16,0.0,False,,0,12,0.7180945328922833,0.7632,2.2123424414952595,0.37133333333333335
cifar10_frequency_resolution_grid,phase,4,16,0.0,False,,0,13,0.609868318271637,0.8063529411764706,2.308142163594564,0.37146666666666667
cifar10_frequency_resolution_grid,phase,4,16,0.0,False,,0,14,0.5429095982299131,0.8265411764705882,2.435954023742676,0.36373333333333335
cifar10_frequency_resolution_grid,phase,4,16,0.0,False,,0,15,0.4452096368004294,0.8624235294117647,2.5327081371307374,0.36666666666666664
cifar10_frequency_resolution_grid,phase,4,16,0.0,False,,0,16,0.39842703813805297,0.8794117647058823,2.7036586088816326,0.3544
cifar10_frequency_resolution_grid,phase,4,16,0.0,False,,0,17,0.322203309914645,0.9070588235294118,2.8262407725016274,0.35986666666666667
cifar10_frequency_resolution_grid,phase,4,16,0.0,False,,0,18,0.2717718131731538,0.9244235294117648,2.900042555618286,0.36093333333333333
cifar10_frequency_resolution_grid,phase,4,16,0.0,False,,0,19,0.2136153576153166,0.9432235294117647,3.049377234649658,0.354
cifar10_frequency_resolution_grid,phase,4,16,0.0,False,,0,20,0.18037332253736607,0.9553176470588235,3.1599778264363607,0.3504
cifar10_frequency_resolution_grid,phase,4,16,0.0,False,,1,1,1.9479359611960019,0.31969411764705885,1.8368255062103271,0.3562666666666667
cifar10_frequency_resolution_grid,phase,4,16,0.0,False,,1,2,1.7314634485805735,0.3976235294117647,1.745003467241923,0.3930666666666667
cifar10_frequency_resolution_grid,phase,4,16,0.0,False,,1,3,1.6176129055471982,0.4374823529411765,1.738484755706787,0.39186666666666664
cifar10_frequency_resolution_grid,phase,4,16,0.0,False,,1,4,1.5320077674304737,0.4663764705882353,1.7533558207829794,0.3908
cifar10_frequency_resolution_grid,phase,4,16,0.0,False,,1,5,1.4380012920043048,0.5014352941176471,1.7584888697942098,0.3934666666666667
cifar10_frequency_resolution_grid,phase,4,16,0.0,False,,1,6,1.3410437765458052,0.5369647058823529,1.7870643271128337,0.3948
cifar10_frequency_resolution_grid,phase,4,16,0.0,False,,1,7,1.2344737361234777,0.5759764705882353,1.824098164621989,0.39013333333333333
cifar10_frequency_resolution_grid,phase,4,16,0.0,False,,1,8,1.1411525940390195,0.6096705882352941,1.9114442776362102,0.38333333333333336
cifar10_frequency_resolution_grid,phase,4,16,0.0,False,,1,9,1.066145061156329,0.6379764705882353,1.959541121927897,0.388
cifar10_frequency_resolution_grid,phase,4,16,0.0,False,,1,10,0.9362187506170834,0.6860470588235295,2.026189105161031,0.37933333333333336
cifar10_frequency_resolution_grid,phase,4,16,0.0,False,,1,11,0.8452639281048494,0.7207529411764706,2.0936210454305013,0.37866666666666665
cifar10_frequency_resolution_grid,phase,4,16,0.0,False,,1,12,0.7143382463216782,0.7663058823529412,2.2114507438659667,0.36866666666666664
cifar10_frequency_resolution_grid,phase,4,16,0.0,False,,1,13,0.610818896484375,0.8046117647058824,2.324363049697876,0.3718666666666667
cifar10_frequency_resolution_grid,phase,4,16,0.0,False,,1,14,0.5307301079693962,0.8320470588235294,2.4352044961293537,0.35933333333333334
cifar10_frequency_resolution_grid,phase,4,16,0.0,False,,1,15,0.5269448979377747,0.8316235294117647,2.472334313074748,0.36546666666666666
cifar10_frequency_resolution_grid,phase,4,16,0.0,False,,1,16,0.4051724177753224,0.8779529411764706,2.6416474820454914,0.3625333333333333
cifar10_frequency_resolution_grid,phase,4,16,0.0,False,,1,17,0.4034660171214272,0.8747764705882353,2.736520075480143,0.3621333333333333
cifar10_frequency_resolution_grid,phase,4,16,0.0,False,,1,18,0.3015480068908018,0.9139529411764706,2.8152227629343667,0.3565333333333333
cifar10_frequency_resolution_grid,phase,4,16,0.0,False,,1,19,0.24950814466546564,0.9315764705882353,2.9609340174357097,0.3556
cifar10_frequency_resolution_grid,phase,4,16,0.0,False,,1,20,0.20033852340824465,0.9493882352941176,3.0514369351704915,0.3542666666666667
cifar10_frequency_resolution_grid,phase,4,16,0.0,False,,2,1,1.9546827845180736,0.3150352941176471,1.838738045501709,0.36346666666666666
cifar10_frequency_resolution_grid,phase,4,16,0.0,False,,2,2,1.7322149183722104,0.39750588235294115,1.7623546428044636,0.3874666666666667
cifar10_frequency_resolution_grid,phase,4,16,0.0,False,,2,3,1.611994465749404,0.43623529411764705,1.7473564946492512,0.3934666666666667
cifar10_frequency_resolution_grid,phase,4,16,0.0,False,,2,4,1.521903706629136,0.4716941176470588,1.7433380681355795,0.39186666666666664
cifar10_frequency_resolution_grid,phase,4,16,0.0,False,,2,5,1.4330418899760526,0.5026117647058823,1.7840193784713745,0.38693333333333335
cifar10_frequency_resolution_grid,phase,4,16,0.0,False,,2,6,1.3475239404397852,0.5362588235294118,1.7796729639689128,0.3964
cifar10_frequency_resolution_grid,phase,4,16,0.0,False,,2,7,1.2341858652114868,0.5755529411764706,1.8629674297332763,0.38653333333333334
cifar10_frequency_resolution_grid,phase,4,16,0.0,False,,2,8,1.1381534200219547,0.6100941176470588,1.8734766241073608,0.38293333333333335
cifar10_frequency_resolution_grid,phase,4,16,0.0,False,,2,9,1.0325344783558565,0.6449411764705882,1.9658438827514648,0.3798666666666667
cifar10_frequency_resolution_grid,phase,4,16,0.0,False,,2,10,0.944599283027649,0.6814117647058824,2.006314084752401,0.38226666666666664
cifar10_frequency_resolution_grid,phase,4,16,0.0,False,,2,11,0.8428194581480587,0.7211529411764706,2.092101675160726,0.38293333333333335
cifar10_frequency_resolution_grid,phase,4,16,0.0,False,,2,12,0.7489212778596317,0.7532705882352941,2.1978290097554525,0.37173333333333336
cifar10_frequency_resolution_grid,phase,4,16,0.0,False,,2,13,0.6408710961958941,0.7915294117647059,2.2807086232503253,0.3692
cifar10_frequency_resolution_grid,phase,4,16,0.0,False,,2,14,0.5699430816425997,0.8162823529411765,2.32637122853597,0.3702666666666667
cifar10_frequency_resolution_grid,phase,4,16,0.0,False,,2,15,0.4809384268536287,0.8483058823529411,2.559184179051717,0.3585333333333333
cifar10_frequency_resolution_grid,phase,4,16,0.0,False,,2,16,0.42897423479977775,0.8664235294117647,2.613231120808919,0.3552
cifar10_frequency_resolution_grid,phase,4,16,0.0,False,,2,17,0.37046474402091084,0.8866823529411765,2.713408076985677,0.3608
cifar10_frequency_resolution_grid,phase,4,16,0.0,False,,2,18,0.29228794877038283,0.9166352941176471,2.7761091150919595,0.3625333333333333
cifar10_frequency_resolution_grid,phase,4,16,0.0,False,,2,19,0.23336782926811891,0.937435294117647,2.8922292551676434,0.36173333333333335
cifar10_frequency_resolution_grid,phase,4,16,0.0,False,,2,20,0.20119402739721187,0.9463294117647059,2.97934084815979,0.36373333333333335
cifar10_frequency_resolution_grid,phase,8,4,0.0,False,,0,1,1.9616435396306655,0.3054117647058823,1.8601134032567341,0.3430666666666667
cifar10_frequency_resolution_grid,phase,8,4,0.0,False,,0,2,1.7510800801108866,0.3884705882352941,1.7441290366490683,0.3854666666666667
cifar10_frequency_resolution_grid,phase,8,4,0.0,False,,0,3,1.6230323997273164,0.4359529411764706,1.7137609437306722,0.3993333333333333
cifar10_frequency_resolution_grid,phase,8,4,0.0,False,,0,4,1.514532998118681,0.47501176470588236,1.6678719163894653,0.41573333333333334
cifar10_frequency_resolution_grid,phase,8,4,0.0,False,,0,5,1.4027967354269588,0.5167764705882353,1.6546389453252157,0.4206666666666667
cifar10_frequency_resolution_grid,phase,8,4,0.0,False,,0,6,1.297283701021531,0.5575294117647058,1.6800743370056153,0.4186666666666667
cifar10_frequency_resolution_grid,phase,8,4,0.0,False,,0,7,1.195480502611048,0.5991058823529412,1.6913104354222614,0.4226666666666667
cifar10_frequency_resolution_grid,phase,8,4,0.0,False,,0,8,1.0950790374194874,0.6370588235294118,1.684012260309855,0.41706666666666664
cifar10_frequency_resolution_grid,phase,8,4,0.0,False,,0,9,1.0001829310529373,0.6748941176470589,1.7315462515513103,0.41986666666666667
cifar10_frequency_resolution_grid,phase,8,4,0.0,False,,0,10,0.9037422286089729,0.7136705882352942,1.7510451009114583,0.4182666666666667
cifar10_frequency_resolution_grid,phase,8,4,0.0,False,,0,11,0.8107141510121962,0.7472470588235294,1.783892508951823,0.41773333333333335
cifar10_frequency_resolution_grid,phase,8,4,0.0,False,,0,12,0.7220009044394774,0.7827764705882353,1.790841802851359,0.42706666666666665
cifar10_frequency_resolution_grid,phase,8,4,0.0,False,,0,13,0.6263671869895038,0.8230117647058823,1.829091961224874,0.4242666666666667
cifar10_frequency_resolution_grid,phase,8,4,0.0,False,,0,14,0.5516288805793313,0.8484,1.894354258028666,0.4110666666666667
cifar10_frequency_resolution_grid,phase,8,4,0.0,False,,0,15,0.48773334918022154,0.8727294117647059,1.9454452107111613,0.40653333333333336
cifar10_frequency_resolution_grid,phase,8,4,0.0,False,,0,16,0.4139389926293317,0.901035294117647,1.9765271366119386,0.4148
cifar10_frequency_resolution_grid,phase,8,4,0.0,False,,0,17,0.3531652069877176,0.9221882352941176,2.046697322845459,0.4086666666666667
cifar10_frequency_resolution_grid,phase,8,4,0.0,False,,0,18,0.3103866243081934,0.9351529411764706,2.072859584935506,0.40586666666666665
cifar10_frequency_resolution_grid,phase,8,4,0.0,False,,0,19,0.2626874707193936,0.9497882352941176,2.112262672170003,0.4129333333333333
cifar10_frequency_resolution_grid,phase,8,4,0.0,False,,0,20,0.22214554091341354,0.9633882352941177,2.162728689702352,0.4086666666666667
cifar10_frequency_resolution_grid,phase,8,4,0.0,False,,1,1,1.9723197378270767,0.30103529411764707,1.8394720912297566,0.35546666666666665
cifar10_frequency_resolution_grid,phase,8,4,0.0,False,,1,2,1.7621527775035184,0.38635294117647057,1.7470671876907349,0.38853333333333334
cifar10_frequency_resolution_grid,phase,8,4,0.0,False,,1,3,1.6287927351895501,0.4349176470588235,1.701061684481303,0.40373333333333333
cifar10_frequency_resolution_grid,phase,8,4,0.0,False,,1,4,1.5248138592327343,0.47207058823529413,1.685275864982605,0.4088
cifar10_frequency_resolution_grid,phase,8,4,0.0,False,,1,5,1.4146589758480297,0.5147764705882353,1.6662075099309286,0.4188
cifar10_frequency_resolution_grid,phase,8,4,0.0,False,,1,6,1.316684166134105,0.5496705882352941,1.6769973859151204,0.4266666666666667
cifar10_frequency_resolution_grid,phase,8,4,0.0,False,,1,7,1.2190043264893924,0.5914117647058823,1.6620525924682616,0.41906666666666664
cifar10_frequency_resolution_grid,phase,8,4,0.0,False,,1,8,1.1131216117634493,0.6294823529411765,1.67688400071462,0.4285333333333333
cifar10_frequency_resolution_grid,phase,8,4,0.0,False,,1,9,1.0192685709336224,0.6671529411764706,1.7203261066436768,0.4172
cifar10_frequency_resolution_grid,phase,8,4,0.0,False,,1,10,0.917974618361978,0.7089176470588235,1.710359258588155,0.432
cifar10_frequency_resolution_grid,phase,8,4,0.0,False,,1,11,0.8255813087182886,0.746,1.760220617866516,0.42546666666666666
cifar10_frequency_resolution_grid,phase,8,4,0.0,False,,1,12,0.7298257046222687,0.784,1.7967104557673137,0.42
cifar10_frequency_resolution_grid,phase,8,4,0.0,False,,1,13,0.6395982508098378,0.8186588235294118,1.8264804700215658,0.4185333333333333
cifar10_frequency_resolution_grid,phase,8,4,0.0,False,,1,14,0.5671497060551363,0.8447764705882352,1.9090080214182537,0.4029333333333333
cifar10_frequency_resolution_grid,phase,8,4,0.0,False,,1,15,0.5087146270457436,0.8681176470588235,1.9204776059468587,0.4146666666666667
cifar10_frequency_resolution_grid,phase,8,4,0.0,False,,1,16,0.4205758999768425,0.8995529411764706,1.9761521986643473,0.40226666666666666
cifar10_frequency_resolution_grid,phase,8,4,0.0,False,,1,17,0.3732885048999506,0.9144235294117647,1.9967837473551433,0.40946666666666665
cifar10_frequency_resolution_grid,phase,8,4,0.0,False,,1,18,0.3084044018745422,0.9385882352941176,2.1184871676127117,0.3952
cifar10_frequency_resolution_grid,phase,8,4,0.0,False,,1,19,0.28581685638007,0.9419529411764705,2.0767024847666424,0.4124
cifar10_frequency_resolution_grid,phase,8,4,0.0,False,,1,20,0.23262919115178726,0.9598117647058824,2.1655049571990967,0.41
cifar10_frequency_resolution_grid,phase,8,4,0.0,False,,2,1,1.9719667212093577,0.2998823529411765,1.8631404134114584,0.3412
cifar10_frequency_resolution_grid,phase,8,4,0.0,False,,2,2,1.7569694111431347,0.3876470588235294,1.7694590945561728,0.3824
cifar10_frequency_resolution_grid,phase,8,4,0.0,False,,2,3,1.628197804664163,0.4365176470588235,1.7065202470143637,0.39853333333333335
cifar10_frequency_resolution_grid,phase,8,4,0.0,False,,2,4,1.5170687903011546,0.4758117647058824,1.6832052388509116,0.4145333333333333
cifar10_frequency_resolution_grid,phase,8,4,0.0,False,,2,5,1.4103510836432962,0.517364705882353,1.6733496970494588,0.4130666666666667
cifar10_frequency_resolution_grid,phase,8,4,0.0,False,,2,6,1.311669788831823,0.5532705882352941,1.6662461919148763,0.4186666666666667
cifar10_frequency_resolution_grid,phase,8,4,0.0,False,,2,7,1.2069460795963511,0.5938823529411764,1.667365305964152,0.4182666666666667
cifar10_frequency_resolution_grid,phase,8,4,0.0,False,,2,8,1.1008365445473616,0.6360705882352942,1.6523726598739623,0.4298666666666667
cifar10_frequency_resolution_grid,phase,8,4,0.0,False,,2,9,1.0034364375394933,0.6735529411764706,1.6938532537460327,0.42733333333333334
cifar10_frequency_resolution_grid,phase,8,4,0.0,False,,2,10,0.9002788370721481,0.7145176470588235,1.6929172081629436,0.4296
cifar10_frequency_resolution_grid,phase,8,4,0.0,False,,2,11,0.8027884102540858,0.754235294117647,1.7434729508717854,0.4182666666666667
cifar10_frequency_resolution_grid,phase,8,4,0.0,False,,2,12,0.7133816912258373,0.7888,1.7924032598495483,0.4168
cifar10_frequency_resolution_grid,phase,8,4,0.0,False,,2,13,0.629210987741807,0.8210117647058823,1.8220382300694784,0.4172
cifar10_frequency_resolution_grid,phase,8,4,0.0,False,,2,14,0.54887251552133,0.8524941176470588,1.9038572960535685,0.4050666666666667
cifar10_frequency_resolution_grid,phase,8,4,0.0,False,,2,15,0.486120856478635,0.8777176470588235,1.9129570571263632,0.4130666666666667
cifar10_frequency_resolution_grid,phase,8,4,0.0,False,,2,16,0.4106718958518084,0.9048,1.9417223452250163,0.41706666666666664
cifar10_frequency_resolution_grid,phase,8,4,0.0,False,,2,17,0.3584257452403798,0.9206588235294118,1.9919078102747598,0.4146666666666667
cifar10_frequency_resolution_grid,phase,8,4,0.0,False,,2,18,0.30886814151090736,0.9378117647058823,2.0328165510813396,0.41973333333333335
cifar10_frequency_resolution_grid,phase,8,4,0.0,False,,2,19,0.2557714893425212,0.9550352941176471,2.1086754714330036,0.40973333333333334
cifar10_frequency_resolution_grid,phase,8,4,0.0,False,,2,20,0.23881208478422725,0.9575529411764706,2.142032677078247,0.41226666666666667
cifar10_frequency_resolution_grid,phase,8,6,0.0,False,,0,1,2.0176077056884765,0.28305882352941175,1.919923338317871,0.3141333333333333
cifar10_frequency_resolution_grid,phase,8,6,0.0,False,,0,2,1.7822320230708402,0.37736470588235294,1.8037951736450195,0.3628
cifar10_frequency_resolution_grid,phase,8,6,0.0,False,,0,3,1.6448722332225127,0.4272705882352941,1.7564396405537923,0.3888
cifar10_frequency_resolution_grid,phase,8,6,0.0,False,,0,4,1.5195920022627887,0.47204705882352943,1.7238582704544068,0.39013333333333333
cifar10_frequency_resolution_grid,phase,8,6,0.0,False,,0,5,1.4045615755978753,0.5139294117647059,1.6930387696584066,0.406
cifar10_frequency_resolution_grid,phase,8,6,0.0,False,,0,6,1.2867837594649372,0.5594588235294118,1.7056308776219686,0.4125333333333333
cifar10_frequency_resolution_grid,phase,8,6,0.0,False,,0,7,1.1808560389238245,0.5991529411764706,1.7355444113413492,0.408
cifar10_frequency_resolution_grid,phase,8,6,0.0,False,,0,8,1.067366224603092,0.6428705882352941,1.7333329895655314,0.41333333333333333
cifar10_frequency_resolution_grid,phase,8,6,0.0,False,,0,9,0.950856742140826,0.6871058823529411,1.7709090637207032,0.41373333333333334
cifar10_frequency_resolution_grid,phase,8,6,0.0,False,,0,10,0.84098548931795,0.7317176470588236,1.8095527858098348,0.40853333333333336
cifar10_frequency_resolution_grid,phase,8,6,0.0,False,,0,11,0.7377399832501131,0.7696941176470589,1.8695242694218954,0.40066666666666667
cifar10_frequency_resolution_grid,phase,8,6,0.0,False,,0,12,0.640767174204658,0.8058588235294117,1.8866451654434204,0.408
cifar10_frequency_resolution_grid,phase,8,6,0.0,False,,0,13,0.5468364466050092,0.8463058823529411,1.9450571239471435,0.4089333333333333
cifar10_frequency_resolution_grid,phase,8,6,0.0,False,,0,14,0.46009475934084726,0.8785176470588235,2.029477158355713,0.4032
cifar10_frequency_resolution_grid,phase,8,6,0.0,False,,0,15,0.38630745559019203,0.9063058823529412,2.114071845372518,0.40346666666666664
cifar10_frequency_resolution_grid,phase,8,6,0.0,False,,0,16,0.3178683564522687,0.9323058823529412,2.1421848122914633,0.4050666666666667
cifar10_frequency_resolution_grid,phase,8,6,0.0,False,,0,17,0.2613687668660108,0.9503764705882353,2.2284724739074706,0.40826666666666667
cifar10_frequency_resolution_grid,phase,8,6,0.0,False,,0,18,0.20830385719818229,0.9663529411764706,2.293919654464722,0.4024
cifar10_frequency_resolution_grid,phase,8,6,0.0,False,,0,19,0.16763118931826423,0.9773411764705883,2.3918818537394206,0.392
cifar10_frequency_resolution_grid,phase,8,6,0.0,False,,0,20,0.14505308972526998,0.9817176470588236,2.436097185262044,0.3972
cifar10_frequency_resolution_grid,phase,8,6,0.0,False,,1,1,2.0169914932250976,0.2842588235294118,1.8888769008636475,0.3272
cifar10_frequency_resolution_grid,phase,8,6,0.0,False,,1,2,1.791277553883721,0.3729882352941176,1.7863114055633544,0.36293333333333333
cifar10_frequency_resolution_grid,phase,8,6,0.0,False,,1,3,1.6483730015474207,0.42505882352941177,1.7162463035583495,0.3894666666666667
cifar10_frequency_resolution_grid,phase,8,6,0.0,False,,1,4,1.5246045441122615,0.4692235294117647,1.7234171002705891,0.3852
cifar10_frequency_resolution_grid,phase,8,6,0.0,False,,1,5,1.4091745191125309,0.5141411764705882,1.6737378989537557,0.40626666666666666
cifar10_frequency_resolution_grid,phase,8,6,0.0,False,,1,6,1.2905028483671301,0.5583764705882353,1.7095456809361775,0.404
cifar10_frequency_resolution_grid,phase,8,6,0.0,False,,1,7,1.1817899487888113,0.5970117647058824,1.6665412152608237,0.41746666666666665
cifar10_frequency_resolution_grid,phase,8,6,0.0,False,,1,8,1.0677105600020464,0.6423294117647059,1.713063490931193,0.418
cifar10_frequency_resolution_grid,phase,8,6,0.0,False,,1,9,0.9550323017681346,0.6868705882352941,1.7398159947713216,0.4132
cifar10_frequency_resolution_grid,phase,8,6,0.0,False,,1,10,0.8484632867700913,0.7260705882352941,1.7460981709798178,0.42293333333333333
cifar10_frequency_resolution_grid,phase,8,6,0.0,False,,1,11,0.7416670742203207,0.7691764705882352,1.8312047308603923,0.41186666666666666
cifar10_frequency_resolution_grid,phase,8,6,0.0,False,,1,12,0.6324576572670656,0.8123294117647059,1.8482220226287842,0.4189333333333333
cifar10_frequency_resolution_grid,phase,8,6,0.0,False,,1,13,0.5341631414637846,0.8511764705882353,1.9474459274291993,0.40386666666666665
cifar10_frequency_resolution_grid,phase,8,6,0.0,False,,1,14,0.4598837693382712,0.876964705882353,1.9993843776067097,0.4024
cifar10_frequency_resolution_grid,phase,8,6,0.0,False,,1,15,0.3903940541491789,0.9048235294117647,2.047588037490845,0.4088
cifar10_frequency_resolution_grid,phase,8,6,0.0,False,,1,16,0.32857034789954914,0.9276235294117647,2.1206939774831137,0.4014666666666667
cifar10_frequency_resolution_grid,phase,8,6,0.0,False,,1,17,0.254902744418032,0.9526823529411764,2.1456052193959554,0.4096
cifar10_frequency_resolution_grid,phase,8,6,0.0,False,,1,18,0.2045515064467402,0.9680941176470588,2.240503903961182,0.40053333333333335
cifar10_frequency_resolution_grid,phase,8,6,0.0,False,,1,19,0.16827505701429704,0.9773647058823529,2.303688270187378,0.4089333333333333
cifar10_frequency_resolution_grid,phase,8,6,0.0,False,,1,20,0.13679316877337064,0.9849411764705882,2.3421960501352945,0.4072
cifar10_frequency_resolution_grid,phase,8,6,0.0,False,,2,1,2.029768022335277,0.28402352941176473,1.8942741205851237,0.3248
cifar10_frequency_resolution_grid,phase,8,6,0.0,False,,2,2,1.789356709872975,0.37571764705882355,1.7994197448094686,0.3592
cifar10_frequency_resolution_grid,phase,8,6,0.0,False,,2,3,1.655105243436028,0.42178823529411763,1.7550337769826254,0.3792
cifar10_frequency_resolution_grid,phase,8,6,0.0,False,,2,4,1.5375428935107063,0.46392941176470587,1.7082270004908244,0.39293333333333336
cifar10_frequency_resolution_grid,phase,8,6,0.0,False,,2,5,1.4259666573917165,0.5077647058823529,1.6996046575546264,0.3984
cifar10_frequency_resolution_grid,phase,8,6,0.0,False,,2,6,1.3125436669854558,0.5488235294117647,1.673830158996582,0.4184
cifar10_frequency_resolution_grid,phase,8,6,0.0,False,,2,7,1.2005783582014196,0.5925176470588235,1.6969549745559693,0.4076
cifar10_frequency_resolution_grid,phase,8,6,0.0,False,,2,8,1.079747104515749,0.6392235294117647,1.7033232096354167,0.4104
cifar10_frequency_resolution_grid,phase,8,6,0.0,False,,2,9,0.9678328355172101,0.6807529411764706,1.739333077176412,0.4184
cifar10_frequency_resolution_grid,phase,8,6,0.0,False,,2,10,0.86231696192517,0.7217882352941176,1.7739621625264486,0.4166666666666667
cifar10_frequency_resolution_grid,phase,8,6,0.0,False,,2,11,0.7487966767815982,0.7689882352941176,1.8380867568333943,0.4108
cifar10_frequency_resolution_grid,phase,8,6,0.0,False,,2,12,0.6539785344853121,0.8023529411764706,1.8842429032007852,0.40586666666666665
cifar10_frequency_resolution_grid,phase,8,6,0.0,False,,2,13,0.56138100790136,0.8380470588235294,1.9358750738143922,0.4068
cifar10_frequency_resolution_grid,phase,8,6,0.0,False,,2,14,0.474965215178097,0.8716705882352941,2.0130409103393556,0.4050666666666667
cifar10_frequency_resolution_grid,phase,8,6,0.0,False,,2,15,0.41361485719680785,0.8951529411764706,2.0683151098887125,0.4076
cifar10_frequency_resolution_grid,phase,8,6,0.0,False,,2,16,0.32747300948535696,0.9289411764705883,2.1391805587768555,0.4010666666666667
cifar10_frequency_resolution_grid,phase,8,6,0.0,False,,2,17,0.27995279710433063,0.9428470588235294,2.3335929014841716,0.3932
cifar10_frequency_resolution_grid,phase,8,6,0.0,False,,2,18,0.2512735544765697,0.949435294117647,2.247215612411499,0.40173333333333333
cifar10_frequency_resolution_grid,phase,8,6,0.0,False,,2,19,0.19028134215158574,0.9708235294117648,2.327523151779175,0.3954666666666667
cifar10_frequency_resolution_grid,phase,8,6,0.0,False,,2,20,0.1479261580018436,0.9813882352941177,2.370149455388387,0.4024
cifar10_frequency_resolution_grid,phase,8,8,0.0,False,,0,1,2.066445539485707,0.2721882352941176,1.961684622891744,0.3004
cifar10_frequency_resolution_grid,phase,8,8,0.0,False,,0,2,1.8247191055297851,0.3628705882352941,1.8312648289998372,0.3512
cifar10_frequency_resolution_grid,phase,8,8,0.0,False,,0,3,1.7008290188957662,0.40705882352941175,1.7683975927352906,0.3761333333333333
cifar10_frequency_resolution_grid,phase,8,8,0.0,False,,0,4,1.5722045101726756,0.4544235294117647,1.717880802599589,0.40066666666666667
cifar10_frequency_resolution_grid,phase,8,8,0.0,False,,0,5,1.4537717024186079,0.4980941176470588,1.687948805363973,0.4090666666666667
cifar10_frequency_resolution_grid,phase,8,8,0.0,False,,0,6,1.3389463517806108,0.5393882352941176,1.7145343339920045,0.40826666666666667
cifar10_frequency_resolution_grid,phase,8,8,0.0,False,,0,7,1.2353336036457736,0.5772470588235294,1.7179384537378948,0.4129333333333333
cifar10_frequency_resolution_grid,phase,8,8,0.0,False,,0,8,1.1193955215790692,0.6189882352941176,1.7373820147832235,0.4104
cifar10_frequency_resolution_grid,phase,8,8,0.0,False,,0,9,1.0087581768933465,0.6614588235294118,1.7900275468826294,0.40786666666666666
cifar10_frequency_resolution_grid,phase,8,8,0.0,False,,0,10,0.8855423985312967,0.7136941176470588,1.8155162616729736,0.4090666666666667
cifar10_frequency_resolution_grid,phase,8,8,0.0,False,,0,11,0.7775341906715841,0.7510117647058824,1.84956313234965,0.41506666666666664
cifar10_frequency_resolution_grid,phase,8,8,0.0,False,,0,12,0.6653785052579992,0.7952941176470588,1.8977650837580362,0.41346666666666665
cifar10_frequency_resolution_grid,phase,8,8,0.0,False,,0,13,0.5732859764099121,0.8308470588235294,1.9705264549891155,0.40426666666666666
cifar10_frequency_resolution_grid,phase,8,8,0.0,False,,0,14,0.47214123587327844,0.8693647058823529,2.0351499075571695,0.40546666666666664
cifar10_frequency_resolution_grid,phase,8,8,0.0,False,,0,15,0.3883575729089625,0.9002588235294118,2.1261349608103433,0.4032
cifar10_frequency_resolution_grid,phase,8,8,0.0,False,,0,16,0.3194184061022366,0.9251058823529412,2.178756073888143,0.408
cifar10_frequency_resolution_grid,phase,8,8,0.0,False,,0,17,0.25058983043221866,0.9498352941176471,2.304526051076253,0.40066666666666667
cifar10_frequency_resolution_grid,phase,8,8,0.0,False,,0,18,0.22001804144522724,0.9569411764705882,2.3226012528737385,0.4046666666666667
cifar10_frequency_resolution_grid,phase,8,8,0.0,False,,0,19,0.16008832767430473,0.9761882352941177,2.4428565452575683,0.40026666666666666
cifar10_frequency_resolution_grid,phase,8,8,0.0,False,,0,20,0.14295954703302943,0.9791764705882353,2.482164113108317,0.4030666666666667
cifar10_frequency_resolution_grid,phase,8,8,0.0,False,,1,1,2.056066099570779,0.2740235294117647,1.916617176691691,0.31853333333333333
cifar10_frequency_resolution_grid,phase,8,8,0.0,False,,1,2,1.8343391652275534,0.35670588235294115,1.8209986489613852,0.3542666666666667
cifar10_frequency_resolution_grid,phase,8,8,0.0,False,,1,3,1.7070897403941434,0.4067058823529412,1.7520870895385743,0.3784
cifar10_frequency_resolution_grid,phase,8,8,0.0,False,,1,4,1.5877733950110042,0.4481411764705882,1.7209218460083007,0.39226666666666665
cifar10_frequency_resolution_grid,phase,8,8,0.0,False,,1,5,1.4745212165608126,0.49018823529411765,1.676811240450541,0.4084
cifar10_frequency_resolution_grid,phase,8,8,0.0,False,,1,6,1.3555134972291834,0.5348,1.6734402320226034,0.4222666666666667
cifar10_frequency_resolution_grid,phase,8,8,0.0,False,,1,7,1.2459442440818338,0.5737411764705882,1.6793816125869752,0.41546666666666665
cifar10_frequency_resolution_grid,phase,8,8,0.0,False,,1,8,1.1300508762471817,0.6183529411764705,1.7049077131907144,0.4225333333333333
cifar10_frequency_resolution_grid,phase,8,8,0.0,False,,1,9,1.0077236311744242,0.6660470588235294,1.7448673374811807,0.41746666666666665
cifar10_frequency_resolution_grid,phase,8,8,0.0,False,,1,10,0.8934070612458622,0.7099294117647059,1.7505868879318238,0.4244
cifar10_frequency_resolution_grid,phase,8,8,0.0,False,,1,11,0.7747038631214815,0.7550588235294118,1.8233151957194011,0.4252
cifar10_frequency_resolution_grid,phase,8,8,0.0,False,,1,12,0.6600970567401717,0.798,1.8683662845611573,0.424
cifar10_frequency_resolution_grid,phase,8,8,0.0,False,,1,13,0.5522352627249325,0.8407058823529412,1.9361463397343954,0.4184
cifar10_frequency_resolution_grid,phase,8,8,0.0,False,,1,14,0.4695133103875553,0.8703294117647059,2.028383212916056,0.41413333333333335
cifar10_frequency_resolution_grid,phase,8,8,0.0,False,,1,15,0.3980488354739021,0.8959058823529412,2.074761311721802,0.4109333333333333
cifar10_frequency_resolution_grid,phase,8,8,0.0,False,,1,16,0.31384568584666533,0.9279764705882353,2.15793071269989,0.408
cifar10_frequency_resolution_grid,phase,8,8,0.0,False,,1,17,0.27280813126844516,0.9400705882352941,2.2285119003295897,0.412
cifar10_frequency_resolution_grid,phase,8,8,0.0,False,,1,18,0.1955338565826416,0.9677882352941176,2.2924588543574016,0.40946666666666665
cifar10_frequency_resolution_grid,phase,8,8,0.0,False,,1,19,0.1642365123559447,0.9737411764705882,2.360271732521057,0.40853333333333336
cifar10_frequency_resolution_grid,phase,8,8,0.0,False,,1,20,0.12796319704967388,0.9851058823529412,2.4441101357777915,0.41146666666666665
cifar10_frequency_resolution_grid,phase,8,8,0.0,False,,2,1,2.068009424232034,0.2741647058823529,1.924854726409912,0.31333333333333335
cifar10_frequency_resolution_grid,phase,8,8,0.0,False,,2,2,1.8266205314860624,0.36225882352941174,1.8247358821868898,0.3628
cifar10_frequency_resolution_grid,phase,8,8,0.0,False,,2,3,1.7036428326550652,0.40538823529411766,1.7699477154413858,0.3722666666666667
cifar10_frequency_resolution_grid,phase,8,8,0.0,False,,2,4,1.5885377123215618,0.4479529411764706,1.7118475993474325,0.3956
cifar10_frequency_resolution_grid,phase,8,8,0.0,False,,2,5,1.479427404762717,0.4879764705882353,1.7160883237202962,0.4013333333333333
cifar10_frequency_resolution_grid,phase,8,8,0.0,False,,2,6,1.3670233297909007,0.5286117647058823,1.6659048864364625,0.41733333333333333
cifar10_frequency_resolution_grid,phase,8,8,0.0,False,,2,7,1.2588902238060447,0.5683529411764706,1.702982167816162,0.41386666666666666
cifar10_frequency_resolution_grid,phase,8,8,0.0,False,,2,8,1.1361026304974275,0.6153411764705883,1.697920178159078,0.4212
cifar10_frequency_resolution_grid,phase,8,8,0.0,False,,2,9,1.0208070667715634,0.6608705882352941,1.7458499244689942,0.4176
cifar10_frequency_resolution_grid,phase,8,8,0.0,False,,2,10,0.9073934921320747,0.7012470588235294,1.7679235109329223,0.4186666666666667
cifar10_frequency_resolution_grid,phase,8,8,0.0,False,,2,11,0.7824387562246884,0.7523294117647059,1.820171971130371,0.42346666666666666
cifar10_frequency_resolution_grid,phase,8,8,0.0,False,,2,12,0.6805844757248374,0.7911529411764706,1.8769048639297485,0.414
cifar10_frequency_resolution_grid,phase,8,8,0.0,False,,2,13,0.570364716444296,0.8322823529411765,1.9318651163101197,0.4168
cifar10_frequency_resolution_grid,phase,8,8,0.0,False,,2,14,0.4743890713186825,0.8686117647058823,2.0152180329640705,0.41226666666666667
cifar10_frequency_resolution_grid,phase,8,8,0.0,False,,2,15,0.39648234809987687,0.8962117647058824,2.066663281885783,0.41
cifar10_frequency_resolution_grid,phase,8,8,0.0,False,,2,16,0.31678590317333444,0.9270823529411765,2.141808484522502,0.41213333333333335
cifar10_frequency_resolution_grid,phase,8,8,0.0,False,,2,17,0.25727571621221657,0.9474588235294118,2.2330416308085126,0.3993333333333333
cifar10_frequency_resolution_grid,phase,8,8,0.0,False,,2,18,0.2035184104723089,0.9637882352941176,2.3099175952911377,0.40853333333333336
cifar10_frequency_resolution_grid,phase,8,8,0.0,False,,2,19,0.17088577771327074,0.9727294117647058,2.3782869678497316,0.4050666666666667
cifar10_frequency_resolution_grid,phase,8,8,0.0,False,,2,20,0.14408731712348322,0.9786117647058824,2.466251866531372,0.39853333333333335
cifar10_frequency_resolution_grid,phase,8,12,0.0,False,,0,1,2.118016601371765,0.2564235294117647,2.019726538848877,0.2788
cifar10_frequency_resolution_grid,phase,8,12,0.0,False,,0,2,1.8761510483236874,0.3462352941176471,1.8489466739018758,0.3528
cifar10_frequency_resolution_grid,phase,8,12,0.0,False,,0,3,1.7205707313930287,0.4015764705882353,1.7714775945663452,0.3768
cifar10_frequency_resolution_grid,phase,8,12,0.0,False,,0,4,1.5970372353722067,0.4464705882352941,1.7424667905807496,0.38066666666666665
cifar10_frequency_resolution_grid,phase,8,12,0.0,False,,0,5,1.480634249687195,0.4864,1.7105987260182698,0.4033333333333333
cifar10_frequency_resolution_grid,phase,8,12,0.0,False,,0,6,1.3647560461380903,0.5292705882352942,1.7289861957550048,0.40453333333333336
cifar10_frequency_resolution_grid,phase,8,12,0.0,False,,0,7,1.2540451957253849,0.5666588235294118,1.745824377123515,0.4116
cifar10_frequency_resolution_grid,phase,8,12,0.0,False,,0,8,1.1308456232407513,0.614,1.7920708314259848,0.3984
cifar10_frequency_resolution_grid,phase,8,12,0.0,False,,0,9,1.0063771954255945,0.6615529411764706,1.8575441935857138,0.4012
cifar10_frequency_resolution_grid,phase,8,12,0.0,False,,0,10,0.8726046957913567,0.7137176470588236,1.9237168784459433,0.39466666666666667
cifar10_frequency_resolution_grid,phase,8,12,0.0,False,,0,11,0.7444341598398545,0.7595764705882353,2.006740452194214,0.38893333333333335
cifar10_frequency_resolution_grid,phase,8,12,0.0,False,,0,12,0.6308875023954055,0.8023529411764706,2.0641181391398113,0.3893333333333333
cifar10_frequency_resolution_grid,phase,8,12,0.0,False,,0,13,0.5131240197462195,0.848635294117647,2.1732837964375813,0.3848
cifar10_frequency_resolution_grid,phase,8,12,0.0,False,,0,14,0.42223124183205996,0.8800235294117648,2.2577994923909506,0.3913333333333333
cifar10_frequency_resolution_grid,phase,8,12,0.0,False,,0,15,0.3315211248180446,0.9138352941176471,2.36212681388855,0.3894666666666667
cifar10_frequency_resolution_grid,phase,8,12,0.0,False,,0,16,0.2518702629552168,0.9439529411764706,2.499473873647054,0.37653333333333333
cifar10_frequency_resolution_grid,phase,8,12,0.0,False,,0,17,0.19926223400901347,0.9608470588235294,2.6108180042266844,0.3762666666666667
cifar10_frequency_resolution_grid,phase,8,12,0.0,False,,0,18,0.1645190870032591,0.9705882352941176,2.697434664026896,0.378
cifar10_frequency_resolution_grid,phase,8,12,0.0,False,,0,19,0.1240077840247575,0.9812470588235294,2.770896121342977,0.38533333333333336
cifar10_frequency_resolution_grid,phase,8,12,0.0,False,,0,20,0.08885584908092724,0.9899764705882353,2.9325420777638755,0.3821333333333333
cifar10_frequency_resolution_grid,phase,8,12,0.0,False,,1,1,2.1097000649171718,0.2583764705882353,1.9840046112060548,0.29946666666666666
cifar10_frequency_resolution_grid,phase,8,12,0.0,False,,1,2,1.8809079553716324,0.3406588235294118,1.850571208445231,0.3505333333333333
cifar10_frequency_resolution_grid,phase,8,12,0.0,False,,1,3,1.719426530456543,0.3997411764705882,1.7610337927500408,0.3772
cifar10_frequency_resolution_grid,phase,8,12,0.0,False,,1,4,1.6018112471636603,0.44183529411764705,1.7430709046681723,0.38613333333333333
cifar10_frequency_resolution_grid,phase,8,12,0.0,False,,1,5,1.4878147082777584,0.48301176470588236,1.706137835566203,0.3956
cifar10_frequency_resolution_grid,phase,8,12,0.0,False,,1,6,1.3688499791425817,0.5283294117647059,1.7182114767074586,0.4076
cifar10_frequency_resolution_grid,phase,8,12,0.0,False,,1,7,1.2530456319247976,0.5689176470588235,1.736790576616923,0.4044
cifar10_frequency_resolution_grid,phase,8,12,0.0,False,,1,8,1.1276950709847844,0.6148235294117647,1.7933746250788372,0.4032
cifar10_frequency_resolution_grid,phase,8,12,0.0,False,,1,9,1.003710860779706,0.6613411764705882,1.8184600807189941,0.41226666666666667
cifar10_frequency_resolution_grid,phase,8,12,0.0,False,,1,10,0.8742049642562866,0.7098117647058824,1.8582460324605306,0.4110666666666667
cifar10_frequency_resolution_grid,phase,8,12,0.0,False,,1,11,0.7422407423987109,0.7600705882352942,1.976845281346639,0.40186666666666665
cifar10_frequency_resolution_grid,phase,8,12,0.0,False,,1,12,0.6203558033157798,0.8072705882352941,2.0407828169504802,0.39613333333333334
cifar10_frequency_resolution_grid,phase,8,12,0.0,False,,1,13,0.5099637214885039,0.8484705882352941,2.089960269673665,0.40386666666666665
cifar10_frequency_resolution_grid,phase,8,12,0.0,False,,1,14,0.4186937467070187,0.8816941176470589,2.25956209081014,0.39066666666666666
cifar10_frequency_resolution_grid,phase,8,12,0.0,False,,1,15,0.34754322466569787,0.9077647058823529,2.2776506797790526,0.40053333333333335
cifar10_frequency_resolution_grid,phase,8,12,0.0,False,,1,16,0.2576102372674381,0.9401176470588235,2.3936540534973143,0.3896
cifar10_frequency_resolution_grid,phase,8,12,0.0,False,,1,17,0.1962542282216689,0.9602352941176471,2.4799100381215413,0.4004
cifar10_frequency_resolution_grid,phase,8,12,0.0,False,,1,18,0.14416172677769382,0.9773411764705883,2.5988616949717205,0.39666666666666667
cifar10_frequency_resolution_grid,phase,8,12,0.0,False,,1,19,0.12730526656824,0.9791058823529412,2.6814004718780517,0.3956
cifar10_frequency_resolution_grid,phase,8,12,0.0,False,,1,20,0.11127815344263525,0.9821176470588235,2.8112439544677734,0.39386666666666664
cifar10_frequency_resolution_grid,phase,8,12,0.0,False,,2,1,2.116022885939654,0.25945882352941174,1.9810865208943684,0.2968
cifar10_frequency_resolution_grid,phase,8,12,0.0,False,,2,2,1.8648723246406107,0.35157647058823527,1.845411236635844,0.3453333333333333
cifar10_frequency_resolution_grid,phase,8,12,0.0,False,,2,3,1.7098512390585507,0.4022823529411765,1.7723025030136108,0.3698666666666667
cifar10_frequency_resolution_grid,phase,8,12,0.0,False,,2,4,1.5958839073181152,0.4450823529411765,1.7412077819824219,0.3824
cifar10_frequency_resolution_grid,phase,8,12,0.0,False,,2,5,1.4918305084677304,0.48308235294117646,1.7435090902964274,0.38893333333333335
cifar10_frequency_resolution_grid,phase,8,12,0.0,False,,2,6,1.3780197525697595,0.5245647058823529,1.7004300509770711,0.4068
cifar10_frequency_resolution_grid,phase,8,12,0.0,False,,2,7,1.2642364579256844,0.5639764705882353,1.7427191626230876,0.3994666666666667
cifar10_frequency_resolution_grid,phase,8,12,0.0,False,,2,8,1.1310497591776005,0.6140235294117647,1.730372180302938,0.41346666666666665
cifar10_frequency_resolution_grid,phase,8,12,0.0,False,,2,9,1.0039359727298511,0.6620941176470588,1.7913385168075562,0.4108
cifar10_frequency_resolution_grid,phase,8,12,0.0,False,,2,10,0.8819410612695358,0.7050823529411765,1.8679648309707642,0.4066666666666667
cifar10_frequency_resolution_grid,phase,8,12,0.0,False,,2,11,0.7480585773131426,0.7591764705882353,1.9220054628372192,0.4052
cifar10_frequency_resolution_grid,phase,8,12,0.0,False,,2,12,0.6308456740715924,0.8035529411764706,2.0492042385101317,0.38906666666666667
cifar10_frequency_resolution_grid,phase,8,12,0.0,False,,2,13,0.5209401998379651,0.842964705882353,2.0880305572509767,0.4012
cifar10_frequency_resolution_grid,phase,8,12,0.0,False,,2,14,0.41375229245354145,0.8857176470588235,2.2470009408315024,0.3954666666666667
cifar10_frequency_resolution_grid,phase,8,12,0.0,False,,2,15,0.33823986496364367,0.9101176470588235,2.3193530302683514,0.39226666666666665
cifar10_frequency_resolution_grid,phase,8,12,0.0,False,,2,16,0.2544532232060152,0.942,2.45577645556132,0.3864
cifar10_frequency_resolution_grid,phase,8,12,0.0,False,,2,17,0.21614868512153626,0.9534588235294118,2.5750185371398926,0.38493333333333335
cifar10_frequency_resolution_grid,phase,8,12,0.0,False,,2,18,0.16221671069509844,0.968964705882353,2.5940090129852296,0.38666666666666666
cifar10_frequency_resolution_grid,phase,8,12,0.0,False,,2,19,0.11803358966322507,0.9839294117647058,2.7001967086791994,0.3884
cifar10_frequency_resolution_grid,phase,8,12,0.0,False,,2,20,0.09266940310141619,0.9883294117647059,2.7891050548553467,0.394
cifar10_frequency_resolution_grid,phase,8,16,0.0,False,,0,1,2.1235232220369227,0.2484941176470588,2.039421674219767,0.2676
cifar10_frequency_resolution_grid,phase,8,16,0.0,False,,0,2,1.9027313518299775,0.33496470588235294,1.8521652887980142,0.3466666666666667
cifar10_frequency_resolution_grid,phase,8,16,0.0,False,,0,3,1.7415435157439287,0.39235294117647057,1.8162752660751342,0.36666666666666664
cifar10_frequency_resolution_grid,phase,8,16,0.0,False,,0,4,1.6218483012928682,0.4371058823529412,1.791274137878418,0.36893333333333334
cifar10_frequency_resolution_grid,phase,8,16,0.0,False,,0,5,1.5072984978956334,0.4784705882352941,1.7846706467310587,0.384
cifar10_frequency_resolution_grid,phase,8,16,0.0,False,,0,6,1.390234445369945,0.5224470588235294,1.8499169561386108,0.3736
cifar10_frequency_resolution_grid,phase,8,16,0.0,False,,0,7,1.2726829610039205,0.5631764705882353,1.8906638083140055,0.37706666666666666
cifar10_frequency_resolution_grid,phase,8,16,0.0,False,,0,8,1.1304561986586628,0.618,1.97039326616923,0.35946666666666666
cifar10_frequency_resolution_grid,phase,8,16,0.0,False,,0,9,0.9875218625012566,0.6679529411764706,2.037340786870321,0.3596
cifar10_frequency_resolution_grid,phase,8,16,0.0,False,,0,10,0.8311486169871162,0.7270823529411765,2.1262691527048747,0.3622666666666667
cifar10_frequency_resolution_grid,phase,8,16,0.0,False,,0,11,0.6926158635027269,0.7794117647058824,2.247441780344645,0.356
cifar10_frequency_resolution_grid,phase,8,16,0.0,False,,0,12,0.5566751982688903,0.8311058823529411,2.35472989209493,0.3604
cifar10_frequency_resolution_grid,phase,8,16,0.0,False,,0,13,0.44074868650997384,0.8728235294117647,2.5238536631266277,0.35186666666666666
cifar10_frequency_resolution_grid,phase,8,16,0.0,False,,0,14,0.3423802327268264,0.9075764705882353,2.6259422445933023,0.35133333333333333
cifar10_frequency_resolution_grid,phase,8,16,0.0,False,,0,15,0.25399085085251755,0.9389882352941177,2.794654628245036,0.35546666666666665
cifar10_frequency_resolution_grid,phase,8,16,0.0,False,,0,16,0.19364392049873577,0.9585411764705882,2.890756387201945,0.34933333333333333
cifar10_frequency_resolution_grid,phase,8,16,0.0,False,,0,17,0.14345444028938517,0.9741176470588235,3.00672571627299,0.35133333333333333
cifar10_frequency_resolution_grid,phase,8,16,0.0,False,,0,18,0.10633114907741546,0.9832235294117647,3.170313516108195,0.3529333333333333
cifar10_frequency_resolution_grid,phase,8,16,0.0,False,,0,19,0.09833153117123772,0.9836470588235294,3.2732941078186033,0.3516
cifar10_frequency_resolution_grid,phase,8,16,0.0,False,,0,20,0.06471982085774927,0.993035294117647,3.3350079064687095,0.3525333333333333
cifar10_frequency_resolution_grid,phase,8,16,0.0,False,,1,1,2.1199571092269,0.24931764705882353,2.0428696952819823,0.2864
cifar10_frequency_resolution_grid,phase,8,16,0.0,False,,1,2,1.8992007691888249,0.33788235294117647,1.8715087206522625,0.3413333333333333
cifar10_frequency_resolution_grid,phase,8,16,0.0,False,,1,3,1.7415799959294935,0.39329411764705885,1.801732390467326,0.3621333333333333
cifar10_frequency_resolution_grid,phase,8,16,0.0,False,,1,4,1.6221937218048994,0.43576470588235294,1.7873553776423137,0.37466666666666665
cifar10_frequency_resolution_grid,phase,8,16,0.0,False,,1,5,1.5041645153382246,0.47938823529411767,1.7923725485483806,0.3774666666666667
cifar10_frequency_resolution_grid,phase,8,16,0.0,False,,1,6,1.3789244121214923,0.5254352941176471,1.8165120295206705,0.3808
cifar10_frequency_resolution_grid,phase,8,16,0.0,False,,1,7,1.2534421370337991,0.5698117647058824,1.8796718015670777,0.3798666666666667
cifar10_frequency_resolution_grid,phase,8,16,0.0,False,,1,8,1.1248408414279714,0.6179764705882353,1.9519583031336467,0.3796
cifar10_frequency_resolution_grid,phase,8,16,0.0,False,,1,9,0.9833817510268268,0.6725411764705882,2.0124975605010986,0.3768
cifar10_frequency_resolution_grid,phase,8,16,0.0,False,,1,10,0.8328770615830141,0.7263529411764705,2.1083497386932373,0.3817333333333333
cifar10_frequency_resolution_grid,phase,8,16,0.0,False,,1,11,0.6902583453374751,0.7804235294117647,2.240372511545817,0.3645333333333333
cifar10_frequency_resolution_grid,phase,8,16,0.0,False,,1,12,0.5581926628281089,0.8290588235294117,2.3548938835144044,0.3698666666666667
cifar10_frequency_resolution_grid,phase,8,16,0.0,False,,1,13,0.43821025577993955,0.8732470588235294,2.4623177492777506,0.3684
cifar10_frequency_resolution_grid,phase,8,16,0.0,False,,1,14,0.3575093200964086,0.9001411764705882,2.635282276916504,0.362
cifar10_frequency_resolution_grid,phase,8,16,0.0,False,,1,15,0.2800623312837937,0.928564705882353,2.7283945863087973,0.368
cifar10_frequency_resolution_grid,phase,8,16,0.0,False,,1,16,0.19637129220962524,0.9587294117647058,2.883199243927002,0.3544
cifar10_frequency_resolution_grid,phase,8,16,0.0,False,,1,17,0.15352365233196932,0.9704941176470588,2.956461778640747,0.36773333333333336
cifar10_frequency_resolution_grid,phase,8,16,0.0,False,,1,18,0.11902439873358783,0.9799058823529412,3.0973801480611165,0.3664
cifar10_frequency_resolution_grid,phase,8,16,0.0,False,,1,19,0.09824388114424312,0.9843058823529411,3.214779369099935,0.36013333333333336
cifar10_frequency_resolution_grid,phase,8,16,0.0,False,,1,20,0.06535666014797548,0.9933176470588235,3.2910821495056153,0.3665333333333333
cifar10_frequency_resolution_grid,phase,8,16,0.0,False,,2,1,2.1203701072468477,0.25228235294117646,2.0315886168162027,0.27573333333333333
cifar10_frequency_resolution_grid,phase,8,16,0.0,False,,2,2,1.9063562268874223,0.3391529411764706,1.8780330239613852,0.34253333333333336
cifar10_frequency_resolution_grid,phase,8,16,0.0,False,,2,3,1.736106933739606,0.3947294117647059,1.8347606704711914,0.3512
cifar10_frequency_resolution_grid,phase,8,16,0.0,False,,2,4,1.6221427566528321,0.4371764705882353,1.8068863063176472,0.35986666666666667
cifar10_frequency_resolution_grid,phase,8,16,0.0,False,,2,5,1.5182959274516385,0.47414117647058823,1.823625290997823,0.3606666666666667
cifar10_frequency_resolution_grid,phase,8,16,0.0,False,,2,6,1.396220283687816,0.5196705882352941,1.835925039100647,0.37653333333333333
cifar10_frequency_resolution_grid,phase,8,16,0.0,False,,2,7,1.2703224512997795,0.5676941176470588,1.919166795094808,0.3658666666666667
cifar10_frequency_resolution_grid,phase,8,16,0.0,False,,2,8,1.1267734705953036,0.6185882352941177,1.944328485616048,0.36506666666666665
cifar10_frequency_resolution_grid,phase,8,16,0.0,False,,2,9,0.9754002687117632,0.6763764705882352,2.05553004989624,0.36186666666666667
cifar10_frequency_resolution_grid,phase,8,16,0.0,False,,2,10,0.8425882190311657,0.7244470588235294,2.133499347305298,0.35733333333333334
cifar10_frequency_resolution_grid,phase,8,16,0.0,False,,2,11,0.6948514997370103,0.7772705882352942,2.244048471705119,0.3526666666666667
cifar10_frequency_resolution_grid,phase,8,16,0.0,False,,2,12,0.5610012529934154,0.8281882352941177,2.374673767852783,0.3426666666666667
cifar10_frequency_resolution_grid,phase,8,16,0.0,False,,2,13,0.4579146630097838,0.864,2.496822914505005,0.35706666666666664
cifar10_frequency_resolution_grid,phase,8,16,0.0,False,,2,14,0.34042181970652413,0.9093176470588236,2.6550562285105386,0.34053333333333335
cifar10_frequency_resolution_grid,phase,8,16,0.0,False,,2,15,0.2734305806244121,0.9309882352941177,2.7795092070261638,0.34453333333333336
cifar10_frequency_resolution_grid,phase,8,16,0.0,False,,2,16,0.21541416691331303,0.9496941176470588,2.8564442302703856,0.3473333333333333
cifar10_frequency_resolution_grid,phase,8,16,0.0,False,,2,17,0.15288876230015475,0.9714588235294118,2.9941415337880453,0.34626666666666667
cifar10_frequency_resolution_grid,phase,8,16,0.0,False,,2,18,0.10751476772532743,0.9848941176470588,3.1286535870869954,0.342
cifar10_frequency_resolution_grid,phase,8,16,0.0,False,,2,19,0.09711034382897264,0.9851294117647059,3.19595843073527,0.3449333333333333
cifar10_frequency_resolution_grid,phase,8,16,0.0,False,,2,20,0.06644176141409312,0.9925411764705883,3.380745588684082,0.34213333333333334
cifar10_frequency_resolution_grid,phase,12,4,0.0,False,,0,1,1.9779509531582102,0.3000235294117647,1.8723428303400675,0.33786666666666665
cifar10_frequency_resolution_grid,phase,12,4,0.0,False,,0,2,1.76064421525843,0.384,1.775422304280599,0.37506666666666666
cifar10_frequency_resolution_grid,phase,12,4,0.0,False,,0,3,1.6427279949861415,0.4259529411764706,1.7250455773035684,0.39013333333333333
cifar10_frequency_resolution_grid,phase,12,4,0.0,False,,0,4,1.5382709433387307,0.46461176470588234,1.6983564785003662,0.4029333333333333
cifar10_frequency_resolution_grid,phase,12,4,0.0,False,,0,5,1.4427371456819422,0.49974117647058824,1.6704784614562989,0.4126666666666667
cifar10_frequency_resolution_grid,phase,12,4,0.0,False,,0,6,1.350801282080482,0.5347764705882353,1.6820205808003743,0.4145333333333333
cifar10_frequency_resolution_grid,phase,12,4,0.0,False,,0,7,1.2671308529348935,0.5675764705882353,1.6685213024139405,0.42106666666666664
cifar10_frequency_resolution_grid,phase,12,4,0.0,False,,0,8,1.1772886680603027,0.6006823529411764,1.6870346764246622,0.41546666666666665
cifar10_frequency_resolution_grid,phase,12,4,0.0,False,,0,9,1.0978768274419448,0.6315294117647059,1.7108722710291544,0.42173333333333335
cifar10_frequency_resolution_grid,phase,12,4,0.0,False,,0,10,1.0085053542642033,0.6688,1.7334155524571737,0.40986666666666666
cifar10_frequency_resolution_grid,phase,12,4,0.0,False,,0,11,0.9330432035446167,0.6971294117647059,1.7697537604649862,0.40986666666666666
cifar10_frequency_resolution_grid,phase,12,4,0.0,False,,0,12,0.8590463665457333,0.7283529411764705,1.7412676798502604,0.424
cifar10_frequency_resolution_grid,phase,12,4,0.0,False,,0,13,0.7699876058129703,0.7626823529411765,1.7766472841262817,0.4205333333333333
cifar10_frequency_resolution_grid,phase,12,4,0.0,False,,0,14,0.6982778246711282,0.7890588235294118,1.810554575030009,0.41613333333333336
cifar10_frequency_resolution_grid,phase,12,4,0.0,False,,0,15,0.6330075068249422,0.8151529411764706,1.8833522298812866,0.4052
cifar10_frequency_resolution_grid,phase,12,4,0.0,False,,0,16,0.5620508735179901,0.8432941176470589,1.9011343439102173,0.40973333333333334
cifar10_frequency_resolution_grid,phase,12,4,0.0,False,,0,17,0.4962131198995254,0.868164705882353,1.979928236325582,0.40573333333333333
cifar10_frequency_resolution_grid,phase,12,4,0.0,False,,0,18,0.4432625449180603,0.8856470588235295,2.0160635374704996,0.4073333333333333
cifar10_frequency_resolution_grid,phase,12,4,0.0,False,,0,19,0.39462860032530395,0.9037411764705883,2.042569894854228,0.41013333333333335
cifar10_frequency_resolution_grid,phase,12,4,0.0,False,,0,20,0.3459314936736051,0.9218117647058823,2.0591014870325726,0.4109333333333333
cifar10_frequency_resolution_grid,phase,12,4,0.0,False,,1,1,1.9893472344791188,0.2953647058823529,1.837389249865214,0.344
cifar10_frequency_resolution_grid,phase,12,4,0.0,False,,1,2,1.769215952278586,0.38072941176470587,1.7423466796239218,0.38026666666666664
cifar10_frequency_resolution_grid,phase,12,4,0.0,False,,1,3,1.6408340770945828,0.4288235294117647,1.689177440961202,0.40773333333333334
cifar10_frequency_resolution_grid,phase,12,4,0.0,False,,1,4,1.541971419323192,0.4667058823529412,1.6958034463882445,0.3932
cifar10_frequency_resolution_grid,phase,12,4,0.0,False,,1,5,1.4444009608437034,0.4996235294117647,1.6479101402282714,0.41773333333333335
cifar10_frequency_resolution_grid,phase,12,4,0.0,False,,1,6,1.3534744345160092,0.5361882352941176,1.6569395139058432,0.4192
cifar10_frequency_resolution_grid,phase,12,4,0.0,False,,1,7,1.2748955023260677,0.5656705882352941,1.6270134160995484,0.43093333333333333
cifar10_frequency_resolution_grid,phase,12,4,0.0,False,,1,8,1.1773940552879782,0.6016941176470588,1.6677578917185465,0.424
cifar10_frequency_resolution_grid,phase,12,4,0.0,False,,1,9,1.1069537155936746,0.6294823529411765,1.6510592004776001,0.432
cifar10_frequency_resolution_grid,phase,12,4,0.0,False,,1,10,1.0135189877005184,0.6682117647058824,1.6718916604359946,0.4262666666666667
cifar10_frequency_resolution_grid,phase,12,4,0.0,False,,1,11,0.9480121985126944,0.691364705882353,1.696604464594523,0.4256
cifar10_frequency_resolution_grid,phase,12,4,0.0,False,,1,12,0.848650703940672,0.7325176470588235,1.7533010686238606,0.4145333333333333
cifar10_frequency_resolution_grid,phase,12,4,0.0,False,,1,13,0.7733509799732882,0.7619764705882353,1.789678698984782,0.4136
cifar10_frequency_resolution_grid,phase,12,4,0.0,False,,1,14,0.7105402942881864,0.7878588235294117,1.8172676648457846,0.4109333333333333
cifar10_frequency_resolution_grid,phase,12,4,0.0,False,,1,15,0.6426693855566137,0.8131764705882353,1.8562277680714925,0.41186666666666666
cifar10_frequency_resolution_grid,phase,12,4,0.0,False,,1,16,0.5800573461588692,0.8349882352941177,1.854101966603597,0.4162666666666667
cifar10_frequency_resolution_grid,phase,12,4,0.0,False,,1,17,0.5132090707358192,0.8619764705882353,1.8929044808705648,0.41026666666666667
cifar10_frequency_resolution_grid,phase,12,4,0.0,False,,1,18,0.4531114969141343,0.8821882352941176,1.955573340733846,0.41333333333333333
cifar10_frequency_resolution_grid,phase,12,4,0.0,False,,1,19,0.4035609071787666,0.9009647058823529,1.965872757212321,0.41413333333333335
cifar10_frequency_resolution_grid,phase,12,4,0.0,False,,1,20,0.3565199607849121,0.9182588235294118,2.078127141316732,0.41346666666666665
cifar10_frequency_resolution_grid,phase,12,4,0.0,False,,2,1,1.9862376289816464,0.29381176470588233,1.8578905176798504,0.3453333333333333
cifar10_frequency_resolution_grid,phase,12,4,0.0,False,,2,2,1.7649982100991641,0.38341176470588234,1.7859011470158894,0.3688
cifar10_frequency_resolution_grid,phase,12,4,0.0,False,,2,3,1.6460767454820522,0.42425882352941174,1.72105731976827,0.3913333333333333
cifar10_frequency_resolution_grid,phase,12,4,0.0,False,,2,4,1.5454464262120864,0.46496470588235295,1.6947741906483968,0.4032
cifar10_frequency_resolution_grid,phase,12,4,0.0,False,,2,5,1.4528216211879954,0.49571764705882354,1.6570488509496053,0.40986666666666666
cifar10_frequency_resolution_grid,phase,12,4,0.0,False,,2,6,1.3601194833643295,0.5335058823529412,1.6450993452707927,0.41586666666666666
cifar10_frequency_resolution_grid,phase,12,4,0.0,False,,2,7,1.2729425437141868,0.5664235294117647,1.6424357031504313,0.42573333333333335
cifar10_frequency_resolution_grid,phase,12,4,0.0,False,,2,8,1.180352352321849,0.6016235294117647,1.660985636583964,0.4166666666666667
cifar10_frequency_resolution_grid,phase,12,4,0.0,False,,2,9,1.0991726095199585,0.6325647058823529,1.682048510169983,0.41933333333333334
cifar10_frequency_resolution_grid,phase,12,4,0.0,False,,2,10,1.0117406058479759,0.6677411764705883,1.6801389479955038,0.42013333333333336
cifar10_frequency_resolution_grid,phase,12,4,0.0,False,,2,11,0.9246297678863301,0.7023058823529412,1.7245874351501465,0.4186666666666667
cifar10_frequency_resolution_grid,phase,12,4,0.0,False,,2,12,0.8440609290235183,0.7323058823529411,1.7423012597401937,0.4152
cifar10_frequency_resolution_grid,phase,12,4,0.0,False,,2,13,0.7753294372558593,0.7593882352941177,1.7567841801325481,0.4222666666666667
cifar10_frequency_resolution_grid,phase,12,4,0.0,False,,2,14,0.7000366230487823,0.7888705882352941,1.8173991233825684,0.4169333333333333
cifar10_frequency_resolution_grid,phase,12,4,0.0,False,,2,15,0.6284593217008254,0.8167764705882353,1.8790536272684732,0.4146666666666667
cifar10_frequency_resolution_grid,phase,12,4,0.0,False,,2,16,0.5642595501352758,0.8415529411764706,1.9090221446990967,0.4069333333333333
cifar10_frequency_resolution_grid,phase,12,4,0.0,False,,2,17,0.5043634069695192,0.8636235294117647,1.924308055114746,0.4169333333333333
cifar10_frequency_resolution_grid,phase,12,4,0.0,False,,2,18,0.4500707606119268,0.8859294117647059,1.9653807085037232,0.4125333333333333
cifar10_frequency_resolution_grid,phase,12,4,0.0,False,,2,19,0.39327564031937545,0.9047058823529411,2.111694278653463,0.3993333333333333
cifar10_frequency_resolution_grid,phase,12,4,0.0,False,,2,20,0.3686681406357709,0.9110823529411765,2.033475097211202,0.40653333333333336
cifar10_frequency_resolution_grid,phase,12,6,0.0,False,,0,1,2.049955163574219,0.2726588235294118,1.9561025651931763,0.30173333333333335
cifar10_frequency_resolution_grid,phase,12,6,0.0,False,,0,2,1.8162343915714938,0.3654588235294118,1.817247086016337,0.36346666666666666
cifar10_frequency_resolution_grid,phase,12,6,0.0,False,,0,3,1.6701697774662692,0.42169411764705883,1.7676621688842773,0.3792
cifar10_frequency_resolution_grid,phase,12,6,0.0,False,,0,4,1.54620855995627,0.4640705882352941,1.7318168051401774,0.39466666666666667
cifar10_frequency_resolution_grid,phase,12,6,0.0,False,,0,5,1.425962854867823,0.5084470588235294,1.7120157066980999,0.4029333333333333
cifar10_frequency_resolution_grid,phase,12,6,0.0,False,,0,6,1.3046912677540499,0.5547058823529412,1.7223957015991211,0.4072
cifar10_frequency_resolution_grid,phase,12,6,0.0,False,,0,7,1.1941087439368754,0.5951058823529412,1.7231255208969116,0.4084
cifar10_frequency_resolution_grid,phase,12,6,0.0,False,,0,8,1.0818420114629408,0.6380470588235294,1.765705918566386,0.4010666666666667
cifar10_frequency_resolution_grid,phase,12,6,0.0,False,,0,9,0.9616177300958072,0.6824470588235294,1.810046036529541,0.40346666666666664
cifar10_frequency_resolution_grid,phase,12,6,0.0,False,,0,10,0.8459845391722286,0.7282352941176471,1.8396466287612916,0.3996
cifar10_frequency_resolution_grid,phase,12,6,0.0,False,,0,11,0.7422757069419412,0.7673882352941176,1.9154465834935506,0.3936
cifar10_frequency_resolution_grid,phase,12,6,0.0,False,,0,12,0.6436483047597549,0.8072705882352941,1.930225785446167,0.3952
cifar10_frequency_resolution_grid,phase,12,6,0.0,False,,0,13,0.5427374221409068,0.8478117647058824,2.0016178949991863,0.39
cifar10_frequency_resolution_grid,phase,12,6,0.0,False,,0,14,0.45851010360717775,0.8791058823529412,2.0816555193583173,0.3932
cifar10_frequency_resolution_grid,phase,12,6,0.0,False,,0,15,0.40184218662626603,0.8984705882352941,2.1562279103597004,0.3892
cifar10_frequency_resolution_grid,phase,12,6,0.0,False,,0,16,0.3205368413518457,0.928235294117647,2.203386621983846,0.388
cifar10_frequency_resolution_grid,phase,12,6,0.0,False,,0,17,0.26665386772436256,0.9477882352941176,2.255037257639567,0.3888
cifar10_frequency_resolution_grid,phase,12,6,0.0,False,,0,18,0.21474118575068082,0.9630117647058823,2.3428814632415773,0.39066666666666666
cifar10_frequency_resolution_grid,phase,12,6,0.0,False,,0,19,0.17645393027137307,0.9735058823529412,2.411613711420695,0.38986666666666664
cifar10_frequency_resolution_grid,phase,12,6,0.0,False,,0,20,0.15042745031048269,0.9788470588235294,2.4707746032714843,0.3838666666666667
cifar10_frequency_resolution_grid,phase,12,6,0.0,False,,1,1,2.0462922342637007,0.2744,1.9071101468404135,0.3238666666666667
cifar10_frequency_resolution_grid,phase,12,6,0.0,False,,1,2,1.8144307767082664,0.36868235294117646,1.7884132730484008,0.37133333333333335
cifar10_frequency_resolution_grid,phase,12,6,0.0,False,,1,3,1.6679750107035918,0.4218823529411765,1.7262654901504517,0.3892
cifar10_frequency_resolution_grid,phase,12,6,0.0,False,,1,4,1.5451935482922723,0.46458823529411764,1.7272164372126262,0.39426666666666665
cifar10_frequency_resolution_grid,phase,12,6,0.0,False,,1,5,1.42832103471195,0.5075529411764705,1.6861592058181762,0.40626666666666666
cifar10_frequency_resolution_grid,phase,12,6,0.0,False,,1,6,1.305835462772145,0.5541411764705882,1.704659664026896,0.4092
cifar10_frequency_resolution_grid,phase,12,6,0.0,False,,1,7,1.1908603025324205,0.5953647058823529,1.709746066983541,0.4073333333333333
cifar10_frequency_resolution_grid,phase,12,6,0.0,False,,1,8,1.0767403313580681,0.6426823529411765,1.738343322499593,0.4152
cifar10_frequency_resolution_grid,phase,12,6,0.0,False,,1,9,0.9592378394968369,0.6844,1.7692400208791097,0.41813333333333336
cifar10_frequency_resolution_grid,phase,12,6,0.0,False,,1,10,0.8463832523458145,0.7312705882352941,1.7962554690678914,0.4084
cifar10_frequency_resolution_grid,phase,12,6,0.0,False,,1,11,0.748144281499526,0.7683764705882353,1.8613940419514974,0.4105333333333333
cifar10_frequency_resolution_grid,phase,12,6,0.0,False,,1,12,0.6350331664975952,0.8144705882352942,1.9126803362528484,0.4032
cifar10_frequency_resolution_grid,phase,12,6,0.0,False,,1,13,0.5325406510970172,0.8540941176470588,1.956008177057902,0.40786666666666666
cifar10_frequency_resolution_grid,phase,12,6,0.0,False,,1,14,0.4643254561368157,0.8763529411764706,2.054623287455241,0.3990666666666667
cifar10_frequency_resolution_grid,phase,12,6,0.0,False,,1,15,0.39450589537340053,0.8998352941176471,2.0762025892893474,0.4073333333333333
cifar10_frequency_resolution_grid,phase,12,6,0.0,False,,1,16,0.32468951287550085,0.9261882352941176,2.1829013290405275,0.3956
cifar10_frequency_resolution_grid,phase,12,6,0.0,False,,1,17,0.2768166685756515,0.9417882352941176,2.220709200032552,0.39986666666666665
cifar10_frequency_resolution_grid,phase,12,6,0.0,False,,1,18,0.21164031103498795,0.9633411764705883,2.287204372406006,0.3974666666666667
cifar10_frequency_resolution_grid,phase,12,6,0.0,False,,1,19,0.17478717735374674,0.9743529411764705,2.3640927361806234,0.3988
cifar10_frequency_resolution_grid,phase,12,6,0.0,False,,1,20,0.14435892019552343,0.9816941176470588,2.4340591040293376,0.39453333333333335
cifar10_frequency_resolution_grid,phase,12,6,0.0,False,,2,1,2.054850635977352,0.27294117647058824,1.9269243123372395,0.3141333333333333
cifar10_frequency_resolution_grid,phase,12,6,0.0,False,,2,2,1.8118834362703211,0.3699529411764706,1.8089513998031617,0.3658666666666667
cifar10_frequency_resolution_grid,phase,12,6,0.0,False,,2,3,1.6733414437237908,0.41745882352941177,1.7412170998891194,0.3828
cifar10_frequency_resolution_grid,phase,12,6,0.0,False,,2,4,1.5508152151219985,0.46296470588235294,1.7087220217386883,0.39826666666666666
cifar10_frequency_resolution_grid,phase,12,6,0.0,False,,2,5,1.4395544464111327,0.5040235294117648,1.7232397459665934,0.39493333333333336
cifar10_frequency_resolution_grid,phase,12,6,0.0,False,,2,6,1.3267462184569414,0.5445882352941176,1.686165800412496,0.41
cifar10_frequency_resolution_grid,phase,12,6,0.0,False,,2,7,1.209643042861714,0.5895294117647059,1.7197321307500204,0.4029333333333333
cifar10_frequency_resolution_grid,phase,12,6,0.0,False,,2,8,1.0893685297909905,0.6355529411764705,1.7399377707799275,0.39786666666666665
cifar10_frequency_resolution_grid,phase,12,6,0.0,False,,2,9,0.9767085485570571,0.6790823529411765,1.7696012937545775,0.40626666666666666
cifar10_frequency_resolution_grid,phase,12,6,0.0,False,,2,10,0.8655092934075523,0.7210823529411765,1.7750933182398478,0.4048
cifar10_frequency_resolution_grid,phase,12,6,0.0,False,,2,11,0.7493787767101736,0.7668235294117647,1.8411650311787924,0.4024
cifar10_frequency_resolution_grid,phase,12,6,0.0,False,,2,12,0.6495715969366186,0.8064470588235294,1.933882103919983,0.39013333333333333
cifar10_frequency_resolution_grid,phase,12,6,0.0,False,,2,13,0.5695583796192618,0.8350823529411765,1.938447916984558,0.4033333333333333
cifar10_frequency_resolution_grid,phase,12,6,0.0,False,,2,14,0.470464234307233,0.8753882352941177,2.010047983678182,0.3974666666666667
cifar10_frequency_resolution_grid,phase,12,6,0.0,False,,2,15,0.4005514786818448,0.8980470588235294,2.067003626887004,0.3968
cifar10_frequency_resolution_grid,phase,12,6,0.0,False,,2,16,0.324928649466178,0.9286588235294118,2.110893222427368,0.4016
cifar10_frequency_resolution_grid,phase,12,6,0.0,False,,2,17,0.2676385775608175,0.946564705882353,2.193475127029419,0.3972
cifar10_frequency_resolution_grid,phase,12,6,0.0,False,,2,18,0.22149806375223047,0.9601882352941177,2.2623099824269612,0.3952
cifar10_frequency_resolution_grid,phase,12,6,0.0,False,,2,19,0.19614011942358578,0.9663294117647059,2.4229061332702635,0.3952
cifar10_frequency_resolution_grid,phase,12,6,0.0,False,,2,20,0.1770732086553293,0.9685176470588235,2.375105472310384,0.3993333333333333
cifar10_frequency_resolution_grid,phase,12,8,0.0,False,,0,1,2.0551269233254827,0.2721411764705882,1.9333737909317017,0.308
cifar10_frequency_resolution_grid,phase,12,8,0.0,False,,0,2,1.8112196942048915,0.3633176470588235,1.823408235613505,0.3605333333333333
cifar10_frequency_resolution_grid,phase,12,8,0.0,False,,0,3,1.6997251300867866,0.4048,1.7763759564081827,0.37906666666666666
cifar10_frequency_resolution_grid,phase,12,8,0.0,False,,0,4,1.5822537368662217,0.4524705882352941,1.7272091262817382,0.39426666666666665
cifar10_frequency_resolution_grid,phase,12,8,0.0,False,,0,5,1.4633264859480017,0.4907764705882353,1.6906489039738972,0.4156
cifar10_frequency_resolution_grid,phase,12,8,0.0,False,,0,6,1.350995401360007,0.5364941176470588,1.706456695429484,0.41506666666666664
cifar10_frequency_resolution_grid,phase,12,8,0.0,False,,0,7,1.251211615786833,0.5700941176470589,1.7039028131484986,0.42546666666666666
cifar10_frequency_resolution_grid,phase,12,8,0.0,False,,0,8,1.1381954554838292,0.6118823529411764,1.7104470541000367,0.4206666666666667
cifar10_frequency_resolution_grid,phase,12,8,0.0,False,,0,9,1.0243574583614574,0.6551058823529412,1.7734912988662719,0.4149333333333333
cifar10_frequency_resolution_grid,phase,12,8,0.0,False,,0,10,0.9086306208806879,0.7002823529411765,1.7914759318033855,0.4192
cifar10_frequency_resolution_grid,phase,12,8,0.0,False,,0,11,0.7931464679157033,0.7429882352941176,1.857838187599182,0.4136
cifar10_frequency_resolution_grid,phase,12,8,0.0,False,,0,12,0.6983394922761356,0.7810588235294118,1.8926449021021525,0.4184
cifar10_frequency_resolution_grid,phase,12,8,0.0,False,,0,13,0.5946255009146297,0.8191764705882353,1.9669697596867879,0.41146666666666665
cifar10_frequency_resolution_grid,phase,12,8,0.0,False,,0,14,0.49862376843340256,0.8579058823529412,2.016066413815816,0.41573333333333334
cifar10_frequency_resolution_grid,phase,12,8,0.0,False,,0,15,0.41359701461651743,0.891364705882353,2.129505123138428,0.40973333333333334
cifar10_frequency_resolution_grid,phase,12,8,0.0,False,,0,16,0.34324522484891556,0.9152470588235294,2.1970127310434977,0.40453333333333336
cifar10_frequency_resolution_grid,phase,12,8,0.0,False,,0,17,0.2866247643134173,0.9348705882352941,2.2706822057088214,0.40613333333333335
cifar10_frequency_resolution_grid,phase,12,8,0.0,False,,0,18,0.22034004034435048,0.9583529411764706,2.3584111134847006,0.4
cifar10_frequency_resolution_grid,phase,12,8,0.0,False,,0,19,0.1822012339928571,0.9694117647058823,2.4074939178466797,0.4053333333333333
cifar10_frequency_resolution_grid,phase,12,8,0.0,False,,0,20,0.1445058449380538,0.9794588235294117,2.5426450199127197,0.3988
cifar10_frequency_resolution_grid,phase,12,8,0.0,False,,1,1,2.0500524475546444,0.2743764705882353,1.9100988079071044,0.3181333333333333
cifar10_frequency_resolution_grid,phase,12,8,0.0,False,,1,2,1.8233160902135512,0.3598823529411765,1.8073699525197346,0.3624
cifar10_frequency_resolution_grid,phase,12,8,0.0,False,,1,3,1.7038799567278693,0.4063058823529412,1.745599138959249,0.3884
cifar10_frequency_resolution_grid,phase,12,8,0.0,False,,1,4,1.5978678217495188,0.44425882352941176,1.712570059776306,0.39386666666666664
cifar10_frequency_resolution_grid,phase,12,8,0.0,False,,1,5,1.4896354549295763,0.4842823529411765,1.6840866375605266,0.41133333333333333
cifar10_frequency_resolution_grid,phase,12,8,0.0,False,,1,6,1.3760565985847921,0.5250823529411764,1.686599596786499,0.41533333333333333
cifar10_frequency_resolution_grid,phase,12,8,0.0,False,,1,7,1.2740778695499195,0.5622588235294118,1.682638941001892,0.4184
cifar10_frequency_resolution_grid,phase,12,8,0.0,False,,1,8,1.1560466368282543,0.6072,1.7155996699651082,0.4172
cifar10_frequency_resolution_grid,phase,12,8,0.0,False,,1,9,1.0468716203689574,0.6470588235294118,1.7380776877721151,0.4232
cifar10_frequency_resolution_grid,phase,12,8,0.0,False,,1,10,0.9363593512591194,0.6891764705882353,1.7724622442245483,0.4186666666666667
cifar10_frequency_resolution_grid,phase,12,8,0.0,False,,1,11,0.8258362495113821,0.7327764705882353,1.847734150759379,0.4090666666666667
cifar10_frequency_resolution_grid,phase,12,8,0.0,False,,1,12,0.7147987011124106,0.7743294117647059,1.8864436702092489,0.42013333333333336
cifar10_frequency_resolution_grid,phase,12,8,0.0,False,,1,13,0.6109105989231782,0.8146823529411765,1.9377213600158691,0.4145333333333333
cifar10_frequency_resolution_grid,phase,12,8,0.0,False,,1,14,0.5140250358805937,0.8517411764705882,2.0130110319773356,0.41013333333333335
cifar10_frequency_resolution_grid,phase,12,8,0.0,False,,1,15,0.4556606382538291,0.8720470588235294,2.107516439819336,0.4106666666666667
cifar10_frequency_resolution_grid,phase,12,8,0.0,False,,1,16,0.36491359508738797,0.9068235294117647,2.1831979848225913,0.3992
cifar10_frequency_resolution_grid,phase,12,8,0.0,False,,1,17,0.30630427461932686,0.9278117647058823,2.2246075074513754,0.40786666666666666
cifar10_frequency_resolution_grid,phase,12,8,0.0,False,,1,18,0.24259621159609626,0.9513176470588235,2.3158475838979085,0.40453333333333336
cifar10_frequency_resolution_grid,phase,12,8,0.0,False,,1,19,0.19718463420306934,0.9662823529411765,2.408728742345174,0.402
cifar10_frequency_resolution_grid,phase,12,8,0.0,False,,1,20,0.16613269671552322,0.9720235294117647,2.501533098220825,0.3956
cifar10_frequency_resolution_grid,phase,12,8,0.0,False,,2,1,2.0592051096299113,0.2767764705882353,1.9056948733011883,0.3238666666666667
cifar10_frequency_resolution_grid,phase,12,8,0.0,False,,2,2,1.8156617084278779,0.3652705882352941,1.8231531967798869,0.35546666666666665
cifar10_frequency_resolution_grid,phase,12,8,0.0,False,,2,3,1.710290317804673,0.4047529411764706,1.7805022521972655,0.3725333333333333
cifar10_frequency_resolution_grid,phase,12,8,0.0,False,,2,4,1.5985484765894273,0.4466352941176471,1.7292396398544312,0.3896
cifar10_frequency_resolution_grid,phase,12,8,0.0,False,,2,5,1.4944374890720142,0.4835058823529412,1.7016306074142455,0.4032
cifar10_frequency_resolution_grid,phase,12,8,0.0,False,,2,6,1.3832173214519725,0.5241882352941176,1.664494410641988,0.424
cifar10_frequency_resolution_grid,phase,12,8,0.0,False,,2,7,1.2737548692534952,0.5642588235294118,1.7021686345418294,0.40653333333333336
cifar10_frequency_resolution_grid,phase,12,8,0.0,False,,2,8,1.154834860459496,0.6060705882352941,1.7013763060251872,0.4152
cifar10_frequency_resolution_grid,phase,12,8,0.0,False,,2,9,1.0397780608008889,0.6500470588235294,1.7439846133550008,0.41226666666666667
cifar10_frequency_resolution_grid,phase,12,8,0.0,False,,2,10,0.9311371570166419,0.6921176470588235,1.7593798793156943,0.416
cifar10_frequency_resolution_grid,phase,12,8,0.0,False,,2,11,0.8157685324248145,0.7353647058823529,1.8185734621047973,0.4206666666666667
cifar10_frequency_resolution_grid,phase,12,8,0.0,False,,2,12,0.7043863600618699,0.7815529411764706,1.866210933303833,0.416
cifar10_frequency_resolution_grid,phase,12,8,0.0,False,,2,13,0.6057071698665619,0.8176941176470588,1.916964092954,0.41386666666666666
cifar10_frequency_resolution_grid,phase,12,8,0.0,False,,2,14,0.5133895657595466,0.8524470588235294,2.011521933619181,0.4076
cifar10_frequency_resolution_grid,phase,12,8,0.0,False,,2,15,0.4312909086788402,0.8855058823529411,2.069693348312378,0.40426666666666666
cifar10_frequency_resolution_grid,phase,12,8,0.0,False,,2,16,0.36765581570513106,0.9065411764705882,2.175041600290934,0.4024
cifar10_frequency_resolution_grid,phase,12,8,0.0,False,,2,17,0.29406211186156556,0.9336941176470588,2.1870665108998617,0.40426666666666666
cifar10_frequency_resolution_grid,phase,12,8,0.0,False,,2,18,0.22889567222595214,0.9568941176470588,2.269094273376465,0.4036
cifar10_frequency_resolution_grid,phase,12,8,0.0,False,,2,19,0.19703575784739327,0.964564705882353,2.37663404452006,0.4048
cifar10_frequency_resolution_grid,phase,12,8,0.0,False,,2,20,0.1569723214415943,0.9766588235294118,2.441460433959961,0.40346666666666664
cifar10_frequency_resolution_grid,phase,12,12,0.0,False,,0,1,2.151497619337194,0.25623529411764706,2.0240039627075195,0.2853333333333333
cifar10_frequency_resolution_grid,phase,12,12,0.0,False,,0,2,1.8947946159923779,0.3384,1.909385754966736,0.33586666666666665
cifar10_frequency_resolution_grid,phase,12,12,0.0,False,,0,3,1.7906840464367586,0.37938823529411764,1.8433780719121298,0.35346666666666665
cifar10_frequency_resolution_grid,phase,12,12,0.0,False,,0,4,1.6890497719820807,0.41505882352941176,1.8042110639572144,0.36893333333333334
cifar10_frequency_resolution_grid,phase,12,12,0.0,False,,0,5,1.5887963678359984,0.45237647058823527,1.7576816205342611,0.37933333333333336
cifar10_frequency_resolution_grid,phase,12,12,0.0,False,,0,6,1.4901985527038575,0.48774117647058823,1.7440774395624796,0.3944
cifar10_frequency_resolution_grid,phase,12,12,0.0,False,,0,7,1.3944386678807876,0.520235294117647,1.7313997475306193,0.40373333333333333
cifar10_frequency_resolution_grid,phase,12,12,0.0,False,,0,8,1.2902022516362808,0.5572470588235294,1.738779243596395,0.40013333333333334
cifar10_frequency_resolution_grid,phase,12,12,0.0,False,,0,9,1.1755637039857751,0.6013882352941177,1.7985598575592041,0.3996
cifar10_frequency_resolution_grid,phase,12,12,0.0,False,,0,10,1.0625092516057633,0.6425647058823529,1.832264013926188,0.396
cifar10_frequency_resolution_grid,phase,12,12,0.0,False,,0,11,0.9467247416215785,0.6849882352941177,1.8766714573542278,0.39493333333333336
cifar10_frequency_resolution_grid,phase,12,12,0.0,False,,0,12,0.8275910135156969,0.7284,1.9202696732838949,0.40386666666666665
cifar10_frequency_resolution_grid,phase,12,12,0.0,False,,0,13,0.7184290637072395,0.7686823529411765,2.0109105641682943,0.39493333333333336
cifar10_frequency_resolution_grid,phase,12,12,0.0,False,,0,14,0.6153883360427969,0.8088705882352941,2.0827965333302814,0.39666666666666667
cifar10_frequency_resolution_grid,phase,12,12,0.0,False,,0,15,0.5090753296936259,0.8487764705882352,2.185652433904012,0.39186666666666664
cifar10_frequency_resolution_grid,phase,12,12,0.0,False,,0,16,0.42215182420926933,0.8818823529411765,2.2589158889770506,0.39466666666666667
cifar10_frequency_resolution_grid,phase,12,12,0.0,False,,0,17,0.3358018326843486,0.9153882352941176,2.359068590927124,0.38853333333333334
cifar10_frequency_resolution_grid,phase,12,12,0.0,False,,0,18,0.2759917487410938,0.9347529411764706,2.4414142548878988,0.39266666666666666
cifar10_frequency_resolution_grid,phase,12,12,0.0,False,,0,19,0.2165473434195799,0.9544235294117647,2.5386173511505126,0.38533333333333336
cifar10_frequency_resolution_grid,phase,12,12,0.0,False,,0,20,0.17061342059093362,0.9681647058823529,2.6240448855082192,0.3893333333333333
cifar10_frequency_resolution_grid,phase,12,12,0.0,False,,1,1,2.1388121326670926,0.2576470588235294,1.9799597003936769,0.2985333333333333
cifar10_frequency_resolution_grid,phase,12,12,0.0,False,,1,2,1.8953512371624217,0.33941176470588236,1.8914337399800618,0.3390666666666667
cifar10_frequency_resolution_grid,phase,12,12,0.0,False,,1,3,1.7877986600539264,0.3810588235294118,1.8100979310353598,0.36866666666666664
cifar10_frequency_resolution_grid,phase,12,12,0.0,False,,1,4,1.6860837737476124,0.41621176470588234,1.7676113541285197,0.3828
cifar10_frequency_resolution_grid,phase,12,12,0.0,False,,1,5,1.5900208840370178,0.4511764705882353,1.7257610966364543,0.3933333333333333
cifar10_frequency_resolution_grid,phase,12,12,0.0,False,,1,6,1.4911876123428345,0.4892705882352941,1.720505714416504,0.4046666666666667
cifar10_frequency_resolution_grid,phase,12,12,0.0,False,,1,7,1.3991439747417673,0.5176470588235295,1.7152094907124837,0.40946666666666665
cifar10_frequency_resolution_grid,phase,12,12,0.0,False,,1,8,1.2944218415316413,0.5571529411764706,1.733901849937439,0.40453333333333336
cifar10_frequency_resolution_grid,phase,12,12,0.0,False,,1,9,1.1824931367200964,0.5967764705882352,1.7559823468526203,0.4104
cifar10_frequency_resolution_grid,phase,12,12,0.0,False,,1,10,1.0748136261996102,0.6365882352941177,1.786315340423584,0.4109333333333333
cifar10_frequency_resolution_grid,phase,12,12,0.0,False,,1,11,0.9541072712351294,0.6834823529411764,1.8546713947931925,0.4013333333333333
cifar10_frequency_resolution_grid,phase,12,12,0.0,False,,1,12,0.8385228591638453,0.7250588235294118,1.9121953856786091,0.3973333333333333
cifar10_frequency_resolution_grid,phase,12,12,0.0,False,,1,13,0.733816580508737,0.7618117647058823,1.9718092362721762,0.4016
cifar10_frequency_resolution_grid,phase,12,12,0.0,False,,1,14,0.6302768357220818,0.8019058823529411,2.0589787192662556,0.39426666666666665
cifar10_frequency_resolution_grid,phase,12,12,0.0,False,,1,15,0.5392917267743279,0.838635294117647,2.1598505025227865,0.392
cifar10_frequency_resolution_grid,phase,12,12,0.0,False,,1,16,0.444885300467996,0.873035294117647,2.2131003023783364,0.39293333333333336
cifar10_frequency_resolution_grid,phase,12,12,0.0,False,,1,17,0.3567240071072298,0.9063764705882353,2.3423522546132407,0.39053333333333334
cifar10_frequency_resolution_grid,phase,12,12,0.0,False,,1,18,0.2901294397129732,0.9285411764705882,2.4437411262512208,0.3878666666666667
cifar10_frequency_resolution_grid,phase,12,12,0.0,False,,1,19,0.22692869099729202,0.9509882352941177,2.5438953725179037,0.38693333333333335
cifar10_frequency_resolution_grid,phase,12,12,0.0,False,,1,20,0.19096695330563712,0.9617176470588236,2.637456234105428,0.3794666666666667
cifar10_frequency_resolution_grid,phase,12,12,0.0,False,,2,1,2.1401524242401124,0.25771764705882355,1.966919535891215,0.3056
cifar10_frequency_resolution_grid,phase,12,12,0.0,False,,2,2,1.8844740268034093,0.34491764705882355,1.8899454303105672,0.33626666666666666
cifar10_frequency_resolution_grid,phase,12,12,0.0,False,,2,3,1.780947304534912,0.38284705882352943,1.8300780419667562,0.35133333333333333
cifar10_frequency_resolution_grid,phase,12,12,0.0,False,,2,4,1.6858495406206917,0.41658823529411765,1.7795419305801392,0.3752
cifar10_frequency_resolution_grid,phase,12,12,0.0,False,,2,5,1.589941717596615,0.4499529411764706,1.7510454757054648,0.3854666666666667
cifar10_frequency_resolution_grid,phase,12,12,0.0,False,,2,6,1.492703242672191,0.4872941176470588,1.727436777496338,0.4049333333333333
cifar10_frequency_resolution_grid,phase,12,12,0.0,False,,2,7,1.3939382657836465,0.5201176470588236,1.7319950748443604,0.40373333333333333
cifar10_frequency_resolution_grid,phase,12,12,0.0,False,,2,8,1.2812930121421815,0.5616235294117647,1.714743991088867,0.414
cifar10_frequency_resolution_grid,phase,12,12,0.0,False,,2,9,1.1726985932069667,0.6028470588235294,1.757134681638082,0.41013333333333335
cifar10_frequency_resolution_grid,phase,12,12,0.0,False,,2,10,1.0619341659405652,0.6418352941176471,1.7838530868530273,0.40973333333333334
cifar10_frequency_resolution_grid,phase,12,12,0.0,False,,2,11,0.93988592413173,0.6877176470588235,1.8406325297673543,0.41186666666666666
cifar10_frequency_resolution_grid,phase,12,12,0.0,False,,2,12,0.825980118302738,0.7308,1.9362665690104166,0.392
cifar10_frequency_resolution_grid,phase,12,12,0.0,False,,2,13,0.7207239395786734,0.7685647058823529,1.9632317795435588,0.4029333333333333
cifar10_frequency_resolution_grid,phase,12,12,0.0,False,,2,14,0.6127925020105699,0.8108705882352941,2.0662095108032226,0.40173333333333333
cifar10_frequency_resolution_grid,phase,12,12,0.0,False,,2,15,0.5104682899250703,0.8477411764705882,2.1421105758666994,0.398
cifar10_frequency_resolution_grid,phase,12,12,0.0,False,,2,16,0.42375770826900705,0.8805411764705883,2.239404795964559,0.3974666666666667
cifar10_frequency_resolution_grid,phase,12,12,0.0,False,,2,17,0.3508604461417479,0.9064470588235294,2.322958315531413,0.39986666666666665
cifar10_frequency_resolution_grid,phase,12,12,0.0,False,,2,18,0.27506779386436236,0.9344705882352942,2.4070062324523924,0.3934666666666667
cifar10_frequency_resolution_grid,phase,12,12,0.0,False,,2,19,0.22080857281404384,0.9534117647058824,2.5372606615702313,0.4024
cifar10_frequency_resolution_grid,phase,12,12,0.0,False,,2,20,0.19491401056121377,0.9578823529411765,2.604006729634603,0.3993333333333333
cifar10_frequency_resolution_grid,phase,12,16,0.0,False,,0,1,2.1800448210099166,0.2431764705882353,2.066912916946411,0.264
cifar10_frequency_resolution_grid,phase,12,16,0.0,False,,0,2,1.9323633808248184,0.3286588235294118,1.9346777778625488,0.324
cifar10_frequency_resolution_grid,phase,12,16,0.0,False,,0,3,1.8229348608858444,0.36927058823529413,1.8759625488917033,0.3450666666666667
cifar10_frequency_resolution_grid,phase,12,16,0.0,False,,0,4,1.7125171605502858,0.40691764705882355,1.8252401854197184,0.3605333333333333
cifar10_frequency_resolution_grid,phase,12,16,0.0,False,,0,5,1.6116708237367519,0.4436,1.797873822148641,0.3744
cifar10_frequency_resolution_grid,phase,12,16,0.0,False,,0,6,1.5112437558230232,0.47912941176470586,1.8003267351150514,0.3834666666666667
cifar10_frequency_resolution_grid,phase,12,16,0.0,False,,0,7,1.4108513607137343,0.5135294117647059,1.7983093282699585,0.3864
cifar10_frequency_resolution_grid,phase,12,16,0.0,False,,0,8,1.3046688276851879,0.5528,1.8278343062082927,0.38053333333333333
cifar10_frequency_resolution_grid,phase,12,16,0.0,False,,0,9,1.1891888851838954,0.5971058823529412,1.891895894495646,0.37826666666666664
cifar10_frequency_resolution_grid,phase,12,16,0.0,False,,0,10,1.062456426485847,0.6421176470588236,1.9522533244450888,0.3776
cifar10_frequency_resolution_grid,phase,12,16,0.0,False,,0,11,0.9449777463015389,0.6828235294117647,2.00197007077535,0.37666666666666665
cifar10_frequency_resolution_grid,phase,12,16,0.0,False,,0,12,0.8150844236191581,0.7312705882352941,2.064759702809652,0.38026666666666664
cifar10_frequency_resolution_grid,phase,12,16,0.0,False,,0,13,0.6895961862732383,0.7797647058823529,2.197705239868164,0.37653333333333333
cifar10_frequency_resolution_grid,phase,12,16,0.0,False,,0,14,0.5844575327312245,0.8171058823529411,2.253119806162516,0.3748
cifar10_frequency_resolution_grid,phase,12,16,0.0,False,,0,15,0.4684880925970919,0.8608,2.387122765350342,0.3736
cifar10_frequency_resolution_grid,phase,12,16,0.0,False,,0,16,0.36480519390246446,0.9011294117647058,2.4900312580108643,0.3718666666666667
cifar10_frequency_resolution_grid,phase,12,16,0.0,False,,0,17,0.28885004805396586,0.9283529411764706,2.6509955521901447,0.3718666666666667
cifar10_frequency_resolution_grid,phase,12,16,0.0,False,,0,18,0.24944072814268226,0.9380705882352941,2.7540763676961264,0.3685333333333333
cifar10_frequency_resolution_grid,phase,12,16,0.0,False,,0,19,0.19051792535431245,0.9588470588235294,2.8469310983022056,0.36533333333333334
cifar10_frequency_resolution_grid,phase,12,16,0.0,False,,0,20,0.13149393806387397,0.9791529411764706,2.975637400182088,0.3652
cifar10_frequency_resolution_grid,phase,12,16,0.0,False,,1,1,2.175410162218879,0.24527058823529413,2.0324394973754885,0.28346666666666664
cifar10_frequency_resolution_grid,phase,12,16,0.0,False,,1,2,1.9406363232107724,0.32348235294117644,1.928995840326945,0.326
cifar10_frequency_resolution_grid,phase,12,16,0.0,False,,1,3,1.8229442565244787,0.36830588235294115,1.8593646280288696,0.34826666666666667
cifar10_frequency_resolution_grid,phase,12,16,0.0,False,,1,4,1.724615449187335,0.40192941176470587,1.819712272644043,0.3626666666666667
cifar10_frequency_resolution_grid,phase,12,16,0.0,False,,1,5,1.6246278140011956,0.4376235294117647,1.8011781508763631,0.36773333333333336
cifar10_frequency_resolution_grid,phase,12,16,0.0,False,,1,6,1.5270480067533605,0.4728941176470588,1.8074543127059937,0.37693333333333334
cifar10_frequency_resolution_grid,phase,12,16,0.0,False,,1,7,1.4286305138531854,0.5071529411764706,1.8049059675216674,0.37653333333333333
cifar10_frequency_resolution_grid,phase,12,16,0.0,False,,1,8,1.322202645111084,0.5451058823529412,1.8200329815546672,0.3844
cifar10_frequency_resolution_grid,phase,12,16,0.0,False,,1,9,1.2001858660978428,0.5899764705882353,1.8591731358846029,0.3888
cifar10_frequency_resolution_grid,phase,12,16,0.0,False,,1,10,1.079412673299453,0.6355529411764705,1.895008581797282,0.38693333333333335
cifar10_frequency_resolution_grid,phase,12,16,0.0,False,,1,11,0.9505718325727126,0.680635294117647,2.002057168706258,0.382
cifar10_frequency_resolution_grid,phase,12,16,0.0,False,,1,12,0.8260277518104104,0.7288,2.0491127655029295,0.3848
cifar10_frequency_resolution_grid,phase,12,16,0.0,False,,1,13,0.6968317965227014,0.7783764705882353,2.125587531153361,0.37893333333333334
cifar10_frequency_resolution_grid,phase,12,16,0.0,False,,1,14,0.594480513567083,0.815364705882353,2.2459214650472004,0.3834666666666667
cifar10_frequency_resolution_grid,phase,12,16,0.0,False,,1,15,0.492226236186308,0.8532705882352941,2.374455813471476,0.3748
cifar10_frequency_resolution_grid,phase,12,16,0.0,False,,1,16,0.4085180353290894,0.8831294117647058,2.426053572209676,0.37693333333333334
cifar10_frequency_resolution_grid,phase,12,16,0.0,False,,1,17,0.3018385099887848,0.9236235294117647,2.5856333260854085,0.3728
cifar10_frequency_resolution_grid,phase,12,16,0.0,False,,1,18,0.23510536815979902,0.947764705882353,2.7275556699117023,0.3704
cifar10_frequency_resolution_grid,phase,12,16,0.0,False,,1,19,0.19483965288050034,0.9570823529411765,2.8119071099599204,0.3742666666666667
cifar10_frequency_resolution_grid,phase,12,16,0.0,False,,1,20,0.14910021862983702,0.9716941176470588,2.947695231882731,0.37533333333333335
cifar10_frequency_resolution_grid,phase,12,16,0.0,False,,2,1,2.168516848822201,0.24694117647058825,2.012049486923218,0.2830666666666667
cifar10_frequency_resolution_grid,phase,12,16,0.0,False,,2,2,1.9297216287500718,0.32945882352941175,1.93072833887736,0.3218666666666667
cifar10_frequency_resolution_grid,phase,12,16,0.0,False,,2,3,1.8096900617262897,0.37571764705882355,1.8599599044799804,0.34826666666666667
cifar10_frequency_resolution_grid,phase,12,16,0.0,False,,2,4,1.7127395643795238,0.4097411764705882,1.8213543131510417,0.3592
cifar10_frequency_resolution_grid,phase,12,16,0.0,False,,2,5,1.62723591782065,0.4391764705882353,1.819368023999532,0.36493333333333333
cifar10_frequency_resolution_grid,phase,12,16,0.0,False,,2,6,1.5296558304954977,0.4738352941176471,1.781222886021932,0.38333333333333336
cifar10_frequency_resolution_grid,phase,12,16,0.0,False,,2,7,1.429571827439701,0.5091529411764706,1.8219997756322226,0.3768
cifar10_frequency_resolution_grid,phase,12,16,0.0,False,,2,8,1.316296943658941,0.5517647058823529,1.8061632652918498,0.386
cifar10_frequency_resolution_grid,phase,12,16,0.0,False,,2,9,1.2039833947798786,0.5901176470588235,1.8405554887771607,0.3856
cifar10_frequency_resolution_grid,phase,12,16,0.0,False,,2,10,1.0891544439035303,0.6335058823529411,1.9037574345906576,0.3797333333333333
cifar10_frequency_resolution_grid,phase,12,16,0.0,False,,2,11,0.9638759408726412,0.680235294117647,1.9564845752716065,0.3844
cifar10_frequency_resolution_grid,phase,12,16,0.0,False,,2,12,0.8474544076919556,0.7213882352941177,2.0289693842569987,0.3868
cifar10_frequency_resolution_grid,phase,12,16,0.0,False,,2,13,0.7270546903301688,0.7663058823529412,2.115517743428548,0.3774666666666667
cifar10_frequency_resolution_grid,phase,12,16,0.0,False,,2,14,0.6047174606940325,0.8131294117647059,2.2245650602976483,0.37466666666666665
cifar10_frequency_resolution_grid,phase,12,16,0.0,False,,2,15,0.5053037328103009,0.8457411764705882,2.3252636002858478,0.3758666666666667
cifar10_frequency_resolution_grid,phase,12,16,0.0,False,,2,16,0.4100076299204546,0.8842588235294118,2.3927244363149005,0.3768
cifar10_frequency_resolution_grid,phase,12,16,0.0,False,,2,17,0.3202571452715818,0.9163294117647058,2.5403465306599933,0.37706666666666666
cifar10_frequency_resolution_grid,phase,12,16,0.0,False,,2,18,0.25174549468825846,0.9412470588235294,2.6273607056935626,0.3738666666666667
cifar10_frequency_resolution_grid,phase,12,16,0.0,False,,2,19,0.1949176748794668,0.9597176470588236,2.746799119313558,0.36973333333333336
cifar10_frequency_resolution_grid,phase,12,16,0.0,False,,2,20,0.14925221075450673,0.9731294117647059,2.906633466466268,0.3608
cifar10_frequency_resolution_grid,phase,16,4,0.0,False,,0,1,1.9921131620968089,0.29209411764705884,1.8823904780069987,0.3304
cifar10_frequency_resolution_grid,phase,16,4,0.0,False,,0,2,1.7742861461975996,0.37971764705882355,1.7760025121688843,0.368
cifar10_frequency_resolution_grid,phase,16,4,0.0,False,,0,3,1.649522615960065,0.4259058823529412,1.7224113001505534,0.39493333333333336
cifar10_frequency_resolution_grid,phase,16,4,0.0,False,,0,4,1.5390914951324464,0.46597647058823527,1.6915154890696207,0.4044
cifar10_frequency_resolution_grid,phase,16,4,0.0,False,,0,5,1.4394840980305392,0.5012941176470588,1.6712557782491049,0.41706666666666664
cifar10_frequency_resolution_grid,phase,16,4,0.0,False,,0,6,1.3416263227126177,0.5404705882352941,1.6937093442281088,0.41213333333333335
cifar10_frequency_resolution_grid,phase,16,4,0.0,False,,0,7,1.2497093405779671,0.5722588235294118,1.675864926592509,0.4176
cifar10_frequency_resolution_grid,phase,16,4,0.0,False,,0,8,1.1573469207539278,0.611035294117647,1.68654870967865,0.4182666666666667
cifar10_frequency_resolution_grid,phase,16,4,0.0,False,,0,9,1.0699299167184269,0.6444,1.705875643348694,0.42186666666666667
cifar10_frequency_resolution_grid,phase,16,4,0.0,False,,0,10,0.9792539832507863,0.6802823529411764,1.7269519378026326,0.4132
cifar10_frequency_resolution_grid,phase,16,4,0.0,False,,0,11,0.8995882984273574,0.7112705882352941,1.810200765546163,0.4013333333333333
cifar10_frequency_resolution_grid,phase,16,4,0.0,False,,0,12,0.8324851111916934,0.7389176470588236,1.764445898882548,0.4125333333333333
cifar10_frequency_resolution_grid,phase,16,4,0.0,False,,0,13,0.7394739622228286,0.7737647058823529,1.820538744990031,0.41733333333333333
cifar10_frequency_resolution_grid,phase,16,4,0.0,False,,0,14,0.6587963755888098,0.8064470588235294,1.8396736567179361,0.41573333333333334
cifar10_frequency_resolution_grid,phase,16,4,0.0,False,,0,15,0.5956202932385838,0.8299294117647059,1.9064916874567668,0.41013333333333335
cifar10_frequency_resolution_grid,phase,16,4,0.0,False,,0,16,0.5228408537528094,0.8593176470588235,1.9302510215123494,0.4064
cifar10_frequency_resolution_grid,phase,16,4,0.0,False,,0,17,0.45939847529074723,0.884,2.011964046287537,0.4052
cifar10_frequency_resolution_grid,phase,16,4,0.0,False,,0,18,0.40713191445855534,0.9005176470588235,2.05157737865448,0.4026666666666667
cifar10_frequency_resolution_grid,phase,16,4,0.0,False,,0,19,0.35478197111662696,0.9201411764705882,2.080240387280782,0.4010666666666667
cifar10_frequency_resolution_grid,phase,16,4,0.0,False,,0,20,0.3071100078793133,0.9342823529411765,2.10737702738444,0.40653333333333336
cifar10_frequency_resolution_grid,phase,16,4,0.0,False,,1,1,2.003190049429501,0.2904,1.8600499417622884,0.3376
cifar10_frequency_resolution_grid,phase,16,4,0.0,False,,1,2,1.7828396324606504,0.37656470588235297,1.7611282791137695,0.3764
cifar10_frequency_resolution_grid,phase,16,4,0.0,False,,1,3,1.6509700187234317,0.4253411764705882,1.705480246734619,0.3953333333333333
cifar10_frequency_resolution_grid,phase,16,4,0.0,False,,1,4,1.545010497968337,0.4641882352941176,1.7046107405980429,0.3964
cifar10_frequency_resolution_grid,phase,16,4,0.0,False,,1,5,1.443900291779462,0.4987764705882353,1.682287438583374,0.402
cifar10_frequency_resolution_grid,phase,16,4,0.0,False,,1,6,1.3514585898231057,0.5352941176470588,1.6672411461512249,0.42186666666666667
cifar10_frequency_resolution_grid,phase,16,4,0.0,False,,1,7,1.2575390015433816,0.5736941176470588,1.662714489110311,0.41786666666666666
cifar10_frequency_resolution_grid,phase,16,4,0.0,False,,1,8,1.157278449120241,0.611035294117647,1.684310180155436,0.4204
cifar10_frequency_resolution_grid,phase,16,4,0.0,False,,1,9,1.0715205083959243,0.6432235294117647,1.7009744501749675,0.4226666666666667
cifar10_frequency_resolution_grid,phase,16,4,0.0,False,,1,10,0.9788151380763335,0.6814588235294118,1.692332859357198,0.42746666666666666
cifar10_frequency_resolution_grid,phase,16,4,0.0,False,,1,11,0.8937090470159755,0.7134352941176471,1.7508239859263102,0.4185333333333333
cifar10_frequency_resolution_grid,phase,16,4,0.0,False,,1,12,0.7981121601890115,0.754235294117647,1.7769164825439454,0.41373333333333334
cifar10_frequency_resolution_grid,phase,16,4,0.0,False,,1,13,0.7224066168280209,0.7824705882352941,1.8012614846547446,0.41706666666666664
cifar10_frequency_resolution_grid,phase,16,4,0.0,False,,1,14,0.6514432290469899,0.8117882352941177,1.8972808742523193,0.3990666666666667
cifar10_frequency_resolution_grid,phase,16,4,0.0,False,,1,15,0.5809870519441717,0.8379294117647059,1.8983687063852945,0.40773333333333334
cifar10_frequency_resolution_grid,phase,16,4,0.0,False,,1,16,0.5138284454401801,0.8633411764705883,1.9982771231333414,0.39653333333333335
cifar10_frequency_resolution_grid,phase,16,4,0.0,False,,1,17,0.4551147756913129,0.8846352941176471,1.969440207417806,0.4036
cifar10_frequency_resolution_grid,phase,16,4,0.0,False,,1,18,0.3952862038191627,0.9051529411764706,2.0219463668823243,0.4110666666666667
cifar10_frequency_resolution_grid,phase,16,4,0.0,False,,1,19,0.34936909607999467,0.9203529411764706,2.0421155877431234,0.41386666666666666
cifar10_frequency_resolution_grid,phase,16,4,0.0,False,,1,20,0.29989852713837345,0.9382117647058823,2.109692306137085,0.4104
cifar10_frequency_resolution_grid,phase,16,4,0.0,False,,2,1,2.00079254136927,0.2899764705882353,1.8752917722066242,0.33226666666666665
cifar10_frequency_resolution_grid,phase,16,4,0.0,False,,2,2,1.7778116760253906,0.37830588235294116,1.8006613133748373,0.36506666666666665
cifar10_frequency_resolution_grid,phase,16,4,0.0,False,,2,3,1.6517825180278105,0.4219294117647059,1.7430721415201822,0.37493333333333334
cifar10_frequency_resolution_grid,phase,16,4,0.0,False,,2,4,1.5448454101786895,0.4636,1.6992765361785889,0.40413333333333334
cifar10_frequency_resolution_grid,phase,16,4,0.0,False,,2,5,1.4456385350171257,0.5009411764705882,1.6829403824488323,0.4044
cifar10_frequency_resolution_grid,phase,16,4,0.0,False,,2,6,1.3538720859415392,0.5345647058823529,1.665352957979838,0.4096
cifar10_frequency_resolution_grid,phase,16,4,0.0,False,,2,7,1.2581142196991864,0.5735764705882352,1.670656216875712,0.41186666666666666
cifar10_frequency_resolution_grid,phase,16,4,0.0,False,,2,8,1.1597974577174468,0.6121882352941177,1.676652924156189,0.41946666666666665
cifar10_frequency_resolution_grid,phase,16,4,0.0,False,,2,9,1.069135536328484,0.6459764705882353,1.709464250055949,0.41173333333333334
cifar10_frequency_resolution_grid,phase,16,4,0.0,False,,2,10,0.9777987322751214,0.6822823529411765,1.702006528155009,0.4146666666666667
cifar10_frequency_resolution_grid,phase,16,4,0.0,False,,2,11,0.8900774466767031,0.7168,1.7166862058003745,0.41746666666666665
cifar10_frequency_resolution_grid,phase,16,4,0.0,False,,2,12,0.7979804669436287,0.7543529411764706,1.7908737446467082,0.4093333333333333
cifar10_frequency_resolution_grid,phase,16,4,0.0,False,,2,13,0.7258732093698839,0.7798588235294117,1.7879006443659464,0.4186666666666667
cifar10_frequency_resolution_grid,phase,16,4,0.0,False,,2,14,0.6451628878873937,0.8127294117647059,1.8710253515243531,0.4064
cifar10_frequency_resolution_grid,phase,16,4,0.0,False,,2,15,0.580570945851943,0.8372705882352941,1.8907292788187662,0.404
cifar10_frequency_resolution_grid,phase,16,4,0.0,False,,2,16,0.5219231799967149,0.8586823529411765,1.9281073603947958,0.40066666666666667
cifar10_frequency_resolution_grid,phase,16,4,0.0,False,,2,17,0.4558236827289357,0.8838588235294118,1.9580431599934895,0.40453333333333336
cifar10_frequency_resolution_grid,phase,16,4,0.0,False,,2,18,0.40022003913767196,0.9043764705882353,1.9785516460418702,0.4064
cifar10_frequency_resolution_grid,phase,16,4,0.0,False,,2,19,0.3547633489889257,0.9191294117647059,2.1018022291819256,0.39626666666666666
cifar10_frequency_resolution_grid,phase,16,4,0.0,False,,2,20,0.3166008847867741,0.9293411764705882,2.072552347691854,0.40253333333333335
cifar10_frequency_resolution_grid,phase,16,6,0.0,False,,0,1,2.0475628202213962,0.2768,1.9495800105412802,0.30733333333333335
cifar10_frequency_resolution_grid,phase,16,6,0.0,False,,0,2,1.8101878392051247,0.3675294117647059,1.8137708069483438,0.35746666666666665
cifar10_frequency_resolution_grid,phase,16,6,0.0,False,,0,3,1.667822205801571,0.4208,1.7644817571640015,0.3821333333333333
cifar10_frequency_resolution_grid,phase,16,6,0.0,False,,0,4,1.5443649616690243,0.4647058823529412,1.7236414106369018,0.39026666666666665
cifar10_frequency_resolution_grid,phase,16,6,0.0,False,,0,5,1.4336390689513263,0.5044941176470589,1.6992159850438435,0.40746666666666664
cifar10_frequency_resolution_grid,phase,16,6,0.0,False,,0,6,1.3132845805224251,0.5492470588235294,1.72140258324941,0.40413333333333334
cifar10_frequency_resolution_grid,phase,16,6,0.0,False,,0,7,1.2074770047692691,0.5866823529411764,1.7209323666890461,0.40973333333333334
cifar10_frequency_resolution_grid,phase,16,6,0.0,False,,0,8,1.098066400011848,0.6289176470588236,1.745679834429423,0.4048
cifar10_frequency_resolution_grid,phase,16,6,0.0,False,,0,9,0.9839248014674468,0.6758823529411765,1.773890565745036,0.4092
cifar10_frequency_resolution_grid,phase,16,6,0.0,False,,0,10,0.87297724182746,0.7189176470588236,1.8380080811182657,0.40173333333333333
cifar10_frequency_resolution_grid,phase,16,6,0.0,False,,0,11,0.7741946872598985,0.7580235294117647,1.8797077363332113,0.39986666666666665
cifar10_frequency_resolution_grid,phase,16,6,0.0,False,,0,12,0.6775788258524502,0.7950117647058823,1.9076858489990234,0.40986666666666666
cifar10_frequency_resolution_grid,phase,16,6,0.0,False,,0,13,0.5842016644169302,0.8301647058823529,1.9532612089792887,0.404
cifar10_frequency_resolution_grid,phase,16,6,0.0,False,,0,14,0.4910350292149712,0.8695294117647059,2.0233629088083904,0.40573333333333333
cifar10_frequency_resolution_grid,phase,16,6,0.0,False,,0,15,0.4348851561840843,0.8866823529411765,2.1140591075897217,0.39453333333333335
cifar10_frequency_resolution_grid,phase,16,6,0.0,False,,0,16,0.3516724396944046,0.9177882352941177,2.1433895853678386,0.4028
cifar10_frequency_resolution_grid,phase,16,6,0.0,False,,0,17,0.2923123243163614,0.937435294117647,2.303057047398885,0.3894666666666667
cifar10_frequency_resolution_grid,phase,16,6,0.0,False,,0,18,0.26210349878142863,0.9451058823529411,2.307585082753499,0.39786666666666665
cifar10_frequency_resolution_grid,phase,16,6,0.0,False,,0,19,0.20597229604160083,0.9642823529411765,2.3401111871083575,0.39826666666666666
cifar10_frequency_resolution_grid,phase,16,6,0.0,False,,0,20,0.16635319050901076,0.9752941176470589,2.4270410250345864,0.38613333333333333
cifar10_frequency_resolution_grid,phase,16,6,0.0,False,,1,1,2.045822041275922,0.27536470588235296,1.9069868931452434,0.3252
cifar10_frequency_resolution_grid,phase,16,6,0.0,False,,1,2,1.8137895992615645,0.3668235294117647,1.7922508853912353,0.3724
cifar10_frequency_resolution_grid,phase,16,6,0.0,False,,1,3,1.6716809586468866,0.4193176470588235,1.7221591857910157,0.3916
cifar10_frequency_resolution_grid,phase,16,6,0.0,False,,1,4,1.5523669360104728,0.46087058823529414,1.7042802817662557,0.4024
cifar10_frequency_resolution_grid,phase,16,6,0.0,False,,1,5,1.4422918927809771,0.5013882352941177,1.6802616062800089,0.4076
cifar10_frequency_resolution_grid,phase,16,6,0.0,False,,1,6,1.3275337499281938,0.5435058823529412,1.6824360326766967,0.4104
cifar10_frequency_resolution_grid,phase,16,6,0.0,False,,1,7,1.218278542249343,0.5836941176470588,1.6751089129765828,0.4182666666666667
cifar10_frequency_resolution_grid,phase,16,6,0.0,False,,1,8,1.1027562881133135,0.6283294117647059,1.6942672775904337,0.42146666666666666
cifar10_frequency_resolution_grid,phase,16,6,0.0,False,,1,9,0.991454981287788,0.6729647058823529,1.7231747593561808,0.4148
cifar10_frequency_resolution_grid,phase,16,6,0.0,False,,1,10,0.8847423650741577,0.7122588235294117,1.7471477922439576,0.4225333333333333
cifar10_frequency_resolution_grid,phase,16,6,0.0,False,,1,11,0.7786620022563373,0.7558823529411764,1.817853096262614,0.4144
cifar10_frequency_resolution_grid,phase,16,6,0.0,False,,1,12,0.669479635625727,0.7962823529411764,1.8467373062769572,0.41373333333333334
cifar10_frequency_resolution_grid,phase,16,6,0.0,False,,1,13,0.5727751130047967,0.8371294117647059,1.921427791595459,0.40853333333333336
cifar10_frequency_resolution_grid,phase,16,6,0.0,False,,1,14,0.5002248522477991,0.8618588235294118,2.017303879292806,0.3990666666666667
cifar10_frequency_resolution_grid,phase,16,6,0.0,False,,1,15,0.4426242967886083,0.8836705882352941,2.0384510547637937,0.40626666666666666
cifar10_frequency_resolution_grid,phase,16,6,0.0,False,,1,16,0.36165967207375693,0.9122117647058824,2.108482451248169,0.39813333333333334
cifar10_frequency_resolution_grid,phase,16,6,0.0,False,,1,17,0.2923075303330141,0.9389647058823529,2.149133426030477,0.40653333333333336
cifar10_frequency_resolution_grid,phase,16,6,0.0,False,,1,18,0.24821145959741928,0.9512941176470588,2.22061774559021,0.40853333333333336
cifar10_frequency_resolution_grid,phase,16,6,0.0,False,,1,19,0.21296260538662182,0.9603294117647059,2.2902265452067057,0.39973333333333333
cifar10_frequency_resolution_grid,phase,16,6,0.0,False,,1,20,0.17471976370811462,0.9719294117647059,2.340385883204142,0.4109333333333333
cifar10_frequency_resolution_grid,phase,16,6,0.0,False,,2,1,2.057053804285386,0.27343529411764705,1.925796984799703,0.3102666666666667
cifar10_frequency_resolution_grid,phase,16,6,0.0,False,,2,2,1.8177200923246495,0.3673647058823529,1.807729645093282,0.3621333333333333
cifar10_frequency_resolution_grid,phase,16,6,0.0,False,,2,3,1.6814744304320393,0.41543529411764707,1.7562410139083862,0.3764
cifar10_frequency_resolution_grid,phase,16,6,0.0,False,,2,4,1.5641680975072525,0.45792941176470586,1.697317490832011,0.4012
cifar10_frequency_resolution_grid,phase,16,6,0.0,False,,2,5,1.4546683127234963,0.49661176470588236,1.6915441167195637,0.4009333333333333
cifar10_frequency_resolution_grid,phase,16,6,0.0,False,,2,6,1.3430098816815546,0.5380705882352941,1.673200107574463,0.41386666666666666
cifar10_frequency_resolution_grid,phase,16,6,0.0,False,,2,7,1.2313139820884256,0.5803294117647059,1.6908933717091879,0.41213333333333335
cifar10_frequency_resolution_grid,phase,16,6,0.0,False,,2,8,1.1167318546435412,0.6218117647058824,1.714262817064921,0.4104
cifar10_frequency_resolution_grid,phase,16,6,0.0,False,,2,9,1.0063284283357508,0.6666823529411765,1.743834450785319,0.41506666666666664
cifar10_frequency_resolution_grid,phase,16,6,0.0,False,,2,10,0.8998949494361878,0.7072,1.7440952796936036,0.41773333333333335
cifar10_frequency_resolution_grid,phase,16,6,0.0,False,,2,11,0.7893837633020737,0.7538823529411764,1.8188970053990683,0.4182666666666667
cifar10_frequency_resolution_grid,phase,16,6,0.0,False,,2,12,0.6912093422160429,0.7913411764705882,1.8895548320770263,0.4016
cifar10_frequency_resolution_grid,phase,16,6,0.0,False,,2,13,0.5968467319488525,0.8266823529411764,1.9069090571085612,0.4112
cifar10_frequency_resolution_grid,phase,16,6,0.0,False,,2,14,0.5108267458523021,0.8588235294117647,1.981169842974345,0.40586666666666665
cifar10_frequency_resolution_grid,phase,16,6,0.0,False,,2,15,0.4473872427968418,0.882,2.054991461054484,0.3994666666666667
cifar10_frequency_resolution_grid,phase,16,6,0.0,False,,2,16,0.3650858162964092,0.9137647058823529,2.068003637186686,0.4044
cifar10_frequency_resolution_grid,phase,16,6,0.0,False,,2,17,0.3088132284052232,0.9334117647058824,2.1669041159311933,0.40373333333333333
cifar10_frequency_resolution_grid,phase,16,6,0.0,False,,2,18,0.2572094453026267,0.9485882352941176,2.199362849807739,0.4026666666666667
cifar10_frequency_resolution_grid,phase,16,6,0.0,False,,2,19,0.22041726291460148,0.9594117647058824,2.2929875556945802,0.4032
cifar10_frequency_resolution_grid,phase,16,6,0.0,False,,2,20,0.18056419307905086,0.9708470588235294,2.336232860692342,0.40453333333333336
cifar10_frequency_resolution_grid,phase,16,8,0.0,False,,0,1,2.0735420874988333,0.26950588235294115,1.9821120756785076,0.2962666666666667
cifar10_frequency_resolution_grid,phase,16,8,0.0,False,,0,2,1.8413522282095516,0.35651764705882355,1.839403361384074,0.35013333333333335
cifar10_frequency_resolution_grid,phase,16,8,0.0,False,,0,3,1.7053017134273754,0.4071294117647059,1.771913682492574,0.3752
cifar10_frequency_resolution_grid,phase,16,8,0.0,False,,0,4,1.5840563085443833,0.4547058823529412,1.7372677649180095,0.39013333333333333
cifar10_frequency_resolution_grid,phase,16,8,0.0,False,,0,5,1.4710767432268927,0.49098823529411767,1.7239531271616617,0.39626666666666666
cifar10_frequency_resolution_grid,phase,16,8,0.0,False,,0,6,1.356269817868401,0.5348941176470589,1.7399214195887247,0.4028
cifar10_frequency_resolution_grid,phase,16,8,0.0,False,,0,7,1.2490931146733901,0.5713176470588235,1.7399477073033651,0.4130666666666667
cifar10_frequency_resolution_grid,phase,16,8,0.0,False,,0,8,1.1345399651471306,0.6166117647058823,1.781049267578125,0.40186666666666665
cifar10_frequency_resolution_grid,phase,16,8,0.0,False,,0,9,1.0173450446184944,0.6598823529411765,1.8534840856552124,0.4004
cifar10_frequency_resolution_grid,phase,16,8,0.0,False,,0,10,0.8955886122591356,0.7059058823529412,1.8903679873784383,0.3977333333333333
cifar10_frequency_resolution_grid,phase,16,8,0.0,False,,0,11,0.7778162459429573,0.7511764705882353,1.9515773668924967,0.3877333333333333
cifar10_frequency_resolution_grid,phase,16,8,0.0,False,,0,12,0.6717803475436043,0.7908235294117647,1.9935367638905843,0.3988
cifar10_frequency_resolution_grid,phase,16,8,0.0,False,,0,13,0.5722894948706907,0.8297176470588236,2.0770395172119143,0.3936
cifar10_frequency_resolution_grid,phase,16,8,0.0,False,,0,14,0.4727553133207209,0.8684235294117647,2.15954151318868,0.396
cifar10_frequency_resolution_grid,phase,16,8,0.0,False,,0,15,0.3899061561163734,0.8983294117647059,2.260127864583333,0.38653333333333334
cifar10_frequency_resolution_grid,phase,16,8,0.0,False,,0,16,0.31457852307908674,0.9278352941176471,2.3209039789835613,0.38306666666666667
cifar10_frequency_resolution_grid,phase,16,8,0.0,False,,0,17,0.2542474223249099,0.9476941176470588,2.4350768609364826,0.38706666666666667
cifar10_frequency_resolution_grid,phase,16,8,0.0,False,,0,18,0.2267623721739825,0.9541647058823529,2.4807373743693035,0.39026666666666665
cifar10_frequency_resolution_grid,phase,16,8,0.0,False,,0,19,0.1692966774491703,0.9722823529411765,2.557362532933553,0.38706666666666667
cifar10_frequency_resolution_grid,phase,16,8,0.0,False,,0,20,0.1375143638007781,0.9803529411764705,2.661311320241292,0.38666666666666666
cifar10_frequency_resolution_grid,phase,16,8,0.0,False,,1,1,2.0673032844543457,0.27183529411764706,1.9391572992960613,0.32053333333333334
cifar10_frequency_resolution_grid,phase,16,8,0.0,False,,1,2,1.8421759491864373,0.35901176470588236,1.8259450766245524,0.3589333333333333
cifar10_frequency_resolution_grid,phase,16,8,0.0,False,,1,3,1.7101055620081285,0.4056705882352941,1.7538870668411255,0.3814666666666667
cifar10_frequency_resolution_grid,phase,16,8,0.0,False,,1,4,1.5945215312957763,0.4471294117647059,1.7379186398188273,0.39466666666666667
cifar10_frequency_resolution_grid,phase,16,8,0.0,False,,1,5,1.4830239098100102,0.4896235294117647,1.7020085321426393,0.4
cifar10_frequency_resolution_grid,phase,16,8,0.0,False,,1,6,1.3657926588619456,0.5320941176470588,1.7123427597681682,0.40573333333333333
cifar10_frequency_resolution_grid,phase,16,8,0.0,False,,1,7,1.2573223907134112,0.5697411764705882,1.7179309958140054,0.4066666666666667
cifar10_frequency_resolution_grid,phase,16,8,0.0,False,,1,8,1.1408988939173081,0.6132941176470589,1.7571797627766927,0.406
cifar10_frequency_resolution_grid,phase,16,8,0.0,False,,1,9,1.018350888375675,0.6631294117647059,1.790655748939514,0.40613333333333335
cifar10_frequency_resolution_grid,phase,16,8,0.0,False,,1,10,0.9013192818697761,0.7053176470588235,1.8212946969985961,0.4092
cifar10_frequency_resolution_grid,phase,16,8,0.0,False,,1,11,0.7867351535123938,0.7478588235294118,1.9043671412785848,0.4009333333333333
cifar10_frequency_resolution_grid,phase,16,8,0.0,False,,1,12,0.6682655837227316,0.7975294117647059,1.9323442604700725,0.406
cifar10_frequency_resolution_grid,phase,16,8,0.0,False,,1,13,0.5651037284486434,0.8345411764705882,2.009807357215881,0.39586666666666664
cifar10_frequency_resolution_grid,phase,16,8,0.0,False,,1,14,0.47722632277993593,0.8648,2.0988874062856038,0.39493333333333336
cifar10_frequency_resolution_grid,phase,16,8,0.0,False,,1,15,0.4120744991190293,0.8890117647058824,2.1552244277954102,0.4012
cifar10_frequency_resolution_grid,phase,16,8,0.0,False,,1,16,0.340131639660106,0.9153176470588236,2.2485545316060382,0.3928
cifar10_frequency_resolution_grid,phase,16,8,0.0,False,,1,17,0.2649627706864301,0.9418823529411765,2.3455720102945965,0.3924
cifar10_frequency_resolution_grid,phase,16,8,0.0,False,,1,18,0.21540207598069136,0.9588,2.4045409679412844,0.38986666666666664
cifar10_frequency_resolution_grid,phase,16,8,0.0,False,,1,19,0.18506101186135235,0.9660235294117647,2.4954105271657308,0.3930666666666667
cifar10_frequency_resolution_grid,phase,16,8,0.0,False,,1,20,0.14632272450783673,0.9774117647058823,2.5962580930074055,0.3888
cifar10_frequency_resolution_grid,phase,16,8,0.0,False,,2,1,2.0755500131943645,0.27103529411764704,1.9520356643676757,0.3116
cifar10_frequency_resolution_grid,phase,16,8,0.0,False,,2,2,1.841953308913287,0.3600235294117647,1.8320540224075317,0.35213333333333335
cifar10_frequency_resolution_grid,phase,16,8,0.0,False,,2,3,1.7045264106750488,0.4072,1.7670674217859903,0.3768
cifar10_frequency_resolution_grid,phase,16,8,0.0,False,,2,4,1.5937094562306124,0.4470588235294118,1.7316833227793376,0.3888
cifar10_frequency_resolution_grid,phase,16,8,0.0,False,,2,5,1.488080571713167,0.48505882352941176,1.718924843343099,0.3974666666666667
cifar10_frequency_resolution_grid,phase,16,8,0.0,False,,2,6,1.378784011302275,0.5270117647058824,1.7059576683044433,0.41213333333333335
cifar10_frequency_resolution_grid,phase,16,8,0.0,False,,2,7,1.2676321089351879,0.5685882352941176,1.738845060412089,0.4008
cifar10_frequency_resolution_grid,phase,16,8,0.0,False,,2,8,1.146136724763758,0.6115058823529411,1.7421041220347087,0.4048
cifar10_frequency_resolution_grid,phase,16,8,0.0,False,,2,9,1.0248152675853055,0.657035294117647,1.7937241920471192,0.40226666666666666
cifar10_frequency_resolution_grid,phase,16,8,0.0,False,,2,10,0.9046327031079461,0.7024470588235294,1.8337797578175863,0.406
cifar10_frequency_resolution_grid,phase,16,8,0.0,False,,2,11,0.7818696884940652,0.7525176470588235,1.8764941930770873,0.4076
cifar10_frequency_resolution_grid,phase,16,8,0.0,False,,2,12,0.6760051551033469,0.7906117647058823,1.9632225620269776,0.39666666666666667
cifar10_frequency_resolution_grid,phase,16,8,0.0,False,,2,13,0.5712581059063182,0.8294588235294118,2.0128137093861898,0.40213333333333334
cifar10_frequency_resolution_grid,phase,16,8,0.0,False,,2,14,0.4763167491351857,0.8686588235294118,2.116735114542643,0.3984
cifar10_frequency_resolution_grid,phase,16,8,0.0,False,,2,15,0.398368230713115,0.8950117647058824,2.17416645266215,0.39413333333333334
cifar10_frequency_resolution_grid,phase,16,8,0.0,False,,2,16,0.31831064308951884,0.9257647058823529,2.2622381425221763,0.39026666666666665
cifar10_frequency_resolution_grid,phase,16,8,0.0,False,,2,17,0.2599165479176185,0.9463058823529412,2.3123233259836833,0.39293333333333336
cifar10_frequency_resolution_grid,phase,16,8,0.0,False,,2,18,0.20161393139081843,0.9648941176470588,2.4096722586313883,0.3877333333333333
cifar10_frequency_resolution_grid,phase,16,8,0.0,False,,2,19,0.16157570530106038,0.9747294117647058,2.4899055566151937,0.394
cifar10_frequency_resolution_grid,phase,16,8,0.0,False,,2,20,0.13341471450749565,0.9825882352941177,2.583114785639445,0.3974666666666667
cifar10_frequency_resolution_grid,phase,16,12,0.0,False,,0,1,2.131204547444512,0.25635294117647056,2.015533770751953,0.28733333333333333
cifar10_frequency_resolution_grid,phase,16,12,0.0,False,,0,2,1.8911027190488927,0.3407058823529412,1.8969203653971354,0.34253333333333336
cifar10_frequency_resolution_grid,phase,16,12,0.0,False,,0,3,1.7908875200047212,0.3784705882352941,1.8450702250798543,0.35786666666666667
cifar10_frequency_resolution_grid,phase,16,12,0.0,False,,0,4,1.6927572724286248,0.41468235294117645,1.799162225341797,0.368
cifar10_frequency_resolution_grid,phase,16,12,0.0,False,,0,5,1.5887734979180728,0.45148235294117645,1.753885088857015,0.38266666666666665
cifar10_frequency_resolution_grid,phase,16,12,0.0,False,,0,6,1.4841426185159121,0.4878588235294118,1.7403348333358766,0.4010666666666667
cifar10_frequency_resolution_grid,phase,16,12,0.0,False,,0,7,1.3865766849293428,0.5234588235294118,1.7352943661371867,0.40853333333333336
cifar10_frequency_resolution_grid,phase,16,12,0.0,False,,0,8,1.2795468268899357,0.5628705882352941,1.7633300963083902,0.4064
cifar10_frequency_resolution_grid,phase,16,12,0.0,False,,0,9,1.1697778229881735,0.6010352941176471,1.8161451881408692,0.4014666666666667
cifar10_frequency_resolution_grid,phase,16,12,0.0,False,,0,10,1.0498522025164436,0.6472941176470588,1.848023863283793,0.4026666666666667
cifar10_frequency_resolution_grid,phase,16,12,0.0,False,,0,11,0.9350653810332803,0.6888,1.9313618223190308,0.39226666666666665
cifar10_frequency_resolution_grid,phase,16,12,0.0,False,,0,12,0.8233289194583893,0.7289882352941176,1.9662967350641887,0.39866666666666667
cifar10_frequency_resolution_grid,phase,16,12,0.0,False,,0,13,0.7065793398576624,0.7755529411764706,2.0567886768341066,0.3954666666666667
cifar10_frequency_resolution_grid,phase,16,12,0.0,False,,0,14,0.6000847863870509,0.8146823529411765,2.1273492886861165,0.39666666666666667
cifar10_frequency_resolution_grid,phase,16,12,0.0,False,,0,15,0.5044736788637498,0.8505176470588235,2.2681626079559325,0.3836
cifar10_frequency_resolution_grid,phase,16,12,0.0,False,,0,16,0.4274561811650501,0.8774588235294117,2.3315531379699705,0.3796
cifar10_frequency_resolution_grid,phase,16,12,0.0,False,,0,17,0.33224174138798435,0.9128235294117647,2.428204997762044,0.3857333333333333
cifar10_frequency_resolution_grid,phase,16,12,0.0,False,,0,18,0.2727048858530381,0.9357176470588235,2.5174390137990317,0.3877333333333333
cifar10_frequency_resolution_grid,phase,16,12,0.0,False,,0,19,0.22317308707938474,0.9504705882352941,2.5935085739135744,0.3797333333333333
cifar10_frequency_resolution_grid,phase,16,12,0.0,False,,0,20,0.17432614627305199,0.9674352941176471,2.7284261322021486,0.3821333333333333
cifar10_frequency_resolution_grid,phase,16,12,0.0,False,,1,1,2.123955619430542,0.26181176470588235,1.9747281318664551,0.3061333333333333
cifar10_frequency_resolution_grid,phase,16,12,0.0,False,,1,2,1.8977437497980454,0.3367058823529412,1.8920080404917399,0.34186666666666665
cifar10_frequency_resolution_grid,phase,16,12,0.0,False,,1,3,1.796575437298943,0.37430588235294115,1.8208591574986777,0.35813333333333336
cifar10_frequency_resolution_grid,phase,16,12,0.0,False,,1,4,1.6997022904339958,0.4097411764705882,1.787123257891337,0.3741333333333333
cifar10_frequency_resolution_grid,phase,16,12,0.0,False,,1,5,1.6039285016789155,0.44889411764705883,1.7359152262369792,0.388
cifar10_frequency_resolution_grid,phase,16,12,0.0,False,,1,6,1.5033802654939539,0.48461176470588235,1.731972653579712,0.3990666666666667
cifar10_frequency_resolution_grid,phase,16,12,0.0,False,,1,7,1.4064968822254853,0.5184,1.726508190981547,0.40213333333333334
cifar10_frequency_resolution_grid,phase,16,12,0.0,False,,1,8,1.3043574747422162,0.5565176470588236,1.7553709940592448,0.40613333333333335
cifar10_frequency_resolution_grid,phase,16,12,0.0,False,,1,9,1.1901742688571706,0.5976470588235294,1.7754633467992147,0.4086666666666667
cifar10_frequency_resolution_grid,phase,16,12,0.0,False,,1,10,1.0779778134065516,0.635835294117647,1.822785862414042,0.4068
cifar10_frequency_resolution_grid,phase,16,12,0.0,False,,1,11,0.9552163522523992,0.6844941176470588,1.9181631364822387,0.39186666666666664
cifar10_frequency_resolution_grid,phase,16,12,0.0,False,,1,12,0.8438606099184822,0.7241882352941177,1.955401625951131,0.3888
cifar10_frequency_resolution_grid,phase,16,12,0.0,False,,1,13,0.7325501802781049,0.7679529411764706,2.008640946896871,0.3972
cifar10_frequency_resolution_grid,phase,16,12,0.0,False,,1,14,0.6345501748281367,0.8000705882352941,2.0963345801671345,0.38893333333333335
cifar10_frequency_resolution_grid,phase,16,12,0.0,False,,1,15,0.5385318352474886,0.835435294117647,2.207151192855835,0.3916
cifar10_frequency_resolution_grid,phase,16,12,0.0,False,,1,16,0.43478356389438405,0.8772,2.308567120615641,0.38
cifar10_frequency_resolution_grid,phase,16,12,0.0,False,,1,17,0.36637247481907115,0.8998352941176471,2.42374607035319,0.38133333333333336
cifar10_frequency_resolution_grid,phase,16,12,0.0,False,,1,18,0.29125608576045314,0.9278823529411765,2.489813111495972,0.3874666666666667
cifar10_frequency_resolution_grid,phase,16,12,0.0,False,,1,19,0.2402973234022365,0.9459764705882353,2.5834082586924234,0.3816
cifar10_frequency_resolution_grid,phase,16,12,0.0,False,,1,20,0.19117306394296535,0.9612941176470589,2.7065481881459554,0.3774666666666667
cifar10_frequency_resolution_grid,phase,16,12,0.0,False,,2,1,2.123367182159424,0.26129411764705884,1.9687161928812662,0.3038666666666667
cifar10_frequency_resolution_grid,phase,16,12,0.0,False,,2,2,1.885666711986766,0.3436470588235294,1.8875511897404988,0.3389333333333333
cifar10_frequency_resolution_grid,phase,16,12,0.0,False,,2,3,1.7763305712531594,0.3827058823529412,1.8260608175913493,0.3536
cifar10_frequency_resolution_grid,phase,16,12,0.0,False,,2,4,1.6787187834346995,0.42096470588235296,1.7732146585464477,0.3661333333333333
cifar10_frequency_resolution_grid,phase,16,12,0.0,False,,2,5,1.5796402884315042,0.45788235294117646,1.7618033919652303,0.37453333333333333
cifar10_frequency_resolution_grid,phase,16,12,0.0,False,,2,6,1.4805692884557387,0.4913647058823529,1.734989475440979,0.40253333333333335
cifar10_frequency_resolution_grid,phase,16,12,0.0,False,,2,7,1.384085295194738,0.5273411764705882,1.7648778866449992,0.394
cifar10_frequency_resolution_grid,phase,16,12,0.0,False,,2,8,1.2774442720216863,0.5654588235294118,1.7690078854878744,0.40213333333333334
cifar10_frequency_resolution_grid,phase,16,12,0.0,False,,2,9,1.1658763311386109,0.6077411764705882,1.8034817259470621,0.39466666666666667
cifar10_frequency_resolution_grid,phase,16,12,0.0,False,,2,10,1.056306904815225,0.6459058823529412,1.8483059310913086,0.3933333333333333
cifar10_frequency_resolution_grid,phase,16,12,0.0,False,,2,11,0.9401233876172234,0.6887529411764706,1.8858915808995564,0.39853333333333335
cifar10_frequency_resolution_grid,phase,16,12,0.0,False,,2,12,0.8333934299020206,0.7284235294117647,1.969118060684204,0.3897333333333333
cifar10_frequency_resolution_grid,phase,16,12,0.0,False,,2,13,0.7234854035910439,0.7678352941176471,2.0269939356486004,0.3924
cifar10_frequency_resolution_grid,phase,16,12,0.0,False,,2,14,0.6119454065996058,0.811435294117647,2.1235014497121174,0.3908
cifar10_frequency_resolution_grid,phase,16,12,0.0,False,,2,15,0.5244431306053611,0.8429882352941176,2.227077350616455,0.3878666666666667
cifar10_frequency_resolution_grid,phase,16,12,0.0,False,,2,16,0.44202893105114205,0.8717176470588235,2.3227677256266275,0.37733333333333335
cifar10_frequency_resolution_grid,phase,16,12,0.0,False,,2,17,0.3622467789481668,0.901364705882353,2.4393039384206134,0.3757333333333333
cifar10_frequency_resolution_grid,phase,16,12,0.0,False,,2,18,0.29509333872514615,0.9250823529411765,2.4922853160858156,0.374
cifar10_frequency_resolution_grid,phase,16,12,0.0,False,,2,19,0.23120214894519134,0.9492941176470588,2.5796222025553384,0.38106666666666666
cifar10_frequency_resolution_grid,phase,16,12,0.0,False,,2,20,0.1888791336662629,0.9612470588235295,2.700618545659383,0.3737333333333333
cifar10_frequency_resolution_grid,phase,16,16,0.0,False,,0,1,2.230572428288179,0.23583529411764706,2.0981143904368085,0.2636
cifar10_frequency_resolution_grid,phase,16,16,0.0,False,,0,2,1.9364915685990278,0.3244235294117647,1.931447030766805,0.32666666666666666
cifar10_frequency_resolution_grid,phase,16,16,0.0,False,,0,3,1.84217299229117,0.36174117647058823,1.8883276573181151,0.3409333333333333
cifar10_frequency_resolution_grid,phase,16,16,0.0,False,,0,4,1.7663325223249549,0.3904705882352941,1.8440020228703817,0.35186666666666666
cifar10_frequency_resolution_grid,phase,16,16,0.0,False,,0,5,1.6858752487294815,0.4179764705882353,1.8010917460123699,0.37733333333333335
cifar10_frequency_resolution_grid,phase,16,16,0.0,False,,0,6,1.604393623531566,0.44618823529411766,1.7871946171442668,0.3804
cifar10_frequency_resolution_grid,phase,16,16,0.0,False,,0,7,1.5259138660206515,0.47138823529411766,1.7714615027109781,0.3894666666666667
cifar10_frequency_resolution_grid,phase,16,16,0.0,False,,0,8,1.4418669518863454,0.503835294117647,1.7674687662124633,0.3914666666666667
cifar10_frequency_resolution_grid,phase,16,16,0.0,False,,0,9,1.3488362426982206,0.5379058823529411,1.8064680822372436,0.398
cifar10_frequency_resolution_grid,phase,16,16,0.0,False,,0,10,1.2511445402930765,0.5724470588235294,1.8351338149388632,0.394
cifar10_frequency_resolution_grid,phase,16,16,0.0,False,,0,11,1.155482622797349,0.6045882352941176,1.892040449778239,0.39213333333333333
cifar10_frequency_resolution_grid,phase,16,16,0.0,False,,0,12,1.052256406133315,0.6431294117647058,1.9117970891316731,0.39213333333333333
cifar10_frequency_resolution_grid,phase,16,16,0.0,False,,0,13,0.9441416590971106,0.6818823529411765,1.9830183867136637,0.3876
cifar10_frequency_resolution_grid,phase,16,16,0.0,False,,0,14,0.8440592153380899,0.7202588235294117,2.049146815999349,0.38906666666666667
cifar10_frequency_resolution_grid,phase,16,16,0.0,False,,0,15,0.7379071003577289,0.7603529411764706,2.1470742973327637,0.3834666666666667
cifar10_frequency_resolution_grid,phase,16,16,0.0,False,,0,16,0.6314943995531868,0.7999058823529411,2.2372656733194987,0.38
cifar10_frequency_resolution_grid,phase,16,16,0.0,False,,0,17,0.5453678334011751,0.8289882352941177,2.3224096839904784,0.38
cifar10_frequency_resolution_grid,phase,16,16,0.0,False,,0,18,0.4522515430618735,0.8661176470588235,2.4178781040191653,0.37906666666666666
cifar10_frequency_resolution_grid,phase,16,16,0.0,False,,0,19,0.37743164580289057,0.8945882352941177,2.5227271195729575,0.3777333333333333
cifar10_frequency_resolution_grid,phase,16,16,0.0,False,,0,20,0.299790765246223,0.9219529411764706,2.6587148885091145,0.36506666666666665
cifar10_frequency_resolution_grid,phase,16,16,0.0,False,,1,1,2.215895999145508,0.2411529411764706,2.0366839275360107,0.2826666666666667
cifar10_frequency_resolution_grid,phase,16,16,0.0,False,,1,2,1.9426146181891946,0.3207058823529412,1.9312630953470866,0.3264
cifar10_frequency_resolution_grid,phase,16,16,0.0,False,,1,3,1.8499289969949162,0.35778823529411763,1.877545669110616,0.34186666666666665
cifar10_frequency_resolution_grid,phase,16,16,0.0,False,,1,4,1.7751750508476707,0.3855058823529412,1.8338883855819703,0.36133333333333334
cifar10_frequency_resolution_grid,phase,16,16,0.0,False,,1,5,1.6911177507681006,0.41665882352941175,1.7968538595835368,0.3708
cifar10_frequency_resolution_grid,phase,16,16,0.0,False,,1,6,1.6093293279311236,0.44489411764705883,1.7764588929494223,0.38266666666666665
cifar10_frequency_resolution_grid,phase,16,16,0.0,False,,1,7,1.5333500390782075,0.47145882352941176,1.7681025351842246,0.3872
cifar10_frequency_resolution_grid,phase,16,16,0.0,False,,1,8,1.4436535042370067,0.5018117647058824,1.7633074607849122,0.39226666666666665
cifar10_frequency_resolution_grid,phase,16,16,0.0,False,,1,9,1.3489452990812414,0.5381411764705882,1.7692086630503336,0.3974666666666667
cifar10_frequency_resolution_grid,phase,16,16,0.0,False,,1,10,1.2528381884855382,0.5696470588235294,1.812542163658142,0.3924
cifar10_frequency_resolution_grid,phase,16,16,0.0,False,,1,11,1.150931969669286,0.6077176470588236,1.8497051813761394,0.39693333333333336
cifar10_frequency_resolution_grid,phase,16,16,0.0,False,,1,12,1.0464632699181051,0.6456,1.8892843161265056,0.3904
cifar10_frequency_resolution_grid,phase,16,16,0.0,False,,1,13,0.9463952046562644,0.682635294117647,1.9417250054677329,0.3896
cifar10_frequency_resolution_grid,phase,16,16,0.0,False,,1,14,0.8474571554520551,0.7189882352941176,1.9997674989064536,0.38826666666666665
cifar10_frequency_resolution_grid,phase,16,16,0.0,False,,1,15,0.755479292903227,0.7531529411764706,2.116983392715454,0.3792
cifar10_frequency_resolution_grid,phase,16,16,0.0,False,,1,16,0.6501112808956819,0.7910588235294118,2.19306055170695,0.3798666666666667
cifar10_frequency_resolution_grid,phase,16,16,0.0,False,,1,17,0.5582880982342888,0.8251529411764705,2.282115235519409,0.3872
cifar10_frequency_resolution_grid,phase,16,16,0.0,False,,1,18,0.4790598873755511,0.8530823529411765,2.386137422434489,0.3774666666666667
cifar10_frequency_resolution_grid,phase,16,16,0.0,False,,1,19,0.39149113428452437,0.8878588235294118,2.478386813354492,0.38333333333333336
cifar10_frequency_resolution_grid,phase,16,16,0.0,False,,1,20,0.3251039053916931,0.9123529411764706,2.6028304416656494,0.3794666666666667
cifar10_frequency_resolution_grid,phase,16,16,0.0,False,,2,1,2.2084181258706486,0.24355294117647058,2.012728050295512,0.2876
cifar10_frequency_resolution_grid,phase,16,16,0.0,False,,2,2,1.9301749092102052,0.3304235294117647,1.932406240272522,0.3201333333333333
cifar10_frequency_resolution_grid,phase,16,16,0.0,False,,2,3,1.8387814361572266,0.3638588235294118,1.8710621214548746,0.3394666666666667
cifar10_frequency_resolution_grid,phase,16,16,0.0,False,,2,4,1.7626538214290843,0.3908,1.8426467931111654,0.34546666666666664
cifar10_frequency_resolution_grid,phase,16,16,0.0,False,,2,5,1.689162553428201,0.41750588235294117,1.812831643040975,0.3605333333333333
cifar10_frequency_resolution_grid,phase,16,16,0.0,False,,2,6,1.5990669434042537,0.4504235294117647,1.7695381813685098,0.3854666666666667
cifar10_frequency_resolution_grid,phase,16,16,0.0,False,,2,7,1.5146393116726595,0.48009411764705884,1.7781185790379843,0.38093333333333335
cifar10_frequency_resolution_grid,phase,16,16,0.0,False,,2,8,1.417608497243769,0.5120470588235294,1.763297405687968,0.3937333333333333
cifar10_frequency_resolution_grid,phase,16,16,0.0,False,,2,9,1.3251813086229212,0.5451764705882353,1.7801302206039429,0.39586666666666664
cifar10_frequency_resolution_grid,phase,16,16,0.0,False,,2,10,1.2248900061214671,0.5799529411764706,1.8241624344507854,0.3893333333333333
cifar10_frequency_resolution_grid,phase,16,16,0.0,False,,2,11,1.1207987589892219,0.6177411764705882,1.8420957232793171,0.3968
cifar10_frequency_resolution_grid,phase,16,16,0.0,False,,2,12,1.0193563844007605,0.6566117647058823,1.9228341934839885,0.38613333333333333
cifar10_frequency_resolution_grid,phase,16,16,0.0,False,,2,13,0.9174486966525807,0.6944941176470588,1.9493415799458822,0.3964
cifar10_frequency_resolution_grid,phase,16,16,0.0,False,,2,14,0.8097565664627973,0.7334823529411765,2.0353083730061847,0.39226666666666665
cifar10_frequency_resolution_grid,phase,16,16,0.0,False,,2,15,0.7034471193986781,0.7697882352941177,2.1255362665812174,0.39253333333333335
cifar10_frequency_resolution_grid,phase,16,16,0.0,False,,2,16,0.6194794026767506,0.8028941176470589,2.2107446577707925,0.38893333333333335
cifar10_frequency_resolution_grid,phase,16,16,0.0,False,,2,17,0.5253108200634227,0.8390588235294117,2.284406072107951,0.3877333333333333
cifar10_frequency_resolution_grid,phase,16,16,0.0,False,,2,18,0.433149620143105,0.8729411764705882,2.383079796473185,0.38653333333333334
cifar10_frequency_resolution_grid,phase,16,16,0.0,False,,2,19,0.3636577013282215,0.8971058823529412,2.4802759607950846,0.38426666666666665
cifar10_frequency_resolution_grid,phase,16,16,0.0,False,,2,20,0.2873462248465594,0.9275764705882353,2.576371173095703,0.3818666666666667
