experiment,coding,num_bins,cycle_steps,threshold,repeat_cycles,rate_scale,seed,epoch,train_loss,train_acc,val_loss,val_acc
phase_neighborhood_windowed,phase,3,6,0.2,False,,0,1,3.04541177666967,0.285687549251379,2.631369720959494,0.3895390070921986
phase_neighborhood_windowed,phase,3,6,0.2,False,,0,2,2.3539607561320373,0.44100669818754923,2.0917042766057006,0.48608156028368793
phase_neighborhood_windowed,phase,3,6,0.2,False,,0,3,1.689609322912398,0.5676516942474389,1.4733098550045745,0.6025709219858156
phase_neighborhood_windowed,phase,3,6,0.2,False,,0,4,1.226526194280109,0.6605200945626477,1.1978776363616295,0.6579787234042553
phase_neighborhood_windowed,phase,3,6,0.2,False,,0,5,1.0000353884189688,0.7109830575256108,1.0577651354015296,0.6898049645390071
phase_neighborhood_windowed,phase,3,6,0.2,False,,0,6,0.8630313034880528,0.7446808510638298,0.9704017513187219,0.7098404255319148
phase_neighborhood_windowed,phase,3,6,0.2,False,,0,7,0.7642053157349474,0.7691193853427896,0.915842442055966,0.7257092198581561
phase_neighborhood_windowed,phase,3,6,0.2,False,,0,8,0.6924968800552254,0.7889676910953507,0.8789000113805135,0.7334219858156028
phase_neighborhood_windowed,phase,3,6,0.2,False,,0,9,0.635331074237072,0.8047872340425531,0.8438171101377365,0.7420212765957447
phase_neighborhood_windowed,phase,3,6,0.2,False,,0,10,0.5878698213256373,0.8168045705279748,0.8383938356494227,0.7392730496453901
phase_neighborhood_windowed,phase,3,6,0.2,False,,0,11,0.5437406410092533,0.8287529550827423,0.8141442686530715,0.7529255319148936
phase_neighborhood_windowed,phase,3,6,0.2,False,,0,12,0.5073650168470739,0.8402285263987391,0.8045524248206024,0.750886524822695
phase_neighborhood_windowed,phase,3,6,0.2,False,,0,13,0.4742209922055544,0.8495074862096139,0.8025155121130301,0.7515070921985816
phase_neighborhood_windowed,phase,3,6,0.2,False,,0,14,0.44563889645327726,0.8573286052009457,0.7953315667649533,0.7563829787234042
phase_neighborhood_windowed,phase,3,6,0.2,False,,0,15,0.4201288832135798,0.8651201733648543,0.7983537295185927,0.7507978723404255
phase_neighborhood_windowed,phase,3,6,0.2,False,,0,16,0.39339550069413665,0.8732762017336485,0.7964085786900622,0.7565602836879433
phase_neighborhood_windowed,phase,3,6,0.2,False,,0,17,0.36954002144113124,0.8812647754137116,0.8079155760242583,0.7548758865248227
phase_neighborhood_windowed,phase,3,6,0.2,False,,0,18,0.3473245304151254,0.8875886524822695,0.8142532807292667,0.7564716312056737
phase_neighborhood_windowed,phase,3,6,0.2,False,,0,19,0.3277557695095139,0.894848305752561,0.81561399102211,0.7571808510638298
phase_neighborhood_windowed,phase,3,6,0.2,False,,0,20,0.3099414858506175,0.900640267927502,0.8200491267315885,0.7593085106382979
phase_neighborhood_windowed,phase,3,6,0.2,False,,1,1,3.0350852874247836,0.28871158392434987,2.6793300432516327,0.37810283687943264
phase_neighborhood_windowed,phase,3,6,0.2,False,,1,2,2.3672583509374547,0.44222813238770686,2.189043731215998,0.46117021276595743
phase_neighborhood_windowed,phase,3,6,0.2,False,,1,3,1.7432966196414896,0.5526694247438928,1.5375455071740116,0.5861702127659575
phase_neighborhood_windowed,phase,3,6,0.2,False,,1,4,1.2357974920054888,0.6556639085894405,1.2000405145875106,0.6568262411347517
phase_neighborhood_windowed,phase,3,6,0.2,False,,1,5,0.9929372460002313,0.712145390070922,1.053807984598985,0.6948581560283688
phase_neighborhood_windowed,phase,3,6,0.2,False,,1,6,0.8523391012134657,0.74701536643026,0.9713862501983102,0.7103723404255319
phase_neighborhood_windowed,phase,3,6,0.2,False,,1,7,0.7562334105947809,0.7706757289204098,0.920085798087695,0.724290780141844
phase_neighborhood_windowed,phase,3,6,0.2,False,,1,8,0.6839180107188093,0.7908983451536643,0.8871514861465346,0.7276595744680852
phase_neighborhood_windowed,phase,3,6,0.2,False,,1,9,0.627512977685019,0.8055654058313633,0.8593593409720888,0.7395390070921986
phase_neighborhood_windowed,phase,3,6,0.2,False,,1,10,0.5796772206928713,0.8193262411347517,0.8390614400518701,0.7409574468085106
phase_neighborhood_windowed,phase,3,6,0.2,False,,1,11,0.5379029466281077,0.8305949566587865,0.826336980457847,0.7479609929078014
phase_neighborhood_windowed,phase,3,6,0.2,False,,1,12,0.5013343492110383,0.840770291568164,0.8217708741519468,0.74822695035461
phase_neighborhood_windowed,phase,3,6,0.2,False,,1,13,0.46889861847491976,0.8497438928289992,0.8172224573209776,0.7506205673758866
phase_neighborhood_windowed,phase,3,6,0.2,False,,1,14,0.4404097134715652,0.8586879432624114,0.8133326107728566,0.7531914893617021
phase_neighborhood_windowed,phase,3,6,0.2,False,,1,15,0.4126336936315652,0.8672675334909378,0.8112916209173541,0.7543439716312057
phase_neighborhood_windowed,phase,3,6,0.2,False,,1,16,0.38841795287233716,0.874822695035461,0.8068169392592518,0.7530141843971632
phase_neighborhood_windowed,phase,3,6,0.2,False,,1,17,0.3660985956988624,0.8820035460992908,0.8107457828859911,0.7562943262411348
phase_neighborhood_windowed,phase,3,6,0.2,False,,1,18,0.34555002089745424,0.8872635933806147,0.8150517291211067,0.7560283687943262
phase_neighborhood_windowed,phase,3,6,0.2,False,,1,19,0.32513133464036165,0.8942966903073286,0.8241174484398348,0.7547872340425532
phase_neighborhood_windowed,phase,3,6,0.2,False,,1,20,0.30727179138279037,0.900709219858156,0.8288703111046595,0.7593971631205674
phase_neighborhood_windowed,phase,3,6,0.2,False,,2,1,3.031975145843482,0.2882486209613869,2.6454437411423273,0.3777482269503546
phase_neighborhood_windowed,phase,3,6,0.2,False,,2,2,2.3488860494419757,0.4391154452324665,2.1197163663011915,0.4765957446808511
phase_neighborhood_windowed,phase,3,6,0.2,False,,2,3,1.6804569832446352,0.5636918833727345,1.495282212724077,0.5920212765957447
phase_neighborhood_windowed,phase,3,6,0.2,False,,2,4,1.2083442344921043,0.660618597320725,1.196210865940608,0.6562943262411347
phase_neighborhood_windowed,phase,3,6,0.2,False,,2,5,0.9736573844936722,0.7171099290780142,1.063092146359437,0.6863475177304964
phase_neighborhood_windowed,phase,3,6,0.2,False,,2,6,0.8422384806088897,0.7495567375886525,0.9790071325099214,0.7090425531914893
phase_neighborhood_windowed,phase,3,6,0.2,False,,2,7,0.7531758695112805,0.7737391646966115,0.9347309110857916,0.7171099290780142
phase_neighborhood_windowed,phase,3,6,0.2,False,,2,8,0.6812101617208891,0.7932722616233254,0.9034337857090835,0.7234929078014184
phase_neighborhood_windowed,phase,3,6,0.2,False,,2,9,0.6259798535312415,0.8080575256107171,0.8759620498258172,0.7286347517730496
phase_neighborhood_windowed,phase,3,6,0.2,False,,2,10,0.5798317913186184,0.819602048857368,0.8530236301692665,0.7375
phase_neighborhood_windowed,phase,3,6,0.2,False,,2,11,0.5390694398124731,0.8323384554767533,0.8362228999746607,0.7419326241134752
phase_neighborhood_windowed,phase,3,6,0.2,False,,2,12,0.5016799279890068,0.8411052009456265,0.82365766247959,0.7456560283687943
phase_neighborhood_windowed,phase,3,6,0.2,False,,2,13,0.46982650075774196,0.8501970055161544,0.8198701795956768,0.7474290780141843
phase_neighborhood_windowed,phase,3,6,0.2,False,,2,14,0.43796596629493717,0.8595547675334909,0.8246215378984492,0.7446808510638298
phase_neighborhood_windowed,phase,3,6,0.2,False,,2,15,0.4116818811923524,0.8677304964539007,0.8233627628350089,0.7492021276595745
phase_neighborhood_windowed,phase,3,6,0.2,False,,2,16,0.38681123011501123,0.875,0.8156147866384358,0.7476950354609929
phase_neighborhood_windowed,phase,3,6,0.2,False,,2,17,0.3630628968572128,0.8831560283687944,0.8190895275444003,0.75
phase_neighborhood_windowed,phase,3,6,0.2,False,,2,18,0.3422489950044405,0.8890858944050434,0.8286003136888463,0.749468085106383
phase_neighborhood_windowed,phase,3,6,0.2,False,,2,19,0.3236863271564457,0.8945330969267139,0.8340325825603295,0.750177304964539
phase_neighborhood_windowed,phase,3,6,0.2,False,,2,20,0.3051782109682911,0.9011130811662726,0.8431075138403169,0.7469858156028368
phase_neighborhood_windowed,phase,3,7,0.2,False,,0,1,3.1081534172250493,0.26382978723404255,2.780269486853417,0.33386524822695035
phase_neighborhood_windowed,phase,3,7,0.2,False,,0,2,2.2772996462828723,0.4429078014184397,1.74959506650343,0.5403368794326241
phase_neighborhood_windowed,phase,3,7,0.2,False,,0,3,1.3894583385323238,0.6236899133175728,1.2345501703573456,0.6523049645390071
phase_neighborhood_windowed,phase,3,7,0.2,False,,0,4,1.0418992316281355,0.7022557131599685,1.0442157016578295,0.6969858156028369
phase_neighborhood_windowed,phase,3,7,0.2,False,,0,5,0.8743892714017202,0.7436170212765958,0.9544783563055891,0.7177304964539007
phase_neighborhood_windowed,phase,3,7,0.2,False,,0,6,0.7637547629287245,0.770596926713948,0.8857964319117526,0.7333333333333333
phase_neighborhood_windowed,phase,3,7,0.2,False,,0,7,0.6836722178943896,0.7917356185973208,0.8485104710497755,0.739450354609929
phase_neighborhood_windowed,phase,3,7,0.2,False,,0,8,0.6198584952487826,0.8087962962962963,0.8190119901024704,0.7468085106382979
phase_neighborhood_windowed,phase,3,7,0.2,False,,0,9,0.5675762427144393,0.8234338061465721,0.8059942911279963,0.747872340425532
phase_neighborhood_windowed,phase,3,7,0.2,False,,0,10,0.5225685205865414,0.8368400315208826,0.7896779823387768,0.7526595744680851
phase_neighborhood_windowed,phase,3,7,0.2,False,,0,11,0.48373846806720827,0.8462765957446808,0.778329328484569,0.7584219858156028
phase_neighborhood_windowed,phase,3,7,0.2,False,,0,12,0.45043153922984314,0.8568951930654058,0.7745286934764672,0.7571808510638298
phase_neighborhood_windowed,phase,3,7,0.2,False,,0,13,0.4193838657169853,0.8659475965327029,0.767844695698285,0.7597517730496454
phase_neighborhood_windowed,phase,3,7,0.2,False,,0,14,0.39141126019546985,0.8743892828999212,0.7701803700298282,0.763031914893617
phase_neighborhood_windowed,phase,3,7,0.2,False,,0,15,0.3661701726387391,0.8815307328605201,0.782619172123307,0.7565602836879433
phase_neighborhood_windowed,phase,3,7,0.2,False,,0,16,0.34299818190464926,0.8890661938534279,0.7780695234630125,0.7577127659574469
phase_neighborhood_windowed,phase,3,7,0.2,False,,0,17,0.320828935529793,0.8967691095350669,0.7828680877144455,0.762145390070922
phase_neighborhood_windowed,phase,3,7,0.2,False,,0,18,0.30229788963676346,0.9021572104018912,0.7968436755187123,0.7590425531914894
phase_neighborhood_windowed,phase,3,7,0.2,False,,0,19,0.2833955832189749,0.9085500394011032,0.8002274228325972,0.7586879432624114
phase_neighborhood_windowed,phase,3,7,0.2,False,,0,20,0.2661166976905414,0.9129728132387707,0.8113756119782197,0.761790780141844
phase_neighborhood_windowed,phase,3,7,0.2,False,,1,1,3.1052736415742794,0.2639676910953507,2.838187811898847,0.3313829787234043
phase_neighborhood_windowed,phase,3,7,0.2,False,,1,2,2.301275376281558,0.4371946414499606,1.7896636655144658,0.5414007092198582
phase_neighborhood_windowed,phase,3,7,0.2,False,,1,3,1.3969589472004895,0.6232762017336485,1.2651809506382503,0.6421099290780142
phase_neighborhood_windowed,phase,3,7,0.2,False,,1,4,1.0467947516505225,0.7006205673758865,1.0519136669787954,0.6976063829787233
phase_neighborhood_windowed,phase,3,7,0.2,False,,1,5,0.8764813387835467,0.7425827423167849,0.9555156766100132,0.7171985815602837
phase_neighborhood_windowed,phase,3,7,0.2,False,,1,6,0.7686438766213456,0.7705181245074862,0.91086549454547,0.723758865248227
phase_neighborhood_windowed,phase,3,7,0.2,False,,1,7,0.6904140569733483,0.7911150512214342,0.8530954584162286,0.7451241134751773
phase_neighborhood_windowed,phase,3,7,0.2,False,,1,8,0.6257861338045017,0.8076044129235619,0.8285028980978837,0.7476950354609929
phase_neighborhood_windowed,phase,3,7,0.2,False,,1,9,0.5732687694524761,0.8218971631205674,0.8081498534966868,0.7535460992907801
phase_neighborhood_windowed,phase,3,7,0.2,False,,1,10,0.5296933752049415,0.8339046493301813,0.7931285301844279,0.7568262411347517
phase_neighborhood_windowed,phase,3,7,0.2,False,,1,11,0.4919528970857414,0.8443754925137904,0.7889415557502855,0.7569148936170212
phase_neighborhood_windowed,phase,3,7,0.2,False,,1,12,0.45731968671153905,0.8543144208037825,0.780767241099202,0.7604609929078014
phase_neighborhood_windowed,phase,3,7,0.2,False,,1,13,0.4272018400865619,0.863140267927502,0.7757471450677155,0.7575354609929078
phase_neighborhood_windowed,phase,3,7,0.2,False,,1,14,0.3990514071416066,0.8713356973995272,0.7728691931311966,0.7642730496453901
phase_neighborhood_windowed,phase,3,7,0.2,False,,1,15,0.373701507393256,0.8805358550039402,0.780223795200916,0.7638297872340426
phase_neighborhood_windowed,phase,3,7,0.2,False,,1,16,0.3490236323494156,0.8873620961386919,0.7822707793391342,0.7654255319148936
phase_neighborhood_windowed,phase,3,7,0.2,False,,1,17,0.3289126530136998,0.8938534278959811,0.7956867038780916,0.763209219858156
phase_neighborhood_windowed,phase,3,7,0.2,False,,1,18,0.30990628039771123,0.8992415287628054,0.7917128884200508,0.7657801418439716
phase_neighborhood_windowed,phase,3,7,0.2,False,,1,19,0.28982704353201005,0.9061465721040189,0.8135875936941053,0.7601950354609929
phase_neighborhood_windowed,phase,3,7,0.2,False,,1,20,0.27096812510415264,0.9129334121355398,0.8100865910239253,0.7660460992907802
phase_neighborhood_windowed,phase,3,7,0.2,False,,2,1,3.107842683453932,0.26291371158392435,2.846024583248382,0.325
phase_neighborhood_windowed,phase,3,7,0.2,False,,2,2,2.2966661895514475,0.43955870764381405,1.7853647952384137,0.536613475177305
phase_neighborhood_windowed,phase,3,7,0.2,False,,2,3,1.3946488945948223,0.6236997635933806,1.2677965174330041,0.6401595744680851
phase_neighborhood_windowed,phase,3,7,0.2,False,,2,4,1.0439181077001225,0.7031126871552403,1.0718657988183042,0.6875
phase_neighborhood_windowed,phase,3,7,0.2,False,,2,5,0.8767603952458188,0.7430358550039401,0.9781490894074135,0.7090425531914893
phase_neighborhood_windowed,phase,3,7,0.2,False,,2,6,0.7662577896065558,0.7715622537431048,0.9118495308761055,0.726063829787234
phase_neighborhood_windowed,phase,3,7,0.2,False,,2,7,0.6861167316271434,0.7917454688731285,0.8745671352596147,0.7318262411347518
phase_neighborhood_windowed,phase,3,7,0.2,False,,2,8,0.6240248675699587,0.8078309692671395,0.8385138655385227,0.7448581560283688
phase_neighborhood_windowed,phase,3,7,0.2,False,,2,9,0.570750647233733,0.8227738376674547,0.8173124076626825,0.7485815602836879
phase_neighborhood_windowed,phase,3,7,0.2,False,,2,10,0.5253082269942131,0.8355693459416864,0.8076797025000796,0.7497340425531915
phase_neighborhood_windowed,phase,3,7,0.2,False,,2,11,0.48569888180874765,0.846591804570528,0.79695111682229,0.7515070921985816
phase_neighborhood_windowed,phase,3,7,0.2,False,,2,12,0.45164146698582724,0.8572596532702915,0.783855727420631,0.7582446808510638
phase_neighborhood_windowed,phase,3,7,0.2,False,,2,13,0.42166079528882244,0.8653368794326242,0.7856741701457517,0.7599290780141844
phase_neighborhood_windowed,phase,3,7,0.2,False,,2,14,0.3919127692003904,0.8747241922773837,0.7923141477378548,0.7556737588652482
phase_neighborhood_windowed,phase,3,7,0.2,False,,2,15,0.36632900043112543,0.8817080378250591,0.7976443673279269,0.7584219858156028
phase_neighborhood_windowed,phase,3,7,0.2,False,,2,16,0.3435886457550704,0.8887411347517731,0.7952374146762469,0.7580673758865248
phase_neighborhood_windowed,phase,3,7,0.2,False,,2,17,0.32180352927757305,0.8961091410559495,0.8058003226915995,0.7577127659574469
phase_neighborhood_windowed,phase,3,7,0.2,False,,2,18,0.3006621685668744,0.9033884948778566,0.8117816002656382,0.7584219858156028
phase_neighborhood_windowed,phase,3,7,0.2,False,,2,19,0.2834500867987919,0.9091016548463356,0.8307761065503384,0.7572695035460993
phase_neighborhood_windowed,phase,3,7,0.2,False,,2,20,0.26566046718728176,0.9148246650906225,0.839307326078415,0.7601950354609929
phase_neighborhood_windowed,phase,3,8,0.2,False,,0,1,2.8616273255494753,0.3147655634357762,2.5397814760816857,0.3975177304964539
phase_neighborhood_windowed,phase,3,8,0.2,False,,0,2,2.2104053732914846,0.4567769897557132,1.7562480777713423,0.5393617021276595
phase_neighborhood_windowed,phase,3,8,0.2,False,,0,3,1.3869812462628592,0.6211879432624113,1.217387471807764,0.6506205673758865
phase_neighborhood_windowed,phase,3,8,0.2,False,,0,4,1.0184322897987725,0.7054570527974783,1.0145089582771274,0.7007978723404256
phase_neighborhood_windowed,phase,3,8,0.2,False,,0,5,0.8518190522941668,0.7453703703703703,0.9368394323274599,0.7187056737588653
phase_neighborhood_windowed,phase,3,8,0.2,False,,0,6,0.7540913495611637,0.7712962962962963,0.8740426337042599,0.7353723404255319
phase_neighborhood_windowed,phase,3,8,0.2,False,,0,7,0.6762921273379555,0.7915287628053586,0.8356585864902388,0.7401595744680851
phase_neighborhood_windowed,phase,3,8,0.2,False,,0,8,0.6155345077304224,0.8075256107171,0.8073723015210307,0.7528368794326241
phase_neighborhood_windowed,phase,3,8,0.2,False,,0,9,0.5670846136279516,0.8209712371946415,0.7976695844467651,0.7539007092198582
phase_neighborhood_windowed,phase,3,8,0.2,False,,0,10,0.5230096035533481,0.8335795902285263,0.7944741844285464,0.7525709219858157
phase_neighborhood_windowed,phase,3,8,0.2,False,,0,11,0.4863471859031253,0.8440110323089046,0.7880631842089038,0.7557624113475178
phase_neighborhood_windowed,phase,3,8,0.2,False,,0,12,0.4529152743899982,0.8545114263199369,0.775888238223732,0.7582446808510638
phase_neighborhood_windowed,phase,3,8,0.2,False,,0,13,0.4229130124275472,0.8639381402679275,0.7768578775385593,0.7593085106382979
phase_neighborhood_windowed,phase,3,8,0.2,False,,0,14,0.39489934959685924,0.8716903073286052,0.7787882962970869,0.7625
phase_neighborhood_windowed,phase,3,8,0.2,False,,0,15,0.3691474290886106,0.8791765169424743,0.7928709411452003,0.7547872340425532
phase_neighborhood_windowed,phase,3,8,0.2,False,,0,16,0.3464086010664631,0.8868892828999212,0.7946593530634616,0.7577127659574469
phase_neighborhood_windowed,phase,3,8,0.2,False,,0,17,0.3243228668862201,0.8939814814814815,0.8050479559188194,0.7603723404255319
phase_neighborhood_windowed,phase,3,8,0.2,False,,0,18,0.30301106494181357,0.9000197005516154,0.8088797004510325,0.7622340425531915
phase_neighborhood_windowed,phase,3,8,0.2,False,,0,19,0.28368076814251963,0.9067671394799054,0.8240979854519486,0.7607269503546099
phase_neighborhood_windowed,phase,3,8,0.2,False,,0,20,0.265809207288086,0.9128743104806935,0.8263693986209572,0.7593971631205674
phase_neighborhood_windowed,phase,3,8,0.2,False,,1,1,2.845040088906074,0.3179373522458629,2.5963345128593716,0.3793439716312057
phase_neighborhood_windowed,phase,3,8,0.2,False,,1,2,2.263058871148232,0.44789204097714735,1.8217517494309878,0.5384751773049645
phase_neighborhood_windowed,phase,3,8,0.2,False,,1,3,1.4400161261817805,0.6107663514578409,1.2809230785843329,0.6406028368794326
phase_neighborhood_windowed,phase,3,8,0.2,False,,1,4,1.063725849941455,0.6935973207249803,1.0597232499021165,0.6922872340425532
phase_neighborhood_windowed,phase,3,8,0.2,False,,1,5,0.888065094173753,0.7362785657998424,0.9611629841175485,0.713741134751773
phase_neighborhood_windowed,phase,3,8,0.2,False,,1,6,0.7792549180270556,0.7645193065405831,0.9158755773348166,0.7226950354609929
phase_neighborhood_windowed,phase,3,8,0.2,False,,1,7,0.7015264705375389,0.7852738376674547,0.870685298223022,0.7383865248226951
phase_neighborhood_windowed,phase,3,8,0.2,False,,1,8,0.6341478707848617,0.8021670606776989,0.8390691860347775,0.7453014184397163
phase_neighborhood_windowed,phase,3,8,0.2,False,,1,9,0.5791009576373254,0.8175728920409772,0.8193531655250712,0.7490248226950355
phase_neighborhood_windowed,phase,3,8,0.2,False,,1,10,0.5356176198421265,0.8301713947990543,0.8111256120052743,0.7531914893617021
phase_neighborhood_windowed,phase,3,8,0.2,False,,1,11,0.4958165858161083,0.841193853427896,0.7938065600733385,0.7580673758865248
phase_neighborhood_windowed,phase,3,8,0.2,False,,1,12,0.46053591405340216,0.8517139479905438,0.7918161659375995,0.7600177304964539
phase_neighborhood_windowed,phase,3,8,0.2,False,,1,13,0.431088540721259,0.8589637509850275,0.7826241702052719,0.7652482269503547
phase_neighborhood_windowed,phase,3,8,0.2,False,,1,14,0.40153919405783134,0.8693163908589441,0.7818506153762763,0.764450354609929
phase_neighborhood_windowed,phase,3,8,0.2,False,,1,15,0.3774668617780233,0.8770390070921986,0.7846152172020987,0.7634751773049645
phase_neighborhood_windowed,phase,3,8,0.2,False,,1,16,0.35260831393342584,0.8838159968479118,0.7910925822900542,0.7599290780141844
phase_neighborhood_windowed,phase,3,8,0.2,False,,1,17,0.3318663104957629,0.8911150512214342,0.7985499003254776,0.7624113475177305
phase_neighborhood_windowed,phase,3,8,0.2,False,,1,18,0.31018566618386545,0.8976851851851851,0.8061111117085666,0.7641843971631206
phase_neighborhood_windowed,phase,3,8,0.2,False,,1,19,0.290486233054981,0.9048955870764381,0.8203395988924284,0.7581560283687944
phase_neighborhood_windowed,phase,3,8,0.2,False,,1,20,0.27214372875279,0.910618597320725,0.8260118779561199,0.7613475177304965
phase_neighborhood_windowed,phase,3,8,0.2,False,,2,1,2.8531311531908594,0.3181639085894405,2.5968725586613863,0.3766843971631206
phase_neighborhood_windowed,phase,3,8,0.2,False,,2,2,2.2223021483966177,0.4550236406619385,1.8148378657956494,0.5263297872340426
phase_neighborhood_windowed,phase,3,8,0.2,False,,2,3,1.4014629459268375,0.6188632781717888,1.2662457890544376,0.638918439716312
phase_neighborhood_windowed,phase,3,8,0.2,False,,2,4,1.0433724336684267,0.6981481481481482,1.074675429712796,0.6809397163120567
phase_neighborhood_windowed,phase,3,8,0.2,False,,2,5,0.8754714442952775,0.7391351457840819,0.9795215893299022,0.7031028368794326
phase_neighborhood_windowed,phase,3,8,0.2,False,,2,6,0.7703413947489057,0.7661544523246651,0.9148982329571501,0.7227836879432624
phase_neighborhood_windowed,phase,3,8,0.2,False,,2,7,0.6866348277498551,0.7881501182033097,0.8827054590198166,0.7270390070921986
phase_neighborhood_windowed,phase,3,8,0.2,False,,2,8,0.6270373140384683,0.8050630417651694,0.8476941982059614,0.7429964539007092
phase_neighborhood_windowed,phase,3,8,0.2,False,,2,9,0.573696405714755,0.819710401891253,0.8293291424183136,0.7469858156028368
phase_neighborhood_windowed,phase,3,8,0.2,False,,2,10,0.5300943904358915,0.8321611505122143,0.8185333759226697,0.7471631205673759
phase_neighborhood_windowed,phase,3,8,0.2,False,,2,11,0.4912483063713597,0.8435185185185186,0.8104097290241972,0.7514184397163121
phase_neighborhood_windowed,phase,3,8,0.2,False,,2,12,0.4586995815601379,0.8535066981875492,0.7991737759705131,0.7554078014184397
phase_neighborhood_windowed,phase,3,8,0.2,False,,2,13,0.42738507110552115,0.8624113475177305,0.8108940239071001,0.7560283687943262
phase_neighborhood_windowed,phase,3,8,0.2,False,,2,14,0.39948354900306,0.8697498029944839,0.8134419826751059,0.7568262411347517
phase_neighborhood_windowed,phase,3,8,0.2,False,,2,15,0.3738923965193701,0.8781028368794326,0.8232397418072883,0.7536347517730496
phase_neighborhood_windowed,phase,3,8,0.2,False,,2,16,0.3503426615040165,0.8860126083530339,0.8199622434927216,0.7553191489361702
phase_neighborhood_windowed,phase,3,8,0.2,False,,2,17,0.32797107434911554,0.8929373522458629,0.8306812648232101,0.7559397163120567
phase_neighborhood_windowed,phase,3,8,0.2,False,,2,18,0.306617839689608,0.8989854215918046,0.8393108086383089,0.7523936170212766
phase_neighborhood_windowed,phase,3,8,0.2,False,,2,19,0.2880628624189736,0.9052009456264776,0.8472020247303848,0.7518617021276596
phase_neighborhood_windowed,phase,3,8,0.2,False,,2,20,0.26850119752382273,0.9124605988967691,0.8613563464888444,0.749113475177305
phase_neighborhood_windowed,phase,3,9,0.2,False,,0,1,2.915911392981467,0.29314420803782504,2.459920788487644,0.3887411347517731
phase_neighborhood_windowed,phase,3,9,0.2,False,,0,2,1.7164284745946092,0.5474487785657999,1.2975870751320047,0.6370567375886524
phase_neighborhood_windowed,phase,3,9,0.2,False,,0,3,1.1003419650831592,0.6840524034672971,1.043066978623681,0.6935283687943262
phase_neighborhood_windowed,phase,3,9,0.2,False,,0,4,0.8894873184890988,0.7369779353821907,0.9240967644867322,0.7209219858156029
phase_neighborhood_windowed,phase,3,9,0.2,False,,0,5,0.7689714852424002,0.7661544523246651,0.8774504117086424,0.7295212765957447
phase_neighborhood_windowed,phase,3,9,0.2,False,,0,6,0.6849870546395803,0.7892434988179668,0.8252802443842516,0.74822695035461
phase_neighborhood_windowed,phase,3,9,0.2,False,,0,7,0.619230570090484,0.8070724980299449,0.7975063981316614,0.7520390070921986
phase_neighborhood_windowed,phase,3,9,0.2,False,,0,8,0.5650782481059021,0.8220744680851064,0.7853760310521363,0.7553191489361702
phase_neighborhood_windowed,phase,3,9,0.2,False,,0,9,0.5210284972021766,0.8344070133963751,0.7848998245618022,0.7539007092198582
phase_neighborhood_windowed,phase,3,9,0.2,False,,0,10,0.48410880524309907,0.8448778565799843,0.7754460319136897,0.7565602836879433
phase_neighborhood_windowed,phase,3,9,0.2,False,,0,11,0.4489460763262425,0.8549546887312844,0.7698303720629807,0.7587765957446808
phase_neighborhood_windowed,phase,3,9,0.2,False,,0,12,0.41798865835059806,0.8637312844759654,0.7681944438751708,0.762145390070922
phase_neighborhood_windowed,phase,3,9,0.2,False,,0,13,0.3905782287683517,0.8723699763593381,0.7731354613253411,0.761258865248227
phase_neighborhood_windowed,phase,3,9,0.2,False,,0,14,0.36458182846400755,0.8806146572104019,0.7835018001126904,0.761436170212766
phase_neighborhood_windowed,phase,3,9,0.2,False,,0,15,0.34122709607965274,0.8862490149724193,0.8005042444729636,0.7587765957446808
phase_neighborhood_windowed,phase,3,9,0.2,False,,0,16,0.3202807683518217,0.893715524034673,0.8106133760289943,0.7566489361702128
phase_neighborhood_windowed,phase,3,9,0.2,False,,0,17,0.2995526768214314,0.9010441292356186,0.8214783019207893,0.7588652482269503
phase_neighborhood_windowed,phase,3,9,0.2,False,,0,18,0.28203362309153013,0.9067080378250592,0.8279695493955139,0.7607269503546099
phase_neighborhood_windowed,phase,3,9,0.2,False,,0,19,0.2629393792309754,0.9127856579984239,0.8365700947477462,0.7585106382978724
phase_neighborhood_windowed,phase,3,9,0.2,False,,0,20,0.24786704154208103,0.9182722616233254,0.8503593642238184,0.7557624113475178
phase_neighborhood_windowed,phase,3,9,0.2,False,,1,1,2.9192620224798635,0.2914499605988968,2.507024039275257,0.3828014184397163
phase_neighborhood_windowed,phase,3,9,0.2,False,,1,2,1.7339169653313098,0.5444641449960599,1.3080754256417566,0.6337765957446808
phase_neighborhood_windowed,phase,3,9,0.2,False,,1,3,1.0884369676746282,0.6881008668242711,1.0541588355463447,0.6919326241134752
phase_neighborhood_windowed,phase,3,9,0.2,False,,1,4,0.8868159041055269,0.738849487785658,0.9263600671544988,0.722872340425532
phase_neighborhood_windowed,phase,3,9,0.2,False,,1,5,0.7715649718276341,0.7667454688731284,0.8720383959459075,0.7357269503546099
phase_neighborhood_windowed,phase,3,9,0.2,False,,1,6,0.6889323895234964,0.7891745468873128,0.8501696285626567,0.738741134751773
phase_neighborhood_windowed,phase,3,9,0.2,False,,1,7,0.6259342809283329,0.8045015760441292,0.810100948049667,0.7513297872340425
phase_neighborhood_windowed,phase,3,9,0.2,False,,1,8,0.572576505786514,0.818892828999212,0.7917529442631607,0.7585992907801419
phase_neighborhood_windowed,phase,3,9,0.2,False,,1,9,0.5278102881049809,0.8316292356185974,0.7903595674122479,0.7584219858156028
phase_neighborhood_windowed,phase,3,9,0.2,False,,1,10,0.4894554421787097,0.8422675334909377,0.7826407192446662,0.7603723404255319
phase_neighborhood_windowed,phase,3,9,0.2,False,,1,11,0.4553826071292608,0.8524428684003152,0.7793669729368061,0.7654255319148936
phase_neighborhood_windowed,phase,3,9,0.2,False,,1,12,0.4224623548317557,0.861928684003152,0.7776715805344547,0.7651595744680851
phase_neighborhood_windowed,phase,3,9,0.2,False,,1,13,0.3949618218215645,0.8706560283687943,0.7808263092176289,0.7674645390070922
phase_neighborhood_windowed,phase,3,9,0.2,False,,1,14,0.36901308237050257,0.8776398739164697,0.7884967376999821,0.7624113475177305
phase_neighborhood_windowed,phase,3,9,0.2,False,,1,15,0.34618834240216734,0.8844759653270292,0.7950362878488311,0.764804964539007
phase_neighborhood_windowed,phase,3,9,0.2,False,,1,16,0.3225880473124126,0.8933609141055949,0.7998195660029743,0.7611702127659574
phase_neighborhood_windowed,phase,3,9,0.2,False,,1,17,0.3026276574724767,0.8997832939322301,0.8101327568081254,0.7664893617021277
phase_neighborhood_windowed,phase,3,9,0.2,False,,1,18,0.28294029432643203,0.9068360914105595,0.8220409046673606,0.7655141843971631
phase_neighborhood_windowed,phase,3,9,0.2,False,,1,19,0.2659096440149161,0.9125591016548463,0.8376515961707907,0.7613475177304965
phase_neighborhood_windowed,phase,3,9,0.2,False,,1,20,0.24871037217742162,0.9178092986603625,0.8475170037425156,0.7636524822695036
phase_neighborhood_windowed,phase,3,9,0.2,False,,2,1,2.9087436382933993,0.29509456264775413,2.4369702640154682,0.3977836879432624
phase_neighborhood_windowed,phase,3,9,0.2,False,,2,2,1.7324296267883716,0.544070133963751,1.3650116629634343,0.6234042553191489
phase_neighborhood_windowed,phase,3,9,0.2,False,,2,3,1.1088469877310678,0.6838849487785658,1.0834489738687556,0.6854609929078014
phase_neighborhood_windowed,phase,3,9,0.2,False,,2,4,0.8996820395344163,0.7347419227738377,0.9624315532386726,0.7125886524822695
phase_neighborhood_windowed,phase,3,9,0.2,False,,2,5,0.7785712952215527,0.7653467297084319,0.9043934132190461,0.7273049645390071
phase_neighborhood_windowed,phase,3,9,0.2,False,,2,6,0.6935304253941168,0.7874901497241923,0.8665452356879593,0.7341312056737589
phase_neighborhood_windowed,phase,3,9,0.2,False,,2,7,0.6289032527928845,0.8046493301812451,0.8462024207656265,0.739450354609929
phase_neighborhood_windowed,phase,3,9,0.2,False,,2,8,0.5776781559366236,0.8175236406619385,0.8224532325217064,0.7515070921985816
phase_neighborhood_windowed,phase,3,9,0.2,False,,2,9,0.5330083896458102,0.8304275019700552,0.8082873144893782,0.7534574468085107
phase_neighborhood_windowed,phase,3,9,0.2,False,,2,10,0.4910621261296073,0.8427107959022853,0.810707532006798,0.7538120567375887
phase_neighborhood_windowed,phase,3,9,0.2,False,,2,11,0.4571120237134591,0.8516646966115051,0.8098564283222172,0.7538120567375887
phase_neighborhood_windowed,phase,3,9,0.2,False,,2,12,0.4240087994353052,0.8633274231678487,0.8005711117534773,0.7583333333333333
phase_neighborhood_windowed,phase,3,9,0.2,False,,2,13,0.39798653663097167,0.8704590228526399,0.8067868671518691,0.7592198581560283
phase_neighborhood_windowed,phase,3,9,0.2,False,,2,14,0.3710826096993154,0.8790090622537431,0.8107566599304794,0.7587765957446808
phase_neighborhood_windowed,phase,3,9,0.2,False,,2,15,0.34814685228962516,0.8859141055949566,0.8212793094469301,0.7535460992907801
phase_neighborhood_windowed,phase,3,9,0.2,False,,2,16,0.3259257570766294,0.892434988179669,0.8251841083486029,0.7548758865248227
phase_neighborhood_windowed,phase,3,9,0.2,False,,2,17,0.3056398321644728,0.8986209613869188,0.839024337513227,0.7582446808510638
phase_neighborhood_windowed,phase,3,9,0.2,False,,2,18,0.28750375321852684,0.9049448384554768,0.8399881010782634,0.7568262411347517
phase_neighborhood_windowed,phase,3,9,0.2,False,,2,19,0.2680709190778229,0.9113081166272655,0.8640482248989403,0.7550531914893617
phase_neighborhood_windowed,phase,3,9,0.2,False,,2,20,0.2534494279922699,0.9156028368794327,0.8639466425205798,0.7563829787234042
phase_neighborhood_windowed,phase,3,10,0.2,False,,0,1,2.793635115461898,0.31668636721828214,2.605621555003714,0.35088652482269506
phase_neighborhood_windowed,phase,3,10,0.2,False,,0,2,1.9857017082149726,0.4785756501182033,1.3882568342465882,0.6125886524822695
phase_neighborhood_windowed,phase,3,10,0.2,False,,0,3,1.1698474903008993,0.6620665878644602,1.0945233908105403,0.6776595744680851
phase_neighborhood_windowed,phase,3,10,0.2,False,,0,4,0.9411481456553682,0.7197399527186761,0.9658535076371322,0.7140070921985816
phase_neighborhood_windowed,phase,3,10,0.2,False,,0,5,0.8152947650169932,0.752058707643814,0.9029856995065162,0.7243794326241135
phase_neighborhood_windowed,phase,3,10,0.2,False,,0,6,0.7274656638655727,0.7747537431048069,0.8473864317785763,0.7400709219858156
phase_neighborhood_windowed,phase,3,10,0.2,False,,0,7,0.6605344209828838,0.7935776201733649,0.8345505301833999,0.7419326241134752
phase_neighborhood_windowed,phase,3,10,0.2,False,,0,8,0.6050568810121764,0.8086879432624113,0.8139752527077992,0.7468085106382979
phase_neighborhood_windowed,phase,3,10,0.2,False,,0,9,0.5554418613442856,0.8232466509062254,0.8135639945665996,0.75
phase_neighborhood_windowed,phase,3,10,0.2,False,,0,10,0.5140627514949645,0.8344661150512215,0.8011534493865696,0.7526595744680851
phase_neighborhood_windowed,phase,3,10,0.2,False,,0,11,0.4770061125898098,0.844139085894405,0.8054442230479937,0.7533687943262412
phase_neighborhood_windowed,phase,3,10,0.2,False,,0,12,0.44502560280738995,0.8550236406619386,0.7891168574069408,0.7608156028368794
phase_neighborhood_windowed,phase,3,10,0.2,False,,0,13,0.41234704042110415,0.8641351457840819,0.7930193977998503,0.7591312056737589
phase_neighborhood_windowed,phase,3,10,0.2,False,,0,14,0.3841094295700485,0.8723207249802994,0.7978235035289264,0.762145390070922
phase_neighborhood_windowed,phase,3,10,0.2,False,,0,15,0.3587519625212096,0.8801713947990544,0.8146736311997083,0.7576241134751773
phase_neighborhood_windowed,phase,3,10,0.2,False,,0,16,0.3345368488648447,0.8885441292356187,0.817433345233295,0.7557624113475178
phase_neighborhood_windowed,phase,3,10,0.2,False,,0,17,0.3140598753853235,0.8947596532702916,0.8386756836945284,0.7548758865248227
phase_neighborhood_windowed,phase,3,10,0.2,False,,0,18,0.29410115835984174,0.9000394011032309,0.8416264907265386,0.7564716312056737
phase_neighborhood_windowed,phase,3,10,0.2,False,,0,19,0.2739424827814666,0.9073089046493302,0.8589562864168316,0.7549645390070922
phase_neighborhood_windowed,phase,3,10,0.2,False,,0,20,0.257636329134775,0.9129137115839243,0.872232895413189,0.7581560283687944
phase_neighborhood_windowed,phase,3,10,0.2,False,,1,1,2.7684708624585017,0.3272754137115839,2.617263926512806,0.35124113475177304
phase_neighborhood_windowed,phase,3,10,0.2,False,,1,2,1.9894997291625063,0.4812746256895193,1.4148970674961172,0.6076241134751773
phase_neighborhood_windowed,phase,3,10,0.2,False,,1,3,1.1856624374058982,0.6598404255319149,1.1255055035259707,0.6724290780141844
phase_neighborhood_windowed,phase,3,10,0.2,False,,1,4,0.9607281982851742,0.7151595744680851,0.9856392161220523,0.7063829787234043
phase_neighborhood_windowed,phase,3,10,0.2,False,,1,5,0.8311653362474073,0.747901891252955,0.9110261678695679,0.7254432624113475
phase_neighborhood_windowed,phase,3,10,0.2,False,,1,6,0.7391581282548025,0.7727147360126083,0.8848914657078736,0.7274822695035461
phase_neighborhood_windowed,phase,3,10,0.2,False,,1,7,0.6707813659740114,0.7914302600472813,0.8467185028478609,0.7421985815602837
phase_neighborhood_windowed,phase,3,10,0.2,False,,1,8,0.6120731189741311,0.806924743892829,0.8335620013957328,0.7432624113475177
phase_neighborhood_windowed,phase,3,10,0.2,False,,1,9,0.5629649441856582,0.8206067769897557,0.8192171841648453,0.7493794326241134
phase_neighborhood_windowed,phase,3,10,0.2,False,,1,10,0.5219950305842527,0.8321907013396375,0.806787856884882,0.7527482269503546
phase_neighborhood_windowed,phase,3,10,0.2,False,,1,11,0.48407562978630275,0.8437549251379038,0.7971295138622853,0.7592198581560283
phase_neighborhood_windowed,phase,3,10,0.2,False,,1,12,0.450296341170468,0.8539598108747045,0.8093181757216757,0.7583333333333333
phase_neighborhood_windowed,phase,3,10,0.2,False,,1,13,0.4189781699150542,0.8627955082742317,0.8024203887222506,0.7607269503546099
phase_neighborhood_windowed,phase,3,10,0.2,False,,1,14,0.39262786363878993,0.871059889676911,0.8069914245859106,0.7588652482269503
phase_neighborhood_windowed,phase,3,10,0.2,False,,1,15,0.36818306817136665,0.8780732860520094,0.8218736869646303,0.7609929078014185
phase_neighborhood_windowed,phase,3,10,0.2,False,,1,16,0.3428641586438984,0.8871847911741528,0.8235411050471854,0.7594858156028369
phase_neighborhood_windowed,phase,3,10,0.2,False,,1,17,0.32244155158951493,0.8933806146572104,0.8416748238793501,0.7582446808510638
phase_neighborhood_windowed,phase,3,10,0.2,False,,1,18,0.29934358816620305,0.9004432624113475,0.8453792480712241,0.7646276595744681
phase_neighborhood_windowed,phase,3,10,0.2,False,,1,19,0.27929791410294363,0.9066292356185973,0.8598943923804777,0.7615248226950354
phase_neighborhood_windowed,phase,3,10,0.2,False,,1,20,0.26007160289819264,0.9131599684791174,0.877266026135032,0.7610815602836879
phase_neighborhood_windowed,phase,3,10,0.2,False,,2,1,2.8049265665741205,0.31636130811662727,2.6255277166975306,0.3445035460992908
phase_neighborhood_windowed,phase,3,10,0.2,False,,2,2,1.9490469969568336,0.4896375098502758,1.4372589757256473,0.6007092198581561
phase_neighborhood_windowed,phase,3,10,0.2,False,,2,3,1.1835316524625858,0.6619188337273444,1.1171204279500542,0.6747340425531915
phase_neighborhood_windowed,phase,3,10,0.2,False,,2,4,0.9450539371552102,0.7206461780929866,0.9888631996533549,0.7093971631205673
phase_neighborhood_windowed,phase,3,10,0.2,False,,2,5,0.8165863556595089,0.752452718676123,0.9333141087640262,0.7202127659574468
phase_neighborhood_windowed,phase,3,10,0.2,False,,2,6,0.7307095100881548,0.7768518518518519,0.8908516201567143,0.7306737588652482
phase_neighborhood_windowed,phase,3,10,0.2,False,,2,7,0.6633498653358507,0.794355791962175,0.8696627872210022,0.7340425531914894
phase_neighborhood_windowed,phase,3,10,0.2,False,,2,8,0.6072247232199655,0.8094168636721828,0.8455287436221508,0.7467198581560284
phase_neighborhood_windowed,phase,3,10,0.2,False,,2,9,0.5583447567443381,0.8227048857368007,0.8280486523682344,0.7479609929078014
phase_neighborhood_windowed,phase,3,10,0.2,False,,2,10,0.5145134379959557,0.8357762017336485,0.8273119268265177,0.7479609929078014
phase_neighborhood_windowed,phase,3,10,0.2,False,,2,11,0.4773430234433348,0.8455082742316785,0.8173665417001602,0.7555851063829787
phase_neighborhood_windowed,phase,3,10,0.2,False,,2,12,0.44277151398906756,0.8560480693459417,0.8158501931116091,0.7518617021276596
phase_neighborhood_windowed,phase,3,10,0.2,False,,2,13,0.41357226832303784,0.8652876280535855,0.8263890998583313,0.7535460992907801
phase_neighborhood_windowed,phase,3,10,0.2,False,,2,14,0.38590021124028895,0.8722222222222222,0.8321196020072233,0.7542553191489362
phase_neighborhood_windowed,phase,3,10,0.2,False,,2,15,0.35861957798425,0.8807230102442868,0.8310984605593039,0.7557624113475178
phase_neighborhood_windowed,phase,3,10,0.2,False,,2,16,0.3354675185067434,0.8877955082742317,0.8351943546998586,0.7564716312056737
phase_neighborhood_windowed,phase,3,10,0.2,False,,2,17,0.3129584472699838,0.8953605200945627,0.8557966743800657,0.7548758865248227
phase_neighborhood_windowed,phase,3,10,0.2,False,,2,18,0.2935976431865782,0.9006796690307328,0.8598920265833537,0.7560283687943262
phase_neighborhood_windowed,phase,3,10,0.2,False,,2,19,0.2741175302752742,0.9077226162332546,0.8735747892805871,0.7537234042553191
phase_neighborhood_windowed,phase,3,10,0.2,False,,2,20,0.2587788287770382,0.9127561071710008,0.8896392972334057,0.7551418439716312
phase_neighborhood_windowed,phase,4,6,0.2,False,,0,1,3.2303420057815297,0.20428486997635933,2.799192453952546,0.3046985815602837
phase_neighborhood_windowed,phase,4,6,0.2,False,,0,2,2.382308732927832,0.39623719464144996,2.055355372327439,0.4666666666666667
phase_neighborhood_windowed,phase,4,6,0.2,False,,0,3,1.7241180693473845,0.5410066981875492,1.5768154996506711,0.5638297872340425
phase_neighborhood_windowed,phase,4,6,0.2,False,,0,4,1.3434166877451987,0.6294818754925138,1.3329716451624607,0.622872340425532
phase_neighborhood_windowed,phase,4,6,0.2,False,,0,5,1.1245429979524244,0.6805949566587864,1.1911606551907588,0.6571808510638298
phase_neighborhood_windowed,phase,4,6,0.2,False,,0,6,0.9785424500586387,0.7155240346729709,1.0977846996158573,0.674822695035461
phase_neighborhood_windowed,phase,4,6,0.2,False,,0,7,0.8719340228395634,0.7435677698975571,1.0360379232159742,0.6902482269503546
phase_neighborhood_windowed,phase,4,6,0.2,False,,0,8,0.7883422308779777,0.7642336485421591,0.9939438909503585,0.6993794326241135
phase_neighborhood_windowed,phase,4,6,0.2,False,,0,9,0.7228611860433087,0.7816193853427896,0.9602271734399999,0.7085106382978723
phase_neighborhood_windowed,phase,4,6,0.2,False,,0,10,0.6657415515330009,0.7981678486997635,0.935812923248778,0.7139184397163121
phase_neighborhood_windowed,phase,4,6,0.2,False,,0,11,0.6183314468467959,0.8113573680063042,0.9115144432013762,0.724113475177305
phase_neighborhood_windowed,phase,4,6,0.2,False,,0,12,0.575255360454908,0.8232762017336486,0.9049753591523948,0.7266843971631206
phase_neighborhood_windowed,phase,4,6,0.2,False,,0,13,0.5400369077897429,0.8321513002364066,0.8921384430946188,0.7310283687943262
phase_neighborhood_windowed,phase,4,6,0.2,False,,0,14,0.5071682786171224,0.8411840031520883,0.888476774202171,0.7316489361702128
phase_neighborhood_windowed,phase,4,6,0.2,False,,0,15,0.4773731894386012,0.8503152088258471,0.8844254192731059,0.7257092198581561
phase_neighborhood_windowed,phase,4,6,0.2,False,,0,16,0.44901840857768077,0.8587765957446809,0.8804443377975031,0.7341312056737589
phase_neighborhood_windowed,phase,4,6,0.2,False,,0,17,0.4236291311499263,0.86626280535855,0.8836656979635252,0.7315602836879432
phase_neighborhood_windowed,phase,4,6,0.2,False,,0,18,0.4006079876018942,0.8737096138691883,0.8820249789150049,0.7342198581560284
phase_neighborhood_windowed,phase,4,6,0.2,False,,0,19,0.37927461952980907,0.8805851063829787,0.8891847781255735,0.7321808510638298
phase_neighborhood_windowed,phase,4,6,0.2,False,,0,20,0.35890669741904857,0.8866922773837668,0.8931089548354453,0.7348404255319149
phase_neighborhood_windowed,phase,4,6,0.2,False,,1,1,3.2146933520281755,0.20742710795902286,2.7947005647294065,0.300531914893617
phase_neighborhood_windowed,phase,4,6,0.2,False,,1,2,2.3465326889374767,0.40475768321513,2.022512916132068,0.475
phase_neighborhood_windowed,phase,4,6,0.2,False,,1,3,1.6916732742994953,0.5499408983451537,1.5673641813562271,0.5736702127659574
phase_neighborhood_windowed,phase,4,6,0.2,False,,1,4,1.3298443935159814,0.6322399527186762,1.3131392267578883,0.6324468085106383
phase_neighborhood_windowed,phase,4,6,0.2,False,,1,5,1.1203803156472454,0.6833234830575257,1.1707258084141616,0.6677304964539007
phase_neighborhood_windowed,phase,4,6,0.2,False,,1,6,0.9777893052127439,0.716903073286052,1.0940942189372178,0.6782801418439717
phase_neighborhood_windowed,phase,4,6,0.2,False,,1,7,0.8748551949259801,0.7430654058313633,1.0293137813290805,0.6946808510638298
phase_neighborhood_windowed,phase,4,6,0.2,False,,1,8,0.7939811303918055,0.7637411347517731,0.9780103747726332,0.7037234042553191
phase_neighborhood_windowed,phase,4,6,0.2,False,,1,9,0.7281845777170033,0.7803191489361702,0.9539754299407309,0.7138297872340426
phase_neighborhood_windowed,phase,4,6,0.2,False,,1,10,0.6732683302381078,0.7956954294720252,0.9313920504657934,0.7155141843971631
phase_neighborhood_windowed,phase,4,6,0.2,False,,1,11,0.6263650932069648,0.8083136327817179,0.9078629760032004,0.7224290780141844
phase_neighborhood_windowed,phase,4,6,0.2,False,,1,12,0.5836350540695837,0.8200157604412923,0.8942836802901951,0.7257978723404256
phase_neighborhood_windowed,phase,4,6,0.2,False,,1,13,0.5467271886724858,0.8301221434200158,0.8827654854625675,0.7281028368794327
phase_neighborhood_windowed,phase,4,6,0.2,False,,1,14,0.5149818175227929,0.8396178092986604,0.8728959234048289,0.7323581560283688
phase_neighborhood_windowed,phase,4,6,0.2,False,,1,15,0.48271758122365244,0.8483451536643026,0.8707454712678354,0.7375
phase_neighborhood_windowed,phase,4,6,0.2,False,,1,16,0.4553671368376489,0.8573187549251379,0.8671841694108138,0.7366134751773049
phase_neighborhood_windowed,phase,4,6,0.2,False,,1,17,0.4308687123564682,0.8632289204097715,0.8745724157238683,0.7356382978723405
phase_neighborhood_windowed,phase,4,6,0.2,False,,1,18,0.40481237277353344,0.8725768321513002,0.872310053794942,0.738741134751773
phase_neighborhood_windowed,phase,4,6,0.2,False,,1,19,0.38269271351766926,0.8792750197005517,0.8852141074255003,0.7346631205673759
phase_neighborhood_windowed,phase,4,6,0.2,False,,1,20,0.3628582793488288,0.8858648542159181,0.8914067961645464,0.7362588652482269
phase_neighborhood_windowed,phase,4,6,0.2,False,,2,1,3.214610850670095,0.2093971631205674,2.825820427752556,0.2922872340425532
phase_neighborhood_windowed,phase,4,6,0.2,False,,2,2,2.3823635010196997,0.39752758077226164,2.097324116517466,0.4542553191489362
phase_neighborhood_windowed,phase,4,6,0.2,False,,2,3,1.719670952503093,0.5424251379038613,1.5981677390159446,0.563031914893617
phase_neighborhood_windowed,phase,4,6,0.2,False,,2,4,1.3330439649293326,0.6306048069345942,1.348450733922052,0.6265070921985816
phase_neighborhood_windowed,phase,4,6,0.2,False,,2,5,1.1103380141998482,0.6850374310480694,1.2064996705833055,0.6506205673758865
phase_neighborhood_windowed,phase,4,6,0.2,False,,2,6,0.9666988393281556,0.7199468085106383,1.1200962252650701,0.6726063829787234
phase_neighborhood_windowed,phase,4,6,0.2,False,,2,7,0.8613657327220607,0.7477245862884161,1.0603657747836823,0.6846631205673759
phase_neighborhood_windowed,phase,4,6,0.2,False,,2,8,0.7828182885551002,0.7677994483845547,1.0139170254375918,0.6932624113475178
phase_neighborhood_windowed,phase,4,6,0.2,False,,2,9,0.7167312232315117,0.7848798266351458,0.9825995068178109,0.7059397163120568
phase_neighborhood_windowed,phase,4,6,0.2,False,,2,10,0.6614314936764885,0.800709219858156,0.9582269956879582,0.711081560283688
phase_neighborhood_windowed,phase,4,6,0.2,False,,2,11,0.6141660611492334,0.8126674546887313,0.9341040356784848,0.7180851063829787
phase_neighborhood_windowed,phase,4,6,0.2,False,,2,12,0.5741635105100742,0.8245271867612293,0.9263945010536951,0.7200354609929078
phase_neighborhood_windowed,phase,4,6,0.2,False,,2,13,0.5384209680125129,0.8339440504334121,0.9161749274172681,0.7225177304964538
phase_neighborhood_windowed,phase,4,6,0.2,False,,2,14,0.505059708282645,0.8435382190701339,0.9181801897836915,0.7208333333333333
phase_neighborhood_windowed,phase,4,6,0.2,False,,2,15,0.47562562216446097,0.8528664302600473,0.9204074239899926,0.7216312056737588
phase_neighborhood_windowed,phase,4,6,0.2,False,,2,16,0.44862992398094437,0.8595744680851064,0.9174830645111436,0.7234929078014184
phase_neighborhood_windowed,phase,4,6,0.2,False,,2,17,0.4222673995228054,0.8680851063829788,0.9187135736993018,0.7234929078014184
phase_neighborhood_windowed,phase,4,6,0.2,False,,2,18,0.401325434206789,0.8742710795902285,0.9245271651880116,0.7225177304964538
phase_neighborhood_windowed,phase,4,6,0.2,False,,2,19,0.37771902461048185,0.8819542947202522,0.9377696645598039,0.724645390070922
phase_neighborhood_windowed,phase,4,6,0.2,False,,2,20,0.3588873068303739,0.8869089834515367,0.9443601095084603,0.7232269503546099
phase_neighborhood_windowed,phase,4,7,0.2,False,,0,1,3.078338768352572,0.2626576044129236,2.5265885322651966,0.3906914893617021
phase_neighborhood_windowed,phase,4,7,0.2,False,,0,2,1.9857387585936803,0.5035657998423956,1.5847357695829785,0.5838652482269504
phase_neighborhood_windowed,phase,4,7,0.2,False,,0,3,1.2994046223642697,0.645705279747833,1.188146033692867,0.6615248226950354
phase_neighborhood_windowed,phase,4,7,0.2,False,,0,4,1.0074094905357271,0.7124605988967692,1.0224350132840745,0.701063829787234
phase_neighborhood_windowed,phase,4,7,0.2,False,,0,5,0.854314888603956,0.7482762017336485,0.9398004949515593,0.7194148936170213
phase_neighborhood_windowed,phase,4,7,0.2,False,,0,6,0.7530898614226598,0.7747537431048069,0.8748307254297514,0.7334219858156028
phase_neighborhood_windowed,phase,4,7,0.2,False,,0,7,0.675403643048965,0.7953211189913317,0.848844949742581,0.7399822695035461
phase_neighborhood_windowed,phase,4,7,0.2,False,,0,8,0.6155910314397609,0.81150512214342,0.8170201572543341,0.7455673758865248
phase_neighborhood_windowed,phase,4,7,0.2,False,,0,9,0.5648449302565122,0.8256698187549252,0.8094573098717006,0.7480496453900709
phase_neighborhood_windowed,phase,4,7,0.2,False,,0,10,0.5233277075961408,0.8380220646178093,0.792262350456089,0.750709219858156
phase_neighborhood_windowed,phase,4,7,0.2,False,,0,11,0.48387672054758213,0.8484436564223798,0.7825295036143445,0.7557624113475178
phase_neighborhood_windowed,phase,4,7,0.2,False,,0,12,0.45051673828991873,0.8593577620173365,0.7768650363523064,0.7593971631205674
phase_neighborhood_windowed,phase,4,7,0.2,False,,0,13,0.420022161930823,0.8677304964539007,0.7722135575105112,0.761968085106383
phase_neighborhood_windowed,phase,4,7,0.2,False,,0,14,0.39248897558690243,0.8765169424743893,0.7820357526870484,0.7594858156028369
phase_neighborhood_windowed,phase,4,7,0.2,False,,0,15,0.368879721068885,0.8829393223010245,0.7862059227963711,0.7561170212765957
phase_neighborhood_windowed,phase,4,7,0.2,False,,0,16,0.3451816563534868,0.8899921197793538,0.7929153030645762,0.7577127659574469
phase_neighborhood_windowed,phase,4,7,0.2,False,,0,17,0.3241571017519708,0.8965425531914893,0.8038504708320536,0.7546985815602837
phase_neighborhood_windowed,phase,4,7,0.2,False,,0,18,0.30614643241590733,0.9028959810874705,0.809346482939754,0.7546985815602837
phase_neighborhood_windowed,phase,4,7,0.2,False,,0,19,0.2869363511355493,0.9093676122931442,0.8228679821000877,0.7525709219858157
phase_neighborhood_windowed,phase,4,7,0.2,False,,0,20,0.2703817665882238,0.9151792750197005,0.8252049270251118,0.7529255319148936
phase_neighborhood_windowed,phase,4,7,0.2,False,,1,1,3.079916738881381,0.2636229314420804,2.5667784362820023,0.38085106382978723
phase_neighborhood_windowed,phase,4,7,0.2,False,,1,2,1.9741377570856453,0.5060283687943262,1.5774689182322077,0.5885638297872341
phase_neighborhood_windowed,phase,4,7,0.2,False,,1,3,1.280872459727258,0.6496847911741529,1.1954910848157625,0.6671985815602837
phase_neighborhood_windowed,phase,4,7,0.2,False,,1,4,1.0046813416800413,0.7122438928289992,1.0291527218852483,0.7046099290780142
phase_neighborhood_windowed,phase,4,7,0.2,False,,1,5,0.8529239041867267,0.7493695823483058,0.9332919312707075,0.7275709219858156
phase_neighborhood_windowed,phase,4,7,0.2,False,,1,6,0.7512958864511892,0.776704097714736,0.8952691176258926,0.7304964539007093
phase_neighborhood_windowed,phase,4,7,0.2,False,,1,7,0.6775854263275604,0.7948187549251379,0.8480806130044004,0.7462765957446809
phase_neighborhood_windowed,phase,4,7,0.2,False,,1,8,0.6152863497241826,0.812322695035461,0.81696918484167,0.7529255319148936
phase_neighborhood_windowed,phase,4,7,0.2,False,,1,9,0.5647927279919503,0.8263987391646966,0.8036063809766837,0.7553191489361702
phase_neighborhood_windowed,phase,4,7,0.2,False,,1,10,0.5207730023479537,0.8391745468873129,0.7965168836268973,0.7552304964539007
phase_neighborhood_windowed,phase,4,7,0.2,False,,1,11,0.4838815180686067,0.8488376674546887,0.7800953336641299,0.7567375886524823
phase_neighborhood_windowed,phase,4,7,0.2,False,,1,12,0.44960893949624403,0.860263987391647,0.7776782685983266,0.7572695035460993
phase_neighborhood_windowed,phase,4,7,0.2,False,,1,13,0.420058158507396,0.8681146572104019,0.7757825820158559,0.7601950354609929
phase_neighborhood_windowed,phase,4,7,0.2,False,,1,14,0.39328852819588545,0.8750197005516155,0.7732957633674568,0.7588652482269503
phase_neighborhood_windowed,phase,4,7,0.2,False,,1,15,0.369510930997354,0.8821315996847912,0.7863291398853275,0.761790780141844
phase_neighborhood_windowed,phase,4,7,0.2,False,,1,16,0.3461751602455046,0.8910263987391647,0.7799571252038293,0.7598404255319149
phase_neighborhood_windowed,phase,4,7,0.2,False,,1,17,0.32568557988573377,0.896552403467297,0.7901395497169901,0.7603723404255319
phase_neighborhood_windowed,phase,4,7,0.2,False,,1,18,0.30577825086618426,0.9030634357762017,0.7950445568307917,0.760904255319149
phase_neighborhood_windowed,phase,4,7,0.2,False,,1,19,0.28735944263525515,0.9096040189125295,0.8173851723366595,0.7565602836879433
phase_neighborhood_windowed,phase,4,7,0.2,False,,1,20,0.2710907141578958,0.9148837667454689,0.8216111561085315,0.7594858156028369
phase_neighborhood_windowed,phase,4,7,0.2,False,,2,1,3.0591716381581024,0.26758274231678486,2.5429866567571113,0.3893617021276596
phase_neighborhood_windowed,phase,4,7,0.2,False,,2,2,1.9639718906441668,0.5078999211977936,1.5929196195399506,0.5712765957446808
phase_neighborhood_windowed,phase,4,7,0.2,False,,2,3,1.2756763775391875,0.6526398739164697,1.2066361709689417,0.6585992907801419
phase_neighborhood_windowed,phase,4,7,0.2,False,,2,4,0.9994270866926117,0.7140858944050433,1.0401213465007484,0.6961879432624114
phase_neighborhood_windowed,phase,4,7,0.2,False,,2,5,0.8518346727786804,0.7511918833727345,0.9624142255343444,0.712145390070922
phase_neighborhood_windowed,phase,4,7,0.2,False,,2,6,0.7520104809855739,0.7763987391646966,0.903680903691772,0.7215425531914894
phase_neighborhood_windowed,phase,4,7,0.2,False,,2,7,0.6747531108399655,0.7967986603624901,0.8809157963340164,0.7285460992907802
phase_neighborhood_windowed,phase,4,7,0.2,False,,2,8,0.6178681028885011,0.8103624901497242,0.8406507072719276,0.7390070921985815
phase_neighborhood_windowed,phase,4,7,0.2,False,,2,9,0.5663665037628607,0.8249113475177305,0.8259410955381732,0.7440602836879433
phase_neighborhood_windowed,phase,4,7,0.2,False,,2,10,0.5231703119356863,0.8368695823483058,0.814166781158312,0.7484042553191489
phase_neighborhood_windowed,phase,4,7,0.2,False,,2,11,0.4845444226330711,0.8489263199369582,0.8092946727225121,0.750531914893617
phase_neighborhood_windowed,phase,4,7,0.2,False,,2,12,0.451090432443987,0.8583628841607565,0.8020265244423075,0.7536347517730496
phase_neighborhood_windowed,phase,4,7,0.2,False,,2,13,0.421388617273012,0.8662825059101655,0.8073032634478089,0.750531914893617
phase_neighborhood_windowed,phase,4,7,0.2,False,,2,14,0.3933569357280566,0.8750098502758077,0.8062227240690948,0.7515957446808511
phase_neighborhood_windowed,phase,4,7,0.2,False,,2,15,0.36909975003688894,0.8835500394011032,0.8133969168291024,0.7528368794326241
phase_neighborhood_windowed,phase,4,7,0.2,False,,2,16,0.34489474752646343,0.8911150512214342,0.8147356530453297,0.7548758865248227
phase_neighborhood_windowed,phase,4,7,0.2,False,,2,17,0.32422669492339035,0.8977245862884161,0.8191991751498364,0.7545212765957446
phase_neighborhood_windowed,phase,4,7,0.2,False,,2,18,0.30487528549018483,0.904117415287628,0.8295303722645374,0.7504432624113475
phase_neighborhood_windowed,phase,4,7,0.2,False,,2,19,0.2858507410572494,0.9101359338061465,0.8445307180391136,0.7489361702127659
phase_neighborhood_windowed,phase,4,7,0.2,False,,2,20,0.2685285780282355,0.9154353821907013,0.8468092051803643,0.75177304964539
phase_neighborhood_windowed,phase,4,8,0.2,False,,0,1,2.7788681208382826,0.3391646966115051,2.066823265400339,0.4901595744680851
phase_neighborhood_windowed,phase,4,8,0.2,False,,0,2,1.508495718386344,0.6060677698975572,1.1820849552222177,0.6695035460992907
phase_neighborhood_windowed,phase,4,8,0.2,False,,0,3,0.9909369863141138,0.7170015760441293,0.9584378329574639,0.7143617021276596
phase_neighborhood_windowed,phase,4,8,0.2,False,,0,4,0.8033911766453555,0.7620271867612293,0.8533175382208317,0.7475177304964539
phase_neighborhood_windowed,phase,4,8,0.2,False,,0,5,0.6963868740508649,0.7886130811662726,0.8067536945038654,0.7523936170212766
phase_neighborhood_windowed,phase,4,8,0.2,False,,0,6,0.6208793720079276,0.8089342001576044,0.7647133323317724,0.7645390070921986
phase_neighborhood_windowed,phase,4,8,0.2,False,,0,7,0.5609968881235055,0.8255023640661938,0.7426754934567932,0.7736702127659575
phase_neighborhood_windowed,phase,4,8,0.2,False,,0,8,0.5121279073005779,0.8387214342001577,0.7285546872209996,0.7708333333333334
phase_neighborhood_windowed,phase,4,8,0.2,False,,0,9,0.4718484370702829,0.8498423955870764,0.7235958202933589,0.7733156028368794
phase_neighborhood_windowed,phase,4,8,0.2,False,,0,10,0.4370275018579665,0.860263987391647,0.7151995934915881,0.7714539007092198
phase_neighborhood_windowed,phase,4,8,0.2,False,,0,11,0.40403376159187,0.8701142631993696,0.7122310806250741,0.7756205673758865
phase_neighborhood_windowed,phase,4,8,0.2,False,,0,12,0.3767851000794094,0.8777679275019701,0.7181859244691565,0.7768617021276596
phase_neighborhood_windowed,phase,4,8,0.2,False,,0,13,0.3500867515262231,0.8862391646966115,0.7211346815663872,0.775
phase_neighborhood_windowed,phase,4,8,0.2,False,,0,14,0.32732672787633255,0.8930063041765169,0.7240978791781351,0.7795212765957447
phase_neighborhood_windowed,phase,4,8,0.2,False,,0,15,0.3065300817748897,0.8994385342789598,0.7316287754698002,0.7754432624113475
phase_neighborhood_windowed,phase,4,8,0.2,False,,0,16,0.28740313266373885,0.9067080378250592,0.7382041187151104,0.7756205673758865
phase_neighborhood_windowed,phase,4,8,0.2,False,,0,17,0.2686349365352363,0.9123620961386919,0.7569557990588195,0.7724290780141844
phase_neighborhood_windowed,phase,4,8,0.2,False,,0,18,0.25117913654134255,0.9182722616233254,0.7730750498619485,0.7710992907801418
phase_neighborhood_windowed,phase,4,8,0.2,False,,0,19,0.23575229623873842,0.9239952718676123,0.7670191524722052,0.7704787234042553
phase_neighborhood_windowed,phase,4,8,0.2,False,,0,20,0.2215574198533833,0.9281225374310481,0.7767299259385319,0.774113475177305
phase_neighborhood_windowed,phase,4,8,0.2,False,,1,1,2.776564218191954,0.33730299448384554,2.174600605423569,0.4678191489361702
phase_neighborhood_windowed,phase,4,8,0.2,False,,1,2,1.5248243876758572,0.6009850275807722,1.2100838652739287,0.66427304964539
phase_neighborhood_windowed,phase,4,8,0.2,False,,1,3,1.0069626522214512,0.7116627265563436,0.9687699641741759,0.714627659574468
phase_neighborhood_windowed,phase,4,8,0.2,False,,1,4,0.8138279408427841,0.7584810874704492,0.8458892772383724,0.7445035460992908
phase_neighborhood_windowed,phase,4,8,0.2,False,,1,5,0.7018999762381034,0.7861406619385343,0.7847181178153829,0.7600177304964539
phase_neighborhood_windowed,phase,4,8,0.2,False,,1,6,0.6236383743319951,0.806107171000788,0.7618458163230977,0.7589539007092199
phase_neighborhood_windowed,phase,4,8,0.2,False,,1,7,0.5643047294999972,0.8232565011820331,0.7254183086943119,0.7740248226950355
phase_neighborhood_windowed,phase,4,8,0.2,False,,1,8,0.5142556123042126,0.837854609929078,0.7127802498374425,0.776241134751773
phase_neighborhood_windowed,phase,4,8,0.2,False,,1,9,0.47297634253640924,0.8490740740740741,0.7057694663392736,0.7804964539007092
phase_neighborhood_windowed,phase,4,8,0.2,False,,1,10,0.4377525310520115,0.8595941686367218,0.7046281732565968,0.7788120567375887
phase_neighborhood_windowed,phase,4,8,0.2,False,,1,11,0.40627719222137176,0.8683609141055949,0.700164311151978,0.7817375886524822
phase_neighborhood_windowed,phase,4,8,0.2,False,,1,12,0.37655848739323794,0.8798955870764381,0.7079087215957912,0.7789893617021276
phase_neighborhood_windowed,phase,4,8,0.2,False,,1,13,0.35321027885467826,0.8858353033884949,0.7107871781849692,0.7805851063829787
phase_neighborhood_windowed,phase,4,8,0.2,False,,1,14,0.331899328737676,0.8916568163908589,0.714004510641098,0.7795212765957447
phase_neighborhood_windowed,phase,4,8,0.2,False,,1,15,0.30980392095138937,0.8986209613869188,0.7202895216908015,0.7801418439716312
phase_neighborhood_windowed,phase,4,8,0.2,False,,1,16,0.290039064599549,0.9058707643814027,0.7334799418212674,0.7798758865248226
phase_neighborhood_windowed,phase,4,8,0.2,False,,1,17,0.2724132273026204,0.9110224586288416,0.7426363153660551,0.7763297872340426
phase_neighborhood_windowed,phase,4,8,0.2,False,,1,18,0.2549875879611811,0.9161446020488574,0.7492599934550888,0.7773936170212766
phase_neighborhood_windowed,phase,4,8,0.2,False,,1,19,0.23964957375052973,0.9223404255319149,0.7631725630861648,0.7703900709219859
phase_neighborhood_windowed,phase,4,8,0.2,False,,1,20,0.22426325181885157,0.927344365642238,0.773174229243123,0.7756205673758865
phase_neighborhood_windowed,phase,4,8,0.2,False,,2,1,2.7776818234869776,0.3398837667454689,2.0904573065169316,0.4826241134751773
phase_neighborhood_windowed,phase,4,8,0.2,False,,2,2,1.4995777564879194,0.6081461780929867,1.2060402127022438,0.6611702127659574
phase_neighborhood_windowed,phase,4,8,0.2,False,,2,3,0.9866954925588213,0.7172675334909377,0.9600111802419027,0.7239361702127659
phase_neighborhood_windowed,phase,4,8,0.2,False,,2,4,0.7984254748075379,0.7617809298660363,0.8562914511836167,0.7427304964539007
phase_neighborhood_windowed,phase,4,8,0.2,False,,2,5,0.6872022146874286,0.7916272655634358,0.80649994594831,0.7531028368794326
phase_neighborhood_windowed,phase,4,8,0.2,False,,2,6,0.6111328916017985,0.8121552403467297,0.7781183877735274,0.7593971631205674
phase_neighborhood_windowed,phase,4,8,0.2,False,,2,7,0.5527788586697304,0.8272655634357762,0.7605254512729375,0.760904255319149
phase_neighborhood_windowed,phase,4,8,0.2,False,,2,8,0.5041070078657405,0.8404649330181245,0.7336694600311577,0.7699468085106383
phase_neighborhood_windowed,phase,4,8,0.2,False,,2,9,0.4634709797241821,0.8514873916469661,0.7266613121573806,0.7673758865248227
phase_neighborhood_windowed,phase,4,8,0.2,False,,2,10,0.42882804436604743,0.8625295508274232,0.7281078165727304,0.7694148936170213
phase_neighborhood_windowed,phase,4,8,0.2,False,,2,11,0.3968576672699059,0.872054767533491,0.7293392739820143,0.7655141843971631
phase_neighborhood_windowed,phase,4,8,0.2,False,,2,12,0.3693746434975272,0.8807821118991331,0.7215313981188104,0.7719858156028369
phase_neighborhood_windowed,phase,4,8,0.2,False,,2,13,0.34476214766361474,0.886968085106383,0.7361339741776175,0.7688829787234043
phase_neighborhood_windowed,phase,4,8,0.2,False,,2,14,0.3205207514424696,0.895311268715524,0.7401601497163164,0.7696808510638298
phase_neighborhood_windowed,phase,4,8,0.2,False,,2,15,0.3001311777730548,0.9030043341213554,0.7563372846613539,0.7657801418439716
phase_neighborhood_windowed,phase,4,8,0.2,False,,2,16,0.28059204134347404,0.9086485421591805,0.7619322931301509,0.7668439716312057
phase_neighborhood_windowed,phase,4,8,0.2,False,,2,17,0.26398266984121926,0.9141646966115051,0.7698867988818926,0.7671985815602836
phase_neighborhood_windowed,phase,4,8,0.2,False,,2,18,0.24769051815695045,0.9206166272655635,0.7779167419207011,0.7693262411347518
phase_neighborhood_windowed,phase,4,8,0.2,False,,2,19,0.23168769375464407,0.924822695035461,0.793720327708738,0.7661347517730497
phase_neighborhood_windowed,phase,4,8,0.2,False,,2,20,0.21724229668002132,0.9298561859732073,0.7994490751349335,0.7668439716312057
phase_neighborhood_windowed,phase,4,9,0.2,False,,0,1,3.0842374209816574,0.2502955082742317,2.6700569619523717,0.34335106382978725
phase_neighborhood_windowed,phase,4,9,0.2,False,,0,2,2.064719273764097,0.4729905437352246,1.621897459706516,0.5687056737588653
phase_neighborhood_windowed,phase,4,9,0.2,False,,0,3,1.340146809492269,0.6313041765169425,1.2447353281873337,0.6447695035460993
phase_neighborhood_windowed,phase,4,9,0.2,False,,0,4,1.0648331534308275,0.696414499605989,1.0920861452183825,0.6867021276595745
phase_neighborhood_windowed,phase,4,9,0.2,False,,0,5,0.9161990308310687,0.7315110323089047,1.008833344354697,0.701063829787234
phase_neighborhood_windowed,phase,4,9,0.2,False,,0,6,0.8151952779321242,0.7578112687155241,0.9543171406637693,0.7111702127659575
phase_neighborhood_windowed,phase,4,9,0.2,False,,0,7,0.7376584093621437,0.7781323877068558,0.9146665228596815,0.7201241134751774
phase_neighborhood_windowed,phase,4,9,0.2,False,,0,8,0.675376033989626,0.7930161544523247,0.8868771580094141,0.7257092198581561
phase_neighborhood_windowed,phase,4,9,0.2,False,,0,9,0.6227010373340243,0.808697793538219,0.8718742324950847,0.7308510638297873
phase_neighborhood_windowed,phase,4,9,0.2,False,,0,10,0.576965338738534,0.8202127659574469,0.8557771369920555,0.7328014184397164
phase_neighborhood_windowed,phase,4,9,0.2,False,,0,11,0.536601989517257,0.8315602836879432,0.8434060763805471,0.7409574468085106
phase_neighborhood_windowed,phase,4,9,0.2,False,,0,12,0.49962391973575143,0.8428585500394011,0.8441056618876491,0.7408687943262411
phase_neighborhood_windowed,phase,4,9,0.2,False,,0,13,0.4663209738272959,0.8528467297084318,0.8401415719208143,0.7405141843971631
phase_neighborhood_windowed,phase,4,9,0.2,False,,0,14,0.4379009841557466,0.8606481481481482,0.8439076383063133,0.7425531914893617
phase_neighborhood_windowed,phase,4,9,0.2,False,,0,15,0.41089258501152054,0.8679669030732861,0.8528563310491278,0.7406028368794326
phase_neighborhood_windowed,phase,4,9,0.2,False,,0,16,0.3854597426804151,0.8766154452324665,0.8411551284029128,0.7456560283687943
phase_neighborhood_windowed,phase,4,9,0.2,False,,0,17,0.3620050403900838,0.8832249802994484,0.8573574165080456,0.7405141843971631
phase_neighborhood_windowed,phase,4,9,0.2,False,,0,18,0.3400200020524815,0.8897951142631993,0.8693723869239185,0.7443262411347518
phase_neighborhood_windowed,phase,4,9,0.2,False,,0,19,0.3201153894711706,0.8961583924349882,0.8727353984582509,0.7414893617021276
phase_neighborhood_windowed,phase,4,9,0.2,False,,0,20,0.2990079337976127,0.9026891252955083,0.8918848481584103,0.7392730496453901
phase_neighborhood_windowed,phase,4,9,0.2,False,,1,1,3.0773360466562547,0.25270882584712373,2.6896374066670736,0.34671985815602835
phase_neighborhood_windowed,phase,4,9,0.2,False,,1,2,2.06866803443554,0.4735618597320725,1.6291197069993255,0.5687056737588653
phase_neighborhood_windowed,phase,4,9,0.2,False,,1,3,1.340752058126872,0.6310480693459417,1.2498288861403228,0.6479609929078014
phase_neighborhood_windowed,phase,4,9,0.2,False,,1,4,1.0664718091910612,0.6944936958234831,1.0828817922172818,0.6842198581560284
phase_neighborhood_windowed,phase,4,9,0.2,False,,1,5,0.917116740860274,0.7317671394799055,1.0019457015585391,0.7061170212765957
phase_neighborhood_windowed,phase,4,9,0.2,False,,1,6,0.815354518988078,0.7562056737588653,0.9576394808207843,0.7069148936170213
phase_neighborhood_windowed,phase,4,9,0.2,False,,1,7,0.7390756075357808,0.775709219858156,0.9071284417564988,0.7257092198581561
phase_neighborhood_windowed,phase,4,9,0.2,False,,1,8,0.6747572211978753,0.7939322301024428,0.8836751356192515,0.7305851063829787
phase_neighborhood_windowed,phase,4,9,0.2,False,,1,9,0.6238105785762165,0.806993695823483,0.8689997516625316,0.7384751773049646
phase_neighborhood_windowed,phase,4,9,0.2,False,,1,10,0.5766313622465652,0.8203309692671394,0.8534628943348608,0.7395390070921986
phase_neighborhood_windowed,phase,4,9,0.2,False,,1,11,0.5345644312688363,0.8320527974783294,0.8357800668013011,0.7472517730496454
phase_neighborhood_windowed,phase,4,9,0.2,False,,1,12,0.4992243456455363,0.8423857368006304,0.8353547870690096,0.7448581560283688
phase_neighborhood_windowed,phase,4,9,0.2,False,,1,13,0.4655727525317265,0.8513396375098503,0.8310458622080215,0.7495567375886525
phase_neighborhood_windowed,phase,4,9,0.2,False,,1,14,0.438368043136747,0.8599980299448384,0.8297741044497658,0.7490248226950355
phase_neighborhood_windowed,phase,4,9,0.2,False,,1,15,0.40986707941390477,0.8683707643814027,0.8344909086295054,0.7514184397163121
phase_neighborhood_windowed,phase,4,9,0.2,False,,1,16,0.38470937430717705,0.8762214342001576,0.8382099026906575,0.7523049645390071
phase_neighborhood_windowed,phase,4,9,0.2,False,,1,17,0.36194756014596957,0.8836682427107959,0.8475031684476433,0.7515070921985816
phase_neighborhood_windowed,phase,4,9,0.2,False,,1,18,0.33796753522164247,0.8908983451536643,0.8513354965558289,0.7528368794326241
phase_neighborhood_windowed,phase,4,9,0.2,False,,1,19,0.31678837098128404,0.8967198581560284,0.8613116736107684,0.7544326241134752
phase_neighborhood_windowed,phase,4,9,0.2,False,,1,20,0.2978913107333548,0.9030732860520094,0.8758306731569007,0.7513297872340425
phase_neighborhood_windowed,phase,4,9,0.2,False,,2,1,3.0795999251922535,0.25149724192277384,2.697233231862386,0.34414893617021275
phase_neighborhood_windowed,phase,4,9,0.2,False,,2,2,2.0673373870158214,0.4742513790386131,1.663445480664571,0.5530141843971631
phase_neighborhood_windowed,phase,4,9,0.2,False,,2,3,1.349134234690685,0.6282801418439716,1.2675552092545421,0.6413120567375886
phase_neighborhood_windowed,phase,4,9,0.2,False,,2,4,1.0683608378642557,0.6942178881008668,1.1050676113324809,0.6767730496453901
phase_neighborhood_windowed,phase,4,9,0.2,False,,2,5,0.9165254614031907,0.7321907013396375,1.0326421049469752,0.6957446808510638
phase_neighborhood_windowed,phase,4,9,0.2,False,,2,6,0.8139796875235225,0.7582545311268716,0.9713037239744308,0.7093085106382979
phase_neighborhood_windowed,phase,4,9,0.2,False,,2,7,0.7375424919962601,0.7764578408195429,0.9445046436702106,0.7129432624113475
phase_neighborhood_windowed,phase,4,9,0.2,False,,2,8,0.677206811160906,0.792612293144208,0.9082613228906131,0.7265070921985816
phase_neighborhood_windowed,phase,4,9,0.2,False,,2,9,0.6245328076530198,0.8080378250591016,0.8910352625745408,0.7304078014184398
phase_neighborhood_windowed,phase,4,9,0.2,False,,2,10,0.5793184972542116,0.8200551615445233,0.8779744240409093,0.7298758865248227
phase_neighborhood_windowed,phase,4,9,0.2,False,,2,11,0.5380978263298107,0.8313829787234043,0.8762213287624061,0.7340425531914894
phase_neighborhood_windowed,phase,4,9,0.2,False,,2,12,0.5015624261259375,0.8419424743892829,0.8578255917163605,0.7439716312056738
phase_neighborhood_windowed,phase,4,9,0.2,False,,2,13,0.47057020954957995,0.8498128447596532,0.862454819087441,0.7392730496453901
phase_neighborhood_windowed,phase,4,9,0.2,False,,2,14,0.4406270655240479,0.8592494089834516,0.8567668251957453,0.7406028368794326
phase_neighborhood_windowed,phase,4,9,0.2,False,,2,15,0.4129336381259164,0.8671985815602837,0.8691750884056091,0.737854609929078
phase_neighborhood_windowed,phase,4,9,0.2,False,,2,16,0.3878170286979705,0.8750788022064617,0.8766997628600884,0.7375886524822695
phase_neighborhood_windowed,phase,4,9,0.2,False,,2,17,0.3639425940829248,0.8826142631993695,0.8856965037102394,0.7334219858156028
phase_neighborhood_windowed,phase,4,9,0.2,False,,2,18,0.3426730628836521,0.8892434988179669,0.888850079191492,0.7365248226950355
phase_neighborhood_windowed,phase,4,9,0.2,False,,2,19,0.3218650378515816,0.8953506698187549,0.9011320156831268,0.7404255319148936
phase_neighborhood_windowed,phase,4,9,0.2,False,,2,20,0.3026180724678686,0.9011918833727345,0.9084251148480895,0.7397163120567376
phase_neighborhood_windowed,phase,4,10,0.2,False,,0,1,2.946197699448365,0.2851950354609929,2.4170022152839823,0.400177304964539
phase_neighborhood_windowed,phase,4,10,0.2,False,,0,2,1.723784701179763,0.5497044917257683,1.3360542484209048,0.6286347517730496
phase_neighborhood_windowed,phase,4,10,0.2,False,,0,3,1.127456280243876,0.6810579196217494,1.0729885825028656,0.6859042553191489
phase_neighborhood_windowed,phase,4,10,0.2,False,,0,4,0.9164223052649352,0.7312253743104807,0.9616748282672666,0.712854609929078
phase_neighborhood_windowed,phase,4,10,0.2,False,,0,5,0.7968901260712656,0.7609633569739953,0.9047657753558869,0.7279255319148936
phase_neighborhood_windowed,phase,4,10,0.2,False,,0,6,0.7112993486665946,0.7840524034672971,0.8629814922809601,0.7354609929078014
phase_neighborhood_windowed,phase,4,10,0.2,False,,0,7,0.6464912171904922,0.8003743104806934,0.840254445109807,0.7418439716312056
phase_neighborhood_windowed,phase,4,10,0.2,False,,0,8,0.5942438109828507,0.8141942474389283,0.8200263071990183,0.7451241134751773
phase_neighborhood_windowed,phase,4,10,0.2,False,,0,9,0.5491188042740638,0.8262509850275808,0.8164609936957664,0.7426418439716312
phase_neighborhood_windowed,phase,4,10,0.2,False,,0,10,0.5097713696289664,0.8381304176516943,0.8006680830150631,0.7458333333333333
phase_neighborhood_windowed,phase,4,10,0.2,False,,0,11,0.47534782055609803,0.8483451536643026,0.7876639251167893,0.7538120567375887
phase_neighborhood_windowed,phase,4,10,0.2,False,,0,12,0.4441779785098947,0.8571513002364066,0.7965602218682039,0.7584219858156028
phase_neighborhood_windowed,phase,4,10,0.2,False,,0,13,0.41599774185694327,0.8644799054373522,0.7897575238072281,0.7567375886524823
phase_neighborhood_windowed,phase,4,10,0.2,False,,0,14,0.3907208463636508,0.8724881796690307,0.7972355977863285,0.7567375886524823
phase_neighborhood_windowed,phase,4,10,0.2,False,,0,15,0.3663431157832826,0.8797675334909377,0.8035582670928738,0.7590425531914894
phase_neighborhood_windowed,phase,4,10,0.2,False,,0,16,0.3450478164768294,0.8857860520094563,0.8024896245476202,0.7596631205673758
phase_neighborhood_windowed,phase,4,10,0.2,False,,0,17,0.3255570401207869,0.8918833727344365,0.8267023436566616,0.7564716312056737
phase_neighborhood_windowed,phase,4,10,0.2,False,,0,18,0.3070848354868667,0.8972911741528763,0.8210205293716268,0.7597517730496454
phase_neighborhood_windowed,phase,4,10,0.2,False,,0,19,0.289492077885931,0.9033096926713948,0.8284359499917808,0.7592198581560283
phase_neighborhood_windowed,phase,4,10,0.2,False,,0,20,0.2721107585938358,0.909269109535067,0.8294899776472268,0.761790780141844
phase_neighborhood_windowed,phase,4,10,0.2,False,,1,1,2.952725491099136,0.2851457840819543,2.520566357281191,0.37597517730496455
phase_neighborhood_windowed,phase,4,10,0.2,False,,1,2,1.7403036647748533,0.5452915681639086,1.3547485542635547,0.6266843971631205
phase_neighborhood_windowed,phase,4,10,0.2,False,,1,3,1.134577939865437,0.6777088258471238,1.0981988889951233,0.6814716312056738
phase_neighborhood_windowed,phase,4,10,0.2,False,,1,4,0.9244472885620322,0.7291666666666666,0.9609536638496615,0.7170212765957447
phase_neighborhood_windowed,phase,4,10,0.2,False,,1,5,0.8040939074787594,0.7589736012608354,0.9058118098171045,0.7276595744680852
phase_neighborhood_windowed,phase,4,10,0.2,False,,1,6,0.7178395674208001,0.7809003152088259,0.8756076952244373,0.7296985815602837
phase_neighborhood_windowed,phase,4,10,0.2,False,,1,7,0.6545946638259106,0.7987884160756501,0.840961999250642,0.7411347517730497
phase_neighborhood_windowed,phase,4,10,0.2,False,,1,8,0.599431041669808,0.8132190701339638,0.8167375790311935,0.7473404255319149
phase_neighborhood_windowed,phase,4,10,0.2,False,,1,9,0.5552953258849581,0.824182427107959,0.8085385052024895,0.7518617021276596
phase_neighborhood_windowed,phase,4,10,0.2,False,,1,10,0.5167620432855953,0.8358057525610717,0.7952112539440183,0.7564716312056737
phase_neighborhood_windowed,phase,4,10,0.2,False,,1,11,0.48083587853902904,0.8456067769897557,0.7818899896973414,0.7588652482269503
phase_neighborhood_windowed,phase,4,10,0.2,False,,1,12,0.4490510872586493,0.8557919621749409,0.7863846829596987,0.7586879432624114
phase_neighborhood_windowed,phase,4,10,0.2,False,,1,13,0.4209712089282307,0.8630417651694248,0.7771698158683507,0.763563829787234
phase_neighborhood_windowed,phase,4,10,0.2,False,,1,14,0.3958712194828277,0.8695232466509062,0.7806281573383521,0.7604609929078014
phase_neighborhood_windowed,phase,4,10,0.2,False,,1,15,0.37195076742352606,0.8773739164696611,0.7900466598517506,0.764450354609929
phase_neighborhood_windowed,phase,4,10,0.2,False,,1,16,0.349439631154727,0.8848699763593381,0.789310452109533,0.7629432624113475
phase_neighborhood_windowed,phase,4,10,0.2,False,,1,17,0.33005908649676047,0.8910263987391647,0.8068582820554152,0.763209219858156
phase_neighborhood_windowed,phase,4,10,0.2,False,,1,18,0.310935343954627,0.8971434200157604,0.8090418555635087,0.7604609929078014
phase_neighborhood_windowed,phase,4,10,0.2,False,,1,19,0.29311313293551344,0.9025413711583924,0.8277290166692531,0.761436170212766
phase_neighborhood_windowed,phase,4,10,0.2,False,,1,20,0.2765351975757931,0.9084318360914105,0.8365360512801095,0.7598404255319149
phase_neighborhood_windowed,phase,4,10,0.2,False,,2,1,2.9485331412090665,0.2857663514578408,2.494537030889633,0.38085106382978723
phase_neighborhood_windowed,phase,4,10,0.2,False,,2,2,1.7144862561455103,0.5508668242710796,1.343617816766103,0.6235815602836879
phase_neighborhood_windowed,phase,4,10,0.2,False,,2,3,1.108565052350362,0.6857368006304176,1.08493973955195,0.6820035460992908
phase_neighborhood_windowed,phase,4,10,0.2,False,,2,4,0.9053661701527048,0.7336879432624114,0.9800499844212904,0.7082446808510638
phase_neighborhood_windowed,phase,4,10,0.2,False,,2,5,0.7896603780435332,0.7638593380614658,0.9249897600065732,0.7164893617021276
phase_neighborhood_windowed,phase,4,10,0.2,False,,2,6,0.709378680260375,0.784446414499606,0.8889662617909992,0.725177304964539
phase_neighborhood_windowed,phase,4,10,0.2,False,,2,7,0.6451739604826326,0.8010047281323877,0.8634898047497932,0.7335106382978723
phase_neighborhood_windowed,phase,4,10,0.2,False,,2,8,0.5948534140162246,0.8150512214342002,0.8383410065309376,0.7437056737588652
phase_neighborhood_windowed,phase,4,10,0.2,False,,2,9,0.5506772122061845,0.8265366430260047,0.828768394179378,0.7446808510638298
phase_neighborhood_windowed,phase,4,10,0.2,False,,2,10,0.5110774400198526,0.8376576044129236,0.8283035984910126,0.7429078014184397
phase_neighborhood_windowed,phase,4,10,0.2,False,,2,11,0.4762713678903332,0.8466903073286052,0.8361508831910208,0.7455673758865248
phase_neighborhood_windowed,phase,4,10,0.2,False,,2,12,0.4458604562648926,0.8562352245862884,0.8163632013696305,0.7492021276595745
phase_neighborhood_windowed,phase,4,10,0.2,False,,2,13,0.4201396334631599,0.8645390070921986,0.8362704120629223,0.7454787234042554
phase_neighborhood_windowed,phase,4,10,0.2,False,,2,14,0.39351259306531144,0.8720252167060678,0.8250901867734625,0.749290780141844
phase_neighborhood_windowed,phase,4,10,0.2,False,,2,15,0.3701010725012532,0.8785756501182033,0.8412380446778968,0.7476063829787234
phase_neighborhood_windowed,phase,4,10,0.2,False,,2,16,0.34805753874534506,0.8850669818754925,0.8427358227841397,0.7493794326241134
phase_neighborhood_windowed,phase,4,10,0.2,False,,2,17,0.32735415300672877,0.8927797478329393,0.8512464908420617,0.7477836879432624
phase_neighborhood_windowed,phase,4,10,0.2,False,,2,18,0.3092567692693525,0.8980594956658786,0.8534097003598585,0.7510638297872341
phase_neighborhood_windowed,phase,4,10,0.2,False,,2,19,0.29238085402006986,0.9031323877068558,0.862617748299389,0.7488475177304964
phase_neighborhood_windowed,phase,4,10,0.2,False,,2,20,0.2750264023729344,0.9096434200157605,0.8727427285613744,0.749822695035461
phase_neighborhood_windowed,phase,5,6,0.2,False,,0,1,2.942310911919584,0.30534869976359336,2.6126048852365913,0.37881205673758866
phase_neighborhood_windowed,phase,5,6,0.2,False,,0,2,2.1485697795125422,0.4773640661938534,1.7569932961294836,0.5516843971631206
phase_neighborhood_windowed,phase,5,6,0.2,False,,0,3,1.4140774599485646,0.6244976359338061,1.2767018970868267,0.6409574468085106
phase_neighborhood_windowed,phase,5,6,0.2,False,,0,4,1.0731564555983548,0.6976359338061465,1.081510522348661,0.6859929078014184
phase_neighborhood_windowed,phase,5,6,0.2,False,,0,5,0.8976766582734008,0.7389282899921198,0.9749112530803004,0.7112588652482269
phase_neighborhood_windowed,phase,5,6,0.2,False,,0,6,0.7856482371652662,0.7667159180457053,0.9061470856057837,0.7304078014184398
phase_neighborhood_windowed,phase,5,6,0.2,False,,0,7,0.7043841444760256,0.7871749408983452,0.8586016199267502,0.7413120567375886
phase_neighborhood_windowed,phase,5,6,0.2,False,,0,8,0.6405546165433242,0.8028959810874704,0.8299098819282883,0.7504432624113475
phase_neighborhood_windowed,phase,5,6,0.2,False,,0,9,0.5890400978972162,0.8176910953506699,0.8113380599951913,0.7504432624113475
phase_neighborhood_windowed,phase,5,6,0.2,False,,0,10,0.5457251601936876,0.829688731284476,0.7997977997394319,0.7520390070921986
phase_neighborhood_windowed,phase,5,6,0.2,False,,0,11,0.5082045181939882,0.840198975571316,0.7779776185962325,0.7610815602836879
phase_neighborhood_windowed,phase,5,6,0.2,False,,0,12,0.47557889305295864,0.8499211977935383,0.770714011936323,0.760904255319149
phase_neighborhood_windowed,phase,5,6,0.2,False,,0,13,0.4459089198058003,0.8581461780929867,0.7706335652804543,0.7601063829787233
phase_neighborhood_windowed,phase,5,6,0.2,False,,0,14,0.4176394932893809,0.8679078014184397,0.7721609259328098,0.763563829787234
phase_neighborhood_windowed,phase,5,6,0.2,False,,0,15,0.39352763533310403,0.8743203309692671,0.774112235738876,0.7620567375886524
phase_neighborhood_windowed,phase,5,6,0.2,False,,0,16,0.37056334835981364,0.8811465721040189,0.7726744709285438,0.7604609929078014
phase_neighborhood_windowed,phase,5,6,0.2,False,,0,17,0.3484415781601289,0.8879826635145784,0.7850077810862386,0.761790780141844
phase_neighborhood_windowed,phase,5,6,0.2,False,,0,18,0.32900041620782083,0.8943459416863672,0.7912782215057536,0.7591312056737589
phase_neighborhood_windowed,phase,5,6,0.2,False,,0,19,0.310712634967574,0.9007289204097715,0.7912317464537655,0.7600177304964539
phase_neighborhood_windowed,phase,5,6,0.2,False,,0,20,0.2932269817078743,0.9064420803782506,0.7949925830178227,0.760549645390071
phase_neighborhood_windowed,phase,5,6,0.2,False,,1,1,2.928975914480932,0.30728920409771476,2.6748906182904615,0.37358156028368794
phase_neighborhood_windowed,phase,5,6,0.2,False,,1,2,2.1864272032693393,0.46778959810874704,1.7901890541644807,0.5495567375886525
phase_neighborhood_windowed,phase,5,6,0.2,False,,1,3,1.4182045217195396,0.6225571315996848,1.2915199232439623,0.6458333333333334
phase_neighborhood_windowed,phase,5,6,0.2,False,,1,4,1.0655393490178835,0.6991134751773049,1.0618814099764993,0.6953900709219858
phase_neighborhood_windowed,phase,5,6,0.2,False,,1,5,0.8890404745948136,0.7390858944050434,0.959476216126841,0.7159574468085106
phase_neighborhood_windowed,phase,5,6,0.2,False,,1,6,0.7772710324695864,0.7669818754925138,0.9090368159273837,0.7207446808510638
phase_neighborhood_windowed,phase,5,6,0.2,False,,1,7,0.6962021670818704,0.7897557131599685,0.8457695979598566,0.7418439716312056
phase_neighborhood_windowed,phase,5,6,0.2,False,,1,8,0.6320961519336024,0.8059594168636722,0.8214387906358597,0.7465425531914893
phase_neighborhood_windowed,phase,5,6,0.2,False,,1,9,0.5804008265993932,0.8193951930654059,0.8051082600938513,0.7515957446808511
phase_neighborhood_windowed,phase,5,6,0.2,False,,1,10,0.5371597199105578,0.8308707643814027,0.7902588191607319,0.7540780141843971
phase_neighborhood_windowed,phase,5,6,0.2,False,,1,11,0.5000973095238161,0.8417848699763594,0.7791123975253275,0.7594858156028369
phase_neighborhood_windowed,phase,5,6,0.2,False,,1,12,0.46729079040605503,0.851881402679275,0.7741331934083439,0.763563829787234
phase_neighborhood_windowed,phase,5,6,0.2,False,,1,13,0.4380645896103365,0.8603526398739165,0.7660464698118521,0.7649822695035461
phase_neighborhood_windowed,phase,5,6,0.2,False,,1,14,0.4124744877559731,0.8674940898345154,0.7612083567795178,0.7660460992907802
phase_neighborhood_windowed,phase,5,6,0.2,False,,1,15,0.3880012337667346,0.8749408983451537,0.7695579106080617,0.7669326241134752
phase_neighborhood_windowed,phase,5,6,0.2,False,,1,16,0.36535144118552515,0.882102048857368,0.7684689998626709,0.7669326241134752
phase_neighborhood_windowed,phase,5,6,0.2,False,,1,17,0.34523121614076663,0.888140267927502,0.7707564393679301,0.7666666666666667
phase_neighborhood_windowed,phase,5,6,0.2,False,,1,18,0.32656061561958727,0.8946315996847912,0.7714385136222163,0.7683510638297872
phase_neighborhood_windowed,phase,5,6,0.2,False,,1,19,0.3083081671438225,0.9006107171000788,0.7798471772078927,0.7656914893617022
phase_neighborhood_windowed,phase,5,6,0.2,False,,1,20,0.2911005500172704,0.906570133963751,0.7831798551775885,0.7662234042553191
phase_neighborhood_windowed,phase,5,6,0.2,False,,2,1,2.9200623863226225,0.3101260835303388,2.623731367300588,0.3778368794326241
phase_neighborhood_windowed,phase,5,6,0.2,False,,2,2,2.1377112709132584,0.47976753349093776,1.7513054161207051,0.5430851063829787
phase_neighborhood_windowed,phase,5,6,0.2,False,,2,3,1.3863631312728775,0.628408195429472,1.2842744976070757,0.6451241134751773
phase_neighborhood_windowed,phase,5,6,0.2,False,,2,4,1.0568193584469194,0.7000492513790386,1.0877624563291564,0.6834219858156029
phase_neighborhood_windowed,phase,5,6,0.2,False,,2,5,0.8891030749906416,0.739420803782506,0.9924072605498293,0.7049645390070922
phase_neighborhood_windowed,phase,5,6,0.2,False,,2,6,0.7794740490973513,0.7666075650118204,0.9266127566073803,0.7180851063829787
phase_neighborhood_windowed,phase,5,6,0.2,False,,2,7,0.7016084912163334,0.7860224586288416,0.8965817136967436,0.7257092198581561
phase_neighborhood_windowed,phase,5,6,0.2,False,,2,8,0.6415298309638051,0.8037529550827424,0.8513511864006097,0.7393617021276596
phase_neighborhood_windowed,phase,5,6,0.2,False,,2,9,0.5901017785823843,0.8167750197005517,0.8243867015584986,0.7488475177304964
phase_neighborhood_windowed,phase,5,6,0.2,False,,2,10,0.5470244026353174,0.8287923561859732,0.8160865389708931,0.7515957446808511
phase_neighborhood_windowed,phase,5,6,0.2,False,,2,11,0.5090815073021573,0.8406323877068558,0.8014158735461269,0.7530141843971632
phase_neighborhood_windowed,phase,5,6,0.2,False,,2,12,0.4747506605254279,0.8495173364854216,0.7882248787169761,0.7550531914893617
phase_neighborhood_windowed,phase,5,6,0.2,False,,2,13,0.4459620041275137,0.8584810874704492,0.7964985710086552,0.7536347517730496
phase_neighborhood_windowed,phase,5,6,0.2,False,,2,14,0.41953472546276094,0.8657111899133175,0.7891163085369354,0.7598404255319149
phase_neighborhood_windowed,phase,5,6,0.2,False,,2,15,0.39294878981355796,0.874645390070922,0.7892815786473295,0.7581560283687944
phase_neighborhood_windowed,phase,5,6,0.2,False,,2,16,0.3714717121200359,0.8801024428684003,0.7922678898412285,0.7565602836879433
phase_neighborhood_windowed,phase,5,6,0.2,False,,2,17,0.3494033276705971,0.8886820330969267,0.7938195823777652,0.7562943262411348
phase_neighborhood_windowed,phase,5,6,0.2,False,,2,18,0.3290008157703048,0.8944838455476753,0.7955092456323881,0.7554964539007092
phase_neighborhood_windowed,phase,5,6,0.2,False,,2,19,0.3115455769665886,0.8996355397951142,0.7992000662688667,0.7574468085106383
phase_neighborhood_windowed,phase,5,6,0.2,False,,2,20,0.29354140184543753,0.9061465721040189,0.807757787586104,0.7563829787234042
phase_neighborhood_windowed,phase,5,7,0.2,False,,0,1,3.076223636143221,0.23703703703703705,2.6675161828386025,0.3295212765957447
phase_neighborhood_windowed,phase,5,7,0.2,False,,0,2,2.299971221919319,0.41603624901497244,1.9941048026930357,0.48093971631205673
phase_neighborhood_windowed,phase,5,7,0.2,False,,0,3,1.6553741051701696,0.5567277383766746,1.5179594638499807,0.5815602836879432
phase_neighborhood_windowed,phase,5,7,0.2,False,,0,4,1.2830516705088393,0.6427600472813239,1.2805084052660787,0.6345744680851064
phase_neighborhood_windowed,phase,5,7,0.2,False,,0,5,1.0833016981751642,0.6901497241922774,1.1545542213088231,0.6652482269503546
phase_neighborhood_windowed,phase,5,7,0.2,False,,0,6,0.9530897503109594,0.7244286840031521,1.073532995433672,0.6823581560283688
phase_neighborhood_windowed,phase,5,7,0.2,False,,0,7,0.8590059460007928,0.7459909377462569,1.0226761093376375,0.6952127659574469
phase_neighborhood_windowed,phase,5,7,0.2,False,,0,8,0.7811044540435335,0.7676812450748621,0.9874725465233445,0.7032801418439716
phase_neighborhood_windowed,phase,5,7,0.2,False,,0,9,0.720010800301512,0.7833234830575256,0.9601460209975006,0.7101063829787234
phase_neighborhood_windowed,phase,5,7,0.2,False,,0,10,0.6664948914161904,0.7979806934594169,0.9407837842373138,0.7089539007092198
phase_neighborhood_windowed,phase,5,7,0.2,False,,0,11,0.6196664660065262,0.8093676122931442,0.9265647129809603,0.7184397163120567
phase_neighborhood_windowed,phase,5,7,0.2,False,,0,12,0.5805063102544059,0.8214440504334122,0.9150322148985897,0.7235815602836879
phase_neighborhood_windowed,phase,5,7,0.2,False,,0,13,0.5423300069086753,0.8320232466509062,0.9037949125817482,0.7261524822695036
phase_neighborhood_windowed,phase,5,7,0.2,False,,0,14,0.5092963937326526,0.8421788810086682,0.902632217457954,0.7261524822695036
phase_neighborhood_windowed,phase,5,7,0.2,False,,0,15,0.4786389072736104,0.8502758077226162,0.9018185562275826,0.7261524822695036
phase_neighborhood_windowed,phase,5,7,0.2,False,,0,16,0.45087895661099303,0.8591903073286052,0.9033759683581954,0.7270390070921986
phase_neighborhood_windowed,phase,5,7,0.2,False,,0,17,0.42492909579412314,0.8656422379826635,0.9077720236693714,0.7292553191489362
phase_neighborhood_windowed,phase,5,7,0.2,False,,0,18,0.3996441719098012,0.8746158392434988,0.9099951462542757,0.7283687943262411
phase_neighborhood_windowed,phase,5,7,0.2,False,,0,19,0.37621750145904,0.8808116627265563,0.9161884902216864,0.7309397163120568
phase_neighborhood_windowed,phase,5,7,0.2,False,,0,20,0.35484134698590486,0.888071315996848,0.9279601577325916,0.7312056737588652
phase_neighborhood_windowed,phase,5,7,0.2,False,,1,1,3.0717586231381993,0.2381895193065406,2.6775651617253082,0.3320035460992908
phase_neighborhood_windowed,phase,5,7,0.2,False,,1,2,2.281404418885191,0.4188238770685579,1.984900360242695,0.4888297872340426
phase_neighborhood_windowed,phase,5,7,0.2,False,,1,3,1.6491922781164952,0.560795902285264,1.52546804458537,0.5818262411347518
phase_neighborhood_windowed,phase,5,7,0.2,False,,1,4,1.2878638734020897,0.643676122931442,1.2793069744786472,0.6327127659574469
phase_neighborhood_windowed,phase,5,7,0.2,False,,1,5,1.0829801051235275,0.6913613081166272,1.1499560674031575,0.6641843971631206
phase_neighborhood_windowed,phase,5,7,0.2,False,,1,6,0.9495571373671974,0.7233254531126871,1.0711801163693693,0.6839539007092199
phase_neighborhood_windowed,phase,5,7,0.2,False,,1,7,0.8516644149055812,0.747763987391647,1.0082104713358777,0.7017730496453901
phase_neighborhood_windowed,phase,5,7,0.2,False,,1,8,0.7756234789758897,0.7680654058313633,0.9708268081888239,0.7070921985815602
phase_neighborhood_windowed,phase,5,7,0.2,False,,1,9,0.7092648345715798,0.7856579984239559,0.9486963702431808,0.7139184397163121
phase_neighborhood_windowed,phase,5,7,0.2,False,,1,10,0.6559884172616933,0.7999408983451537,0.929853344386351,0.7211879432624113
phase_neighborhood_windowed,phase,5,7,0.2,False,,1,11,0.6078091258839231,0.8122340425531915,0.9151943255823555,0.7226950354609929
phase_neighborhood_windowed,phase,5,7,0.2,False,,1,12,0.566091267267863,0.8242119779353821,0.8984893567173193,0.7287234042553191
phase_neighborhood_windowed,phase,5,7,0.2,False,,1,13,0.5279811033777969,0.8353624901497242,0.8928111172736959,0.7292553191489362
phase_neighborhood_windowed,phase,5,7,0.2,False,,1,14,0.4939272710899371,0.8454097714736013,0.892050635138302,0.7331560283687943
phase_neighborhood_windowed,phase,5,7,0.2,False,,1,15,0.4614870224344721,0.8548955870764381,0.8917543086599796,0.7338652482269503
phase_neighborhood_windowed,phase,5,7,0.2,False,,1,16,0.43472286845117786,0.8625689519306541,0.8835460094695395,0.7359042553191489
phase_neighborhood_windowed,phase,5,7,0.2,False,,1,17,0.40912571178824064,0.8701339637509851,0.8910970821025523,0.7359042553191489
phase_neighborhood_windowed,phase,5,7,0.2,False,,1,18,0.3834710457223527,0.8783293932230103,0.8972407474585459,0.7375
phase_neighborhood_windowed,phase,5,7,0.2,False,,1,19,0.36042935732690434,0.8854314420803783,0.9101625616668809,0.7349290780141844
phase_neighborhood_windowed,phase,5,7,0.2,False,,1,20,0.33929084408367777,0.8925433412135539,0.9123493613080775,0.7327127659574468
phase_neighborhood_windowed,phase,5,7,0.2,False,,2,1,3.0836815791208974,0.23696808510638298,2.725489962692802,0.31631205673758866
phase_neighborhood_windowed,phase,5,7,0.2,False,,2,2,2.2794980180085034,0.4215130023640662,2.003538522990883,0.4722517730496454
phase_neighborhood_windowed,phase,5,7,0.2,False,,2,3,1.6440369133314248,0.562076438140268,1.5134125383187693,0.5895390070921985
phase_neighborhood_windowed,phase,5,7,0.2,False,,2,4,1.273581265445015,0.6474684791174153,1.2883720093585076,0.637854609929078
phase_neighborhood_windowed,phase,5,7,0.2,False,,2,5,1.0718838272741031,0.6944936958234831,1.1707450728044442,0.6570035460992908
phase_neighborhood_windowed,phase,5,7,0.2,False,,2,6,0.943463204130589,0.7239066193853428,1.0941583651177427,0.6745567375886525
phase_neighborhood_windowed,phase,5,7,0.2,False,,2,7,0.8459481892010844,0.749290780141844,1.045939371180027,0.688741134751773
phase_neighborhood_windowed,phase,5,7,0.2,False,,2,8,0.7711662265238,0.767897951142632,0.9987189954899727,0.699822695035461
phase_neighborhood_windowed,phase,5,7,0.2,False,,2,9,0.7073508420452722,0.7868892828999212,0.969764765103658,0.7098404255319148
phase_neighborhood_windowed,phase,5,7,0.2,False,,2,10,0.6542877426290249,0.7997832939322301,0.9434829421077214,0.7172872340425532
phase_neighborhood_windowed,phase,5,7,0.2,False,,2,11,0.6056366737523917,0.8141548463356973,0.9343970861840756,0.7184397163120567
phase_neighborhood_windowed,phase,5,7,0.2,False,,2,12,0.5641815822832785,0.8261623325453112,0.9202915857869682,0.7239361702127659
phase_neighborhood_windowed,phase,5,7,0.2,False,,2,13,0.5265522969436044,0.8351457840819543,0.918693310064627,0.7226063829787234
phase_neighborhood_windowed,phase,5,7,0.2,False,,2,14,0.4954078949559289,0.8441587864460205,0.9203455804933047,0.7233156028368795
phase_neighborhood_windowed,phase,5,7,0.2,False,,2,15,0.46251671390800236,0.8543735224586289,0.9190602695688288,0.725354609929078
phase_neighborhood_windowed,phase,5,7,0.2,False,,2,16,0.4346030079350874,0.8637509850275807,0.9146020519817974,0.725177304964539
phase_neighborhood_windowed,phase,5,7,0.2,False,,2,17,0.4080908463168464,0.8712076438140268,0.9151728984311963,0.7293439716312057
phase_neighborhood_windowed,phase,5,7,0.2,False,,2,18,0.3840027017044777,0.8801221434200157,0.9185032144505927,0.7308510638297873
phase_neighborhood_windowed,phase,5,7,0.2,False,,2,19,0.36182056082055924,0.8853132387706856,0.9285365406503069,0.7302304964539007
phase_neighborhood_windowed,phase,5,7,0.2,False,,2,20,0.33955895474710457,0.892789598108747,0.9353616525095405,0.7308510638297873
phase_neighborhood_windowed,phase,5,8,0.2,False,,0,1,3.015883817514911,0.2676024428684003,2.5655847441220114,0.3702127659574468
phase_neighborhood_windowed,phase,5,8,0.2,False,,0,2,2.0898709903841794,0.4716115051221434,1.7013372451701063,0.5567375886524822
phase_neighborhood_windowed,phase,5,8,0.2,False,,0,3,1.389920606004431,0.6253349093774626,1.271582894967803,0.6445035460992907
phase_neighborhood_windowed,phase,5,8,0.2,False,,0,4,1.082898100949912,0.6928684003152088,1.0980209523058952,0.6793439716312056
phase_neighborhood_windowed,phase,5,8,0.2,False,,0,5,0.9233139662032431,0.7294818754925138,1.009512435798104,0.701950354609929
phase_neighborhood_windowed,phase,5,8,0.2,False,,0,6,0.8163062693097631,0.7568754925137904,0.9410473501428644,0.7184397163120567
phase_neighborhood_windowed,phase,5,8,0.2,False,,0,7,0.7354018075152398,0.778230890464933,0.8994467267753384,0.7288120567375886
phase_neighborhood_windowed,phase,5,8,0.2,False,,0,8,0.6716186424613093,0.7958530338849488,0.8790323897456447,0.7327127659574468
phase_neighborhood_windowed,phase,5,8,0.2,False,,0,9,0.6163939915838159,0.8106284475965327,0.8618200293669463,0.7351063829787234
phase_neighborhood_windowed,phase,5,8,0.2,False,,0,10,0.5708433892897868,0.8224980299448384,0.8447928813332362,0.7381205673758865
phase_neighborhood_windowed,phase,5,8,0.2,False,,0,11,0.5314876652120887,0.8346729708431836,0.8342285126236314,0.7483156028368795
phase_neighborhood_windowed,phase,5,8,0.2,False,,0,12,0.4949746195400109,0.8444345941686368,0.8293764197234567,0.7493794326241134
phase_neighborhood_windowed,phase,5,8,0.2,False,,0,13,0.4619362463248443,0.8540878644602049,0.8357553485437488,0.7471631205673759
phase_neighborhood_windowed,phase,5,8,0.2,False,,0,14,0.432420207375706,0.8630023640661939,0.8308402824063673,0.7441489361702127
phase_neighborhood_windowed,phase,5,8,0.2,False,,0,15,0.40462282029919217,0.8714144996059889,0.8395422606603473,0.7471631205673759
phase_neighborhood_windowed,phase,5,8,0.2,False,,0,16,0.37845335914169925,0.8798857368006304,0.8408279274372344,0.7484929078014184
phase_neighborhood_windowed,phase,5,8,0.2,False,,0,17,0.3548644389901413,0.8871059889676911,0.840609345537551,0.751241134751773
phase_neighborhood_windowed,phase,5,8,0.2,False,,0,18,0.33324639017512425,0.892897951142632,0.8538984630970244,0.747872340425532
phase_neighborhood_windowed,phase,5,8,0.2,False,,0,19,0.3145081626044379,0.899645390070922,0.8628478814101388,0.7471631205673759
phase_neighborhood_windowed,phase,5,8,0.2,False,,0,20,0.29608487815158024,0.905328999211978,0.8761742511539594,0.7500886524822695
phase_neighborhood_windowed,phase,5,8,0.2,False,,1,1,3.020713698685498,0.26674546887312844,2.6093792381016074,0.36657801418439717
phase_neighborhood_windowed,phase,5,8,0.2,False,,1,2,2.0880677065011364,0.4759259259259259,1.7010999091128085,0.5579787234042554
phase_neighborhood_windowed,phase,5,8,0.2,False,,1,3,1.3834868936861848,0.6236406619385343,1.284962200949378,0.6453014184397163
phase_neighborhood_windowed,phase,5,8,0.2,False,,1,4,1.0862392416143154,0.6896867612293144,1.096213715296265,0.686258865248227
phase_neighborhood_windowed,phase,5,8,0.2,False,,1,5,0.9276578585118924,0.7292060677698976,1.0106038650722369,0.7058510638297872
phase_neighborhood_windowed,phase,5,8,0.2,False,,1,6,0.8197924067224452,0.7567375886524823,0.9596575685426698,0.7117021276595744
phase_neighborhood_windowed,phase,5,8,0.2,False,,1,7,0.740227123993978,0.7756008668242711,0.9003576841760189,0.7273049645390071
phase_neighborhood_windowed,phase,5,8,0.2,False,,1,8,0.6739765209321247,0.7935579196217494,0.8725190980214599,0.7362588652482269
phase_neighborhood_windowed,phase,5,8,0.2,False,,1,9,0.6198953014832956,0.808806146572104,0.8555179107273724,0.7393617021276596
phase_neighborhood_windowed,phase,5,8,0.2,False,,1,10,0.5731318567003952,0.8222911741528762,0.8426760889959674,0.7408687943262411
phase_neighborhood_windowed,phase,5,8,0.2,False,,1,11,0.5329016238897217,0.8326044129235619,0.8285819418886875,0.7483156028368795
phase_neighborhood_windowed,phase,5,8,0.2,False,,1,12,0.49606993375705677,0.8443360914105595,0.8335426283220873,0.7477836879432624
phase_neighborhood_windowed,phase,5,8,0.2,False,,1,13,0.4633422098167305,0.8537628053585501,0.8192887722600436,0.7523049645390071
phase_neighborhood_windowed,phase,5,8,0.2,False,,1,14,0.4344915480572375,0.8619089834515367,0.8263501280588461,0.7493794326241134
phase_neighborhood_windowed,phase,5,8,0.2,False,,1,15,0.4061843014871914,0.8697202521670607,0.8318340761441712,0.750709219858156
phase_neighborhood_windowed,phase,5,8,0.2,False,,1,16,0.38084185449413843,0.8780732860520094,0.8199059701134973,0.7519503546099291
phase_neighborhood_windowed,phase,5,8,0.2,False,,1,17,0.3589097290644033,0.8850965327029157,0.8321491440137228,0.7536347517730496
phase_neighborhood_windowed,phase,5,8,0.2,False,,1,18,0.33534576103056013,0.8920114263199369,0.8386387020138139,0.748758865248227
phase_neighborhood_windowed,phase,5,8,0.2,False,,1,19,0.31518394476884554,0.8984338061465721,0.8424902084448659,0.7502659574468085
phase_neighborhood_windowed,phase,5,8,0.2,False,,1,20,0.29585572640382934,0.9046690307328605,0.8621553997621468,0.747872340425532
phase_neighborhood_windowed,phase,5,8,0.2,False,,2,1,3.013468525896305,0.2687746256895193,2.5991459609768914,0.3593085106382979
phase_neighborhood_windowed,phase,5,8,0.2,False,,2,2,2.0705555588922886,0.4782702915681639,1.7060741661288215,0.5437943262411348
phase_neighborhood_windowed,phase,5,8,0.2,False,,2,3,1.3881230119084447,0.6228230890464933,1.291232351546592,0.636436170212766
phase_neighborhood_windowed,phase,5,8,0.2,False,,2,4,1.0859231581736777,0.6911840031520883,1.1149279990094774,0.6767730496453901
phase_neighborhood_windowed,phase,5,8,0.2,False,,2,5,0.9254849546438507,0.7306639085894405,1.026814561363653,0.6951241134751773
phase_neighborhood_windowed,phase,5,8,0.2,False,,2,6,0.8178264768223202,0.7582643814026793,0.959123449968108,0.7143617021276596
phase_neighborhood_windowed,phase,5,8,0.2,False,,2,7,0.7366610738778321,0.7779255319148937,0.9260813224400188,0.7180851063829787
phase_neighborhood_windowed,phase,5,8,0.2,False,,2,8,0.674004923639756,0.7942277383766746,0.8865897790760013,0.7268617021276595
phase_neighborhood_windowed,phase,5,8,0.2,False,,2,9,0.6174143385191994,0.809446414499606,0.8695045944646741,0.7292553191489362
phase_neighborhood_windowed,phase,5,8,0.2,False,,2,10,0.5719246614815402,0.8214342001576044,0.8585270035351422,0.7353723404255319
phase_neighborhood_windowed,phase,5,8,0.2,False,,2,11,0.530895338455836,0.834623719464145,0.8533195462209958,0.737322695035461
phase_neighborhood_windowed,phase,5,8,0.2,False,,2,12,0.49280386886979954,0.845419621749409,0.8415265725436786,0.7433510638297872
phase_neighborhood_windowed,phase,5,8,0.2,False,,2,13,0.46161055837305065,0.855151694247439,0.8421764533570473,0.7397163120567376
phase_neighborhood_windowed,phase,5,8,0.2,False,,2,14,0.4325333892500617,0.8631599684791175,0.8443456218597737,0.7438829787234043
phase_neighborhood_windowed,phase,5,8,0.2,False,,2,15,0.4035966390883293,0.8719759653270291,0.8523254102848946,0.7416666666666667
phase_neighborhood_windowed,phase,5,8,0.2,False,,2,16,0.3783926913172735,0.8791469661150513,0.8460385068934014,0.7450354609929078
phase_neighborhood_windowed,phase,5,8,0.2,False,,2,17,0.3546303079107599,0.8862293144208038,0.8546105250399163,0.7459219858156029
phase_neighborhood_windowed,phase,5,8,0.2,False,,2,18,0.33278302124299997,0.8942277383766746,0.8681361700203402,0.7456560283687943
phase_neighborhood_windowed,phase,5,8,0.2,False,,2,19,0.31425418170819236,0.8992612293144208,0.8754113732500279,0.7399822695035461
phase_neighborhood_windowed,phase,5,8,0.2,False,,2,20,0.29485268634167877,0.9057919621749408,0.8900409286749278,0.7407801418439717
phase_neighborhood_windowed,phase,5,9,0.2,False,,0,1,2.791625461473157,0.32012411347517733,2.2731526124561934,0.4302304964539007
phase_neighborhood_windowed,phase,5,9,0.2,False,,0,2,1.7265975789633015,0.5489657210401891,1.383362465716423,0.6223404255319149
phase_neighborhood_windowed,phase,5,9,0.2,False,,0,3,1.1620335893615952,0.6743695823483058,1.108009266346059,0.6790780141843972
phase_neighborhood_windowed,phase,5,9,0.2,False,,0,4,0.9440591265217726,0.724714342001576,0.9939870538441002,0.7036347517730497
phase_neighborhood_windowed,phase,5,9,0.2,False,,0,5,0.8197788395968078,0.754619779353822,0.9280980118623017,0.7211879432624113
phase_neighborhood_windowed,phase,5,9,0.2,False,,0,6,0.7324798299535417,0.7771178092986604,0.8827699247826921,0.7351063829787234
phase_neighborhood_windowed,phase,5,9,0.2,False,,0,7,0.6654813910770642,0.7954393223010244,0.8488472009381504,0.7377659574468085
phase_neighborhood_windowed,phase,5,9,0.2,False,,0,8,0.6093625870908311,0.8108944050433412,0.839268100092597,0.7434397163120567
phase_neighborhood_windowed,phase,5,9,0.2,False,,0,9,0.5628335855437415,0.8240248226950354,0.822986822644024,0.748758865248227
phase_neighborhood_windowed,phase,5,9,0.2,False,,0,10,0.5221588166329314,0.8353033884948778,0.808120327046577,0.7488475177304964
phase_neighborhood_windowed,phase,5,9,0.2,False,,0,11,0.4861599217257789,0.8455870764381402,0.7998715922342124,0.7581560283687944
phase_neighborhood_windowed,phase,5,9,0.2,False,,0,12,0.4539236507799045,0.8552501970055162,0.8056986013202803,0.7510638297872341
phase_neighborhood_windowed,phase,5,9,0.2,False,,0,13,0.4225531817069666,0.8646769109535067,0.803394972178953,0.7567375886524823
phase_neighborhood_windowed,phase,5,9,0.2,False,,0,14,0.3960485154385638,0.871591804570528,0.8032166497927186,0.7594858156028369
phase_neighborhood_windowed,phase,5,9,0.2,False,,0,15,0.3709119971104735,0.8802797478329393,0.8127006107611013,0.7568262411347517
phase_neighborhood_windowed,phase,5,9,0.2,False,,0,16,0.3481844718809481,0.8878644602048857,0.8113456738756059,0.7574468085106383
phase_neighborhood_windowed,phase,5,9,0.2,False,,0,17,0.32544862527937474,0.8949271079590229,0.8359150884844733,0.7550531914893617
phase_neighborhood_windowed,phase,5,9,0.2,False,,0,18,0.3054847977920439,0.9003349093774625,0.8359104822713432,0.7546985815602837
phase_neighborhood_windowed,phase,5,9,0.2,False,,0,19,0.2868067209390884,0.9069739952718676,0.8365358672666211,0.7570035460992908
phase_neighborhood_windowed,phase,5,9,0.2,False,,0,20,0.27008648024852866,0.9120173364854216,0.8539739797724054,0.7559397163120567
phase_neighborhood_windowed,phase,5,9,0.2,False,,1,1,2.7930329409990846,0.319424743892829,2.2904914067992084,0.4344858156028369
phase_neighborhood_windowed,phase,5,9,0.2,False,,1,2,1.7029082790146295,0.5553191489361702,1.4035524026721928,0.614450354609929
phase_neighborhood_windowed,phase,5,9,0.2,False,,1,3,1.1636794300131952,0.6717494089834516,1.1306293707367376,0.6747340425531915
phase_neighborhood_windowed,phase,5,9,0.2,False,,1,4,0.9470188595442626,0.725068951930654,0.9949562252836025,0.7068262411347518
phase_neighborhood_windowed,phase,5,9,0.2,False,,1,5,0.8238643388282229,0.754048463356974,0.9332148998341662,0.7193262411347517
phase_neighborhood_windowed,phase,5,9,0.2,False,,1,6,0.7356034577691339,0.7777777777777778,0.8996131522435669,0.723758865248227
phase_neighborhood_windowed,phase,5,9,0.2,False,,1,7,0.6681214704205428,0.7949468085106383,0.8512669668129995,0.7347517730496453
phase_neighborhood_windowed,phase,5,9,0.2,False,,1,8,0.6093735985909982,0.8114263199369582,0.8301486607138993,0.7401595744680851
phase_neighborhood_windowed,phase,5,9,0.2,False,,1,9,0.56310073248132,0.8237391646966115,0.8194452212211933,0.7471631205673759
phase_neighborhood_windowed,phase,5,9,0.2,False,,1,10,0.5199451991570475,0.8364460204885736,0.8090881581847549,0.749822695035461
phase_neighborhood_windowed,phase,5,9,0.2,False,,1,11,0.4833987437946013,0.8470941686367218,0.8040329777602608,0.749645390070922
phase_neighborhood_windowed,phase,5,9,0.2,False,,1,12,0.4506559840049022,0.8565799842395587,0.7972870265338438,0.7554964539007092
phase_neighborhood_windowed,phase,5,9,0.2,False,,1,13,0.4214313231743256,0.8643715524034673,0.7956311066945394,0.7567375886524823
phase_neighborhood_windowed,phase,5,9,0.2,False,,1,14,0.3943265522719369,0.8717888100866824,0.7979372354263955,0.7581560283687944
phase_neighborhood_windowed,phase,5,9,0.2,False,,1,15,0.36832183326107953,0.8806737588652482,0.8154147783915202,0.7533687943262412
phase_neighborhood_windowed,phase,5,9,0.2,False,,1,16,0.3460469607577914,0.887253743104807,0.8152503498057102,0.7558510638297873
phase_neighborhood_windowed,phase,5,9,0.2,False,,1,17,0.32489665719446376,0.8946808510638298,0.8215875353373534,0.7590425531914894
phase_neighborhood_windowed,phase,5,9,0.2,False,,1,18,0.30425436270105455,0.9010441292356186,0.8334979187512229,0.7558510638297873
phase_neighborhood_windowed,phase,5,9,0.2,False,,1,19,0.2859345255215587,0.9066686367218282,0.8462972870955231,0.7561170212765957
phase_neighborhood_windowed,phase,5,9,0.2,False,,1,20,0.26808222550355704,0.9135441292356186,0.8576150468055238,0.7569148936170212
phase_neighborhood_windowed,phase,5,9,0.2,False,,2,1,2.7885804333397495,0.3205870764381403,2.2883213570777405,0.42987588652482267
phase_neighborhood_windowed,phase,5,9,0.2,False,,2,2,1.6888572744349968,0.5614066193853428,1.3814316147608114,0.6164007092198581
phase_neighborhood_windowed,phase,5,9,0.2,False,,2,3,1.1356365817846323,0.6786446020488573,1.1025147252049006,0.6826241134751773
phase_neighborhood_windowed,phase,5,9,0.2,False,,2,4,0.9268229657594758,0.7290386130811662,0.9885752053970986,0.7054078014184397
phase_neighborhood_windowed,phase,5,9,0.2,False,,2,5,0.8084893865788236,0.75852048857368,0.9372432177793895,0.7181737588652483
phase_neighborhood_windowed,phase,5,9,0.2,False,,2,6,0.7241908133687515,0.7797576832151301,0.8973724252788733,0.7274822695035461
phase_neighborhood_windowed,phase,5,9,0.2,False,,2,7,0.6580404989544664,0.7978230890464934,0.870770869271975,0.7326241134751773
phase_neighborhood_windowed,phase,5,9,0.2,False,,2,8,0.6054507973017516,0.8113770685579196,0.8521990219751994,0.7408687943262411
phase_neighborhood_windowed,phase,5,9,0.2,False,,2,9,0.5596637146786689,0.8248128447596532,0.8362252876268211,0.7446808510638298
phase_neighborhood_windowed,phase,5,9,0.2,False,,2,10,0.5192559124636218,0.8350571315996848,0.8315596521323454,0.7440602836879433
phase_neighborhood_windowed,phase,5,9,0.2,False,,2,11,0.4827210890110127,0.8459810874704492,0.8332112544817282,0.7457446808510638
phase_neighborhood_windowed,phase,5,9,0.2,False,,2,12,0.4502255894848453,0.8556540583136328,0.8230530530848401,0.7513297872340425
phase_neighborhood_windowed,phase,5,9,0.2,False,,2,13,0.42222576327827427,0.8638790386130811,0.8269877295122079,0.7500886524822695
phase_neighborhood_windowed,phase,5,9,0.2,False,,2,14,0.3940171914273496,0.8723896769109535,0.8336863527906702,0.7528368794326241
phase_neighborhood_windowed,phase,5,9,0.2,False,,2,15,0.3693901938232876,0.8803191489361702,0.8417204239689712,0.7472517730496454
phase_neighborhood_windowed,phase,5,9,0.2,False,,2,16,0.34511153117421106,0.8881304176516942,0.8442663566440555,0.7490248226950355
phase_neighborhood_windowed,phase,5,9,0.2,False,,2,17,0.3252902339724127,0.8945330969267139,0.8576341496714464,0.7490248226950355
phase_neighborhood_windowed,phase,5,9,0.2,False,,2,18,0.3052820719913576,0.9008372734436564,0.8627182705605284,0.7476063829787234
phase_neighborhood_windowed,phase,5,9,0.2,False,,2,19,0.2884028174775712,0.9056540583136328,0.8796164119497258,0.7467198581560284
phase_neighborhood_windowed,phase,5,9,0.2,False,,2,20,0.2695828623523667,0.9121946414499607,0.8865526263595472,0.7467198581560284
phase_neighborhood_windowed,phase,5,10,0.2,False,,0,1,2.888603290372988,0.2948778565799842,2.463236650507501,0.38377659574468087
phase_neighborhood_windowed,phase,5,10,0.2,False,,0,2,1.754734676198005,0.5397064617809298,1.3672780900982255,0.6222517730496454
phase_neighborhood_windowed,phase,5,10,0.2,False,,0,3,1.1522550276830688,0.6733254531126871,1.081491206385565,0.6839539007092199
phase_neighborhood_windowed,phase,5,10,0.2,False,,0,4,0.9358768156328193,0.7249507486209614,0.9637491391482929,0.7117907801418439
phase_neighborhood_windowed,phase,5,10,0.2,False,,0,5,0.8137658658790438,0.7547379826635146,0.9009219725081261,0.7271276595744681
phase_neighborhood_windowed,phase,5,10,0.2,False,,0,6,0.727085957064978,0.7772360126083531,0.8603279376706333,0.7419326241134752
phase_neighborhood_windowed,phase,5,10,0.2,False,,0,7,0.6619564714067278,0.794779353821907,0.8317959320460651,0.7447695035460993
phase_neighborhood_windowed,phase,5,10,0.2,False,,0,8,0.6073982167845171,0.8103132387706856,0.8145804211180261,0.7489361702127659
phase_neighborhood_windowed,phase,5,10,0.2,False,,0,9,0.560311304198371,0.8233156028368794,0.8135713660970647,0.7526595744680851
phase_neighborhood_windowed,phase,5,10,0.2,False,,0,10,0.5223859222034848,0.8328999211977935,0.811073922688234,0.7471631205673759
phase_neighborhood_windowed,phase,5,10,0.2,False,,0,11,0.48723941782123936,0.8430457052797479,0.7991152898639652,0.7575354609929078
phase_neighborhood_windowed,phase,5,10,0.2,False,,0,12,0.4554331419879381,0.8524133175728921,0.800514989245868,0.7570035460992908
phase_neighborhood_windowed,phase,5,10,0.2,False,,0,13,0.42758344041728147,0.8599684791174153,0.8050868663382023,0.7542553191489362
phase_neighborhood_windowed,phase,5,10,0.2,False,,0,14,0.39998266542164523,0.8693459416863673,0.8111913904653373,0.7576241134751773
phase_neighborhood_windowed,phase,5,10,0.2,False,,0,15,0.37490587091708955,0.8768912529550827,0.8224014215012814,0.7539007092198582
phase_neighborhood_windowed,phase,5,10,0.2,False,,0,16,0.3525954820585589,0.8842986603624902,0.8236990507612837,0.7562056737588653
phase_neighborhood_windowed,phase,5,10,0.2,False,,0,17,0.3317047042626861,0.8896178092986604,0.8373118538383051,0.7576241134751773
phase_neighborhood_windowed,phase,5,10,0.2,False,,0,18,0.31240300473216204,0.8963750985027581,0.8527810364327533,0.7548758865248227
phase_neighborhood_windowed,phase,5,10,0.2,False,,0,19,0.2930694904193059,0.9031520882584713,0.8580189199312359,0.7549645390070922
phase_neighborhood_windowed,phase,5,10,0.2,False,,0,20,0.276457005440954,0.9072399527186761,0.8753764555809346,0.7554964539007092
phase_neighborhood_windowed,phase,5,10,0.2,False,,1,1,2.8825892416861603,0.29609929078014185,2.4942810948013414,0.38138297872340426
phase_neighborhood_windowed,phase,5,10,0.2,False,,1,2,1.747979461291909,0.5399428684003152,1.377379284006484,0.6192375886524822
phase_neighborhood_windowed,phase,5,10,0.2,False,,1,3,1.1501993116945428,0.6731481481481482,1.1149469331646642,0.6789007092198581
phase_neighborhood_windowed,phase,5,10,0.2,False,,1,4,0.9389711561683973,0.7240445232466509,0.9795677427704452,0.7090425531914893
phase_neighborhood_windowed,phase,5,10,0.2,False,,1,5,0.8169903204326464,0.7549054373522459,0.9222397378150453,0.724645390070922
phase_neighborhood_windowed,phase,5,10,0.2,False,,1,6,0.7306315921346817,0.7780240346729709,0.8925948486260489,0.7286347517730496
phase_neighborhood_windowed,phase,5,10,0.2,False,,1,7,0.6662391507973157,0.7936268715524034,0.8487792219676025,0.7396276595744681
phase_neighborhood_windowed,phase,5,10,0.2,False,,1,8,0.6133570493723671,0.807988573680063,0.83038074209335,0.7445035460992908
phase_neighborhood_windowed,phase,5,10,0.2,False,,1,9,0.5671679522128815,0.8207545311268716,0.8224583264783765,0.7460106382978723
phase_neighborhood_windowed,phase,5,10,0.2,False,,1,10,0.5279536476090163,0.8325748620961387,0.8087610579551534,0.7551418439716312
phase_neighborhood_windowed,phase,5,10,0.2,False,,1,11,0.4917201249218062,0.8402580772261623,0.8106712877327669,0.7545212765957446
phase_neighborhood_windowed,phase,5,10,0.2,False,,1,12,0.45951306453081825,0.8521473601260835,0.8106789166200246,0.7539007092198582
phase_neighborhood_windowed,phase,5,10,0.2,False,,1,13,0.4300797401872369,0.8609436564223798,0.8070887820940491,0.7569148936170212
phase_neighborhood_windowed,phase,5,10,0.2,False,,1,14,0.40447494768551523,0.8670311268715524,0.8046098262705701,0.7550531914893617
phase_neighborhood_windowed,phase,5,10,0.2,False,,1,15,0.37892476725146185,0.874468085106383,0.8167073530508271,0.7554964539007092
phase_neighborhood_windowed,phase,5,10,0.2,False,,1,16,0.3563343554148061,0.8810973207249803,0.8176877846954562,0.7566489361702128
phase_neighborhood_windowed,phase,5,10,0.2,False,,1,17,0.33502017563022524,0.8888790386130812,0.8241156058108553,0.7586879432624114
phase_neighborhood_windowed,phase,5,10,0.2,False,,1,18,0.3139534089488247,0.8959613869188338,0.8341806940153136,0.7606382978723404
phase_neighborhood_windowed,phase,5,10,0.2,False,,1,19,0.29561877389701924,0.9014873916469661,0.8501337908683939,0.7560283687943262
phase_neighborhood_windowed,phase,5,10,0.2,False,,1,20,0.2773459768746198,0.9076438140267927,0.8597908244065359,0.7547872340425532
phase_neighborhood_windowed,phase,5,10,0.2,False,,2,1,2.8875900595840083,0.29452324665090623,2.426772680350229,0.39423758865248226
phase_neighborhood_windowed,phase,5,10,0.2,False,,2,2,1.744923687244232,0.5432033096926714,1.3982067826791857,0.6153368794326242
phase_neighborhood_windowed,phase,5,10,0.2,False,,2,3,1.1571222426291992,0.6719956658786446,1.1083752772486801,0.6796099290780142
phase_neighborhood_windowed,phase,5,10,0.2,False,,2,4,0.9374548454562729,0.7245370370370371,0.9863379187617741,0.7039893617021277
phase_neighborhood_windowed,phase,5,10,0.2,False,,2,5,0.813235980493051,0.7555654058313632,0.9368847824157552,0.7185283687943262
phase_neighborhood_windowed,phase,5,10,0.2,False,,2,6,0.7273342488317437,0.7781323877068558,0.898354911001016,0.7271276595744681
phase_neighborhood_windowed,phase,5,10,0.2,False,,2,7,0.6599607873188407,0.7954097714736013,0.8713104143210336,0.7299645390070922
phase_neighborhood_windowed,phase,5,10,0.2,False,,2,8,0.6086660583579137,0.8101457840819543,0.8435576505272101,0.7424645390070922
phase_neighborhood_windowed,phase,5,10,0.2,False,,2,9,0.5614099762869971,0.8229314420803783,0.8364008428357171,0.7453014184397163
phase_neighborhood_windowed,phase,5,10,0.2,False,,2,10,0.5208252571623,0.8335697399527187,0.8274513911693654,0.7444148936170213
phase_neighborhood_windowed,phase,5,10,0.2,False,,2,11,0.48262941709553003,0.8443754925137904,0.8220007264445014,0.7473404255319149
phase_neighborhood_windowed,phase,5,10,0.2,False,,2,12,0.45142238544985663,0.854403073286052,0.8071419466894569,0.7530141843971632
phase_neighborhood_windowed,phase,5,10,0.2,False,,2,13,0.4213066617107654,0.8623719464144997,0.8169970878049837,0.7495567375886525
phase_neighborhood_windowed,phase,5,10,0.2,False,,2,14,0.3951135465627209,0.8708825847123719,0.8254869437386804,0.748758865248227
phase_neighborhood_windowed,phase,5,10,0.2,False,,2,15,0.3707317207628014,0.87798463356974,0.8335152721151392,0.7483156028368795
phase_neighborhood_windowed,phase,5,10,0.2,False,,2,16,0.34742406611371174,0.8845449172576832,0.8350515866955966,0.751241134751773
phase_neighborhood_windowed,phase,5,10,0.2,False,,2,17,0.3274473802605607,0.8914204097714736,0.8384721820236097,0.7485815602836879
phase_neighborhood_windowed,phase,5,10,0.2,False,,2,18,0.3074946441548936,0.8969365642237983,0.8460988975163047,0.750354609929078
phase_neighborhood_windowed,phase,5,10,0.2,False,,2,19,0.28895558021592754,0.9035460992907801,0.8626420726167395,0.7468085106382979
phase_neighborhood_windowed,phase,5,10,0.2,False,,2,20,0.27196663413769245,0.909269109535067,0.8688378830328055,0.7485815602836879
