experiment,coding,num_bins,cycle_steps,threshold,repeat_cycles,rate_scale,seed,epoch,train_loss,train_acc,val_loss,val_acc
frequency_resolution_grid,phase,4,4,0.2,False,,0,1,3.2984941593768373,0.1869779353821907,2.7760735981853295,0.3078014184397163
frequency_resolution_grid,phase,4,4,0.2,False,,0,2,2.3371623002045543,0.4058215130023641,2.0312318108606,0.46852836879432624
frequency_resolution_grid,phase,4,4,0.2,False,,0,3,1.7396390490498104,0.5395784081954295,1.6182644433163582,0.5588652482269504
frequency_resolution_grid,phase,4,4,0.2,False,,0,4,1.392926859160499,0.6192966903073286,1.3832599565492454,0.6112588652482269
frequency_resolution_grid,phase,4,4,0.2,False,,0,5,1.1761213886916309,0.6704491725768321,1.2337146589942012,0.6457446808510638
frequency_resolution_grid,phase,4,4,0.2,False,,0,6,1.0285624304937508,0.7069444444444445,1.1345604988700109,0.6669326241134752
frequency_resolution_grid,phase,4,4,0.2,False,,0,7,0.9196156015914665,0.7356678486997635,1.0672331474351544,0.686790780141844
frequency_resolution_grid,phase,4,4,0.2,False,,0,8,0.8341330559635087,0.7562943262411348,1.0205756310875533,0.6956560283687944
frequency_resolution_grid,phase,4,4,0.2,False,,0,9,0.7649715520529601,0.7741725768321513,0.9800154168555077,0.7054964539007093
frequency_resolution_grid,phase,4,4,0.2,False,,0,10,0.7064816515872194,0.7888987391646967,0.9488573650941781,0.713209219858156
frequency_resolution_grid,phase,4,4,0.2,False,,0,11,0.65664939481128,0.8034475965327029,0.9264112313588461,0.7191489361702128
frequency_resolution_grid,phase,4,4,0.2,False,,0,12,0.6153674718242071,0.8139578408195429,0.9089179612220601,0.7256205673758865
frequency_resolution_grid,phase,4,4,0.2,False,,0,13,0.5763313270441841,0.8247438928289992,0.8921609530212186,0.7233156028368795
frequency_resolution_grid,phase,4,4,0.2,False,,0,14,0.5432496444835166,0.8350571315996848,0.8807623147964477,0.7280141843971631
frequency_resolution_grid,phase,4,4,0.2,False,,0,15,0.5115053634929131,0.8430260047281324,0.8795511569959897,0.7319148936170212
frequency_resolution_grid,phase,4,4,0.2,False,,0,16,0.4846897473665933,0.8507092198581561,0.8664109826087951,0.7331560283687943
frequency_resolution_grid,phase,4,4,0.2,False,,0,17,0.45912259170349606,0.8585401891252955,0.8671781234707393,0.7366134751773049
frequency_resolution_grid,phase,4,4,0.2,False,,0,18,0.43476782626669835,0.8660657998423956,0.8641099803413905,0.7346631205673759
frequency_resolution_grid,phase,4,4,0.2,False,,0,19,0.4138085028475152,0.8721631205673759,0.8637416829454138,0.7367021276595744
frequency_resolution_grid,phase,4,4,0.2,False,,0,20,0.39378071687088134,0.8775807722616233,0.8676222018316282,0.7357269503546099
frequency_resolution_grid,phase,4,4,0.2,False,,0,21,0.3732377229154204,0.8853132387706856,0.8667006421173717,0.736790780141844
frequency_resolution_grid,phase,4,4,0.2,False,,0,22,0.35708969507844923,0.8894208037825059,0.8728241899334792,0.736081560283688
frequency_resolution_grid,phase,4,4,0.2,False,,0,23,0.33923377659116044,0.8946217494089834,0.8825622911994339,0.7383865248226951
frequency_resolution_grid,phase,4,4,0.2,False,,0,24,0.32292620374331615,0.9005811662726556,0.8885962725531125,0.737145390070922
frequency_resolution_grid,phase,4,4,0.2,False,,0,25,0.30822784145391297,0.9056146572104019,0.8992948922705143,0.7335106382978723
frequency_resolution_grid,phase,4,4,0.2,False,,0,26,0.2947910848778942,0.9098995271867613,0.898142465336103,0.737145390070922
frequency_resolution_grid,phase,4,4,0.2,False,,0,27,0.2803539965052225,0.9144306540583136,0.9115478708388958,0.7351063829787234
frequency_resolution_grid,phase,4,4,0.2,False,,0,28,0.26644099907108515,0.9183116627265563,0.9156950202182675,0.7359929078014185
frequency_resolution_grid,phase,4,4,0.2,False,,0,29,0.25620731292417237,0.9222025216706068,0.9281315622600258,0.7343085106382978
frequency_resolution_grid,phase,4,4,0.2,False,,0,30,0.24395621219331398,0.9257190701339637,0.9291958330793584,0.7357269503546099
frequency_resolution_grid,phase,4,4,0.2,False,,0,31,0.23332737767856077,0.9290977147360127,0.9352456266998399,0.7363475177304964
frequency_resolution_grid,phase,4,4,0.2,False,,0,32,0.22376560669794526,0.9326733648542159,0.9507224777066116,0.7353723404255319
frequency_resolution_grid,phase,4,4,0.2,False,,0,33,0.21317060258594717,0.9368400315208826,0.9657367798453527,0.7339539007092198
frequency_resolution_grid,phase,4,4,0.2,False,,0,34,0.20336790691688364,0.9394503546099291,0.9659678325162712,0.7359042553191489
frequency_resolution_grid,phase,4,4,0.2,False,,0,35,0.19489675301374462,0.942612293144208,0.9827685447872108,0.7363475177304964
frequency_resolution_grid,phase,4,4,0.2,False,,1,1,3.287044657563675,0.18971631205673758,2.760545362648389,0.3072695035460993
frequency_resolution_grid,phase,4,4,0.2,False,,1,2,2.306924715034599,0.40917060677698974,2.003699270884196,0.47588652482269506
frequency_resolution_grid,phase,4,4,0.2,False,,1,3,1.7176764815881367,0.5416371158392435,1.6071150908233427,0.5600177304964539
frequency_resolution_grid,phase,4,4,0.2,False,,1,4,1.3780020808872977,0.6207151300236406,1.3555366827241073,0.6170212765957447
frequency_resolution_grid,phase,4,4,0.2,False,,1,5,1.1625159746648008,0.6731973995271867,1.2064765013701526,0.6547872340425532
frequency_resolution_grid,phase,4,4,0.2,False,,1,6,1.0150688291817223,0.71072695035461,1.1131043043542415,0.6795212765957447
frequency_resolution_grid,phase,4,4,0.2,False,,1,7,0.9049534505328576,0.736899133175729,1.0380643881804554,0.6973404255319149
frequency_resolution_grid,phase,4,4,0.2,False,,1,8,0.8201122743863586,0.7590721040189126,0.9920147697976295,0.7037234042553191
frequency_resolution_grid,phase,4,4,0.2,False,,1,9,0.7507581803158008,0.777344365642238,0.9574180092371948,0.711968085106383
frequency_resolution_grid,phase,4,4,0.2,False,,1,10,0.6945959943406126,0.792543341213554,0.9258937855984303,0.7220744680851063
frequency_resolution_grid,phase,4,4,0.2,False,,1,11,0.6457297219076524,0.8058313632781718,0.9065045167368354,0.7257978723404256
frequency_resolution_grid,phase,4,4,0.2,False,,1,12,0.6026910256550385,0.8172773837667455,0.8916432357003503,0.7296099290780141
frequency_resolution_grid,phase,4,4,0.2,False,,1,13,0.5663024692107036,0.8271473601260835,0.8771767058271043,0.7317375886524823
frequency_resolution_grid,phase,4,4,0.2,False,,1,14,0.534475125685933,0.8356382978723405,0.8677398133785167,0.7386524822695035
frequency_resolution_grid,phase,4,4,0.2,False,,1,15,0.502899900921881,0.8458530338849488,0.862704917386914,0.7386524822695035
frequency_resolution_grid,phase,4,4,0.2,False,,1,16,0.4760745875472812,0.85298463356974,0.8484877468000912,0.7434397163120567
frequency_resolution_grid,phase,4,4,0.2,False,,1,17,0.4522284585251594,0.860687549251379,0.8516480702880427,0.7413120567375886
frequency_resolution_grid,phase,4,4,0.2,False,,1,18,0.42890287945832295,0.8672182821118991,0.8490817675353788,0.7438829787234043
frequency_resolution_grid,phase,4,4,0.2,False,,1,19,0.4060409921093002,0.8748620961386919,0.8498705272133469,0.7426418439716312
frequency_resolution_grid,phase,4,4,0.2,False,,1,20,0.38500946745147285,0.8816193853427896,0.8513591560066169,0.7451241134751773
frequency_resolution_grid,phase,4,4,0.2,False,,1,21,0.3674397775279527,0.886150512214342,0.8580766681238269,0.7421985815602837
frequency_resolution_grid,phase,4,4,0.2,False,,1,22,0.3497911697442932,0.8919424743892829,0.8658242423483666,0.7416666666666667
frequency_resolution_grid,phase,4,4,0.2,False,,1,23,0.33348942438949275,0.8966115051221434,0.8701041423682625,0.7437056737588652
frequency_resolution_grid,phase,4,4,0.2,False,,1,24,0.31778698394484556,0.902807328605201,0.8622987897683543,0.7445035460992908
frequency_resolution_grid,phase,4,4,0.2,False,,1,25,0.30265146775730395,0.907456658786446,0.8775878940913694,0.7418439716312056
frequency_resolution_grid,phase,4,4,0.2,False,,1,26,0.2897996169878236,0.91172182821119,0.8846470923288494,0.7425531914893617
frequency_resolution_grid,phase,4,4,0.2,False,,1,27,0.2760399463082318,0.915622537431048,0.8923209570823831,0.7426418439716312
frequency_resolution_grid,phase,4,4,0.2,False,,1,28,0.26443477785427616,0.9192966903073286,0.8928965068032556,0.7476950354609929
frequency_resolution_grid,phase,4,4,0.2,False,,1,29,0.25216995549774995,0.9239755713159968,0.9080893650122568,0.7441489361702127
frequency_resolution_grid,phase,4,4,0.2,False,,1,30,0.24131209407386298,0.9266351457840819,0.9175697911715677,0.7411347517730497
frequency_resolution_grid,phase,4,4,0.2,False,,1,31,0.22907726687648525,0.9314420803782506,0.9232705166153874,0.7471631205673759
frequency_resolution_grid,phase,4,4,0.2,False,,1,32,0.22053190074256313,0.9339539007092199,0.9379358624735623,0.7402482269503546
frequency_resolution_grid,phase,4,4,0.2,False,,1,33,0.2101730976509146,0.9372438928289992,0.9429525729612256,0.7398936170212767
frequency_resolution_grid,phase,4,4,0.2,False,,1,34,0.20066411020872724,0.9408096926713948,0.9570946191219574,0.7393617021276596
frequency_resolution_grid,phase,4,4,0.2,False,,1,35,0.19266265519403677,0.942543341213554,0.9607131041533558,0.7411347517730497
frequency_resolution_grid,phase,4,4,0.2,False,,2,1,3.271197654357381,0.1918144208037825,2.726908962439138,0.31436170212765957
frequency_resolution_grid,phase,4,4,0.2,False,,2,2,2.2349185542481633,0.42807328605200945,1.9672669080977745,0.47863475177304965
frequency_resolution_grid,phase,4,4,0.2,False,,2,3,1.6688962429127794,0.554580378250591,1.5881439800803543,0.5677304964539007
frequency_resolution_grid,phase,4,4,0.2,False,,2,4,1.3573089513748626,0.6274231678486998,1.3835362928133483,0.6129432624113476
frequency_resolution_grid,phase,4,4,0.2,False,,2,5,1.1592134616617333,0.675354609929078,1.250491705684797,0.6457446808510638
frequency_resolution_grid,phase,4,4,0.2,False,,2,6,1.0205014603827487,0.7095252167060677,1.1574931515024063,0.662322695035461
frequency_resolution_grid,phase,4,4,0.2,False,,2,7,0.9126773034051424,0.7368006304176516,1.1007924041849502,0.6768617021276596
frequency_resolution_grid,phase,4,4,0.2,False,,2,8,0.8307808284876006,0.7578014184397163,1.0409852607030394,0.68927304964539
frequency_resolution_grid,phase,4,4,0.2,False,,2,9,0.7634887929785618,0.7746749408983451,1.0012912452643645,0.7015070921985815
frequency_resolution_grid,phase,4,4,0.2,False,,2,10,0.7069464559532508,0.7909278959810875,0.9711049421459225,0.7069148936170213
frequency_resolution_grid,phase,4,4,0.2,False,,2,11,0.6580090264808107,0.8034771473601261,0.9445475605362696,0.7120567375886525
frequency_resolution_grid,phase,4,4,0.2,False,,2,12,0.6155018111304846,0.8157702915681639,0.9274969253979676,0.7164893617021276
frequency_resolution_grid,phase,4,4,0.2,False,,2,13,0.5790399563603743,0.8246749408983451,0.9189277180543183,0.7177304964539007
frequency_resolution_grid,phase,4,4,0.2,False,,2,14,0.54542211668993,0.8334712371946414,0.9141974963194935,0.7178191489361702
frequency_resolution_grid,phase,4,4,0.2,False,,2,15,0.5142114069210064,0.8429176516942475,0.912637763877287,0.7226950354609929
frequency_resolution_grid,phase,4,4,0.2,False,,2,16,0.4859749811666983,0.8522852639873917,0.9061606159024205,0.7230496453900709
frequency_resolution_grid,phase,4,4,0.2,False,,2,17,0.45950409151419963,0.8590130023640662,0.9024998084873173,0.7215425531914894
frequency_resolution_grid,phase,4,4,0.2,False,,2,18,0.4368835179142542,0.8652876280535855,0.9062547551824691,0.7215425531914894
frequency_resolution_grid,phase,4,4,0.2,False,,2,19,0.4156984098508097,0.8722911741528763,0.9145315795925492,0.723758865248227
frequency_resolution_grid,phase,4,4,0.2,False,,2,20,0.39521676781517584,0.8774921197793538,0.9120387837396445,0.7259751773049645
frequency_resolution_grid,phase,4,4,0.2,False,,2,21,0.37460315123235643,0.8838553979511427,0.9036411369945986,0.7324468085106383
frequency_resolution_grid,phase,4,4,0.2,False,,2,22,0.3578800189203874,0.8894602048857368,0.9202277440551325,0.7275709219858156
frequency_resolution_grid,phase,4,4,0.2,False,,2,23,0.33953836224415435,0.8958333333333334,0.9221942415474155,0.7285460992907802
frequency_resolution_grid,phase,4,4,0.2,False,,2,24,0.32437460868493884,0.9013396375098502,0.9260763232589614,0.7289007092198582
frequency_resolution_grid,phase,4,4,0.2,False,,2,25,0.3096247022291917,0.9051418439716312,0.9397330559314565,0.7278368794326241
frequency_resolution_grid,phase,4,4,0.2,False,,2,26,0.2938067692579295,0.9099290780141844,0.9558673029250288,0.7257092198581561
frequency_resolution_grid,phase,4,4,0.2,False,,2,27,0.28210705710594064,0.913425925925926,0.9548348144436559,0.7247340425531915
frequency_resolution_grid,phase,4,4,0.2,False,,2,28,0.2695885252680151,0.9181540583136328,0.9601271138969043,0.7276595744680852
frequency_resolution_grid,phase,4,4,0.2,False,,2,29,0.2566602535751319,0.9218577620173365,0.9626073722298264,0.7274822695035461
frequency_resolution_grid,phase,4,4,0.2,False,,2,30,0.24565635325872964,0.9251970055161545,0.9815486636567623,0.724822695035461
frequency_resolution_grid,phase,4,4,0.2,False,,2,31,0.23441308381239948,0.9295508274231679,0.9926354433627839,0.7272163120567375
frequency_resolution_grid,phase,4,4,0.2,False,,2,32,0.22370160424551971,0.9335401891252955,0.9893875201543172,0.7232269503546099
frequency_resolution_grid,phase,4,4,0.2,False,,2,33,0.21367833739758665,0.9366036249014973,1.0018887379490737,0.7227836879432624
frequency_resolution_grid,phase,4,4,0.2,False,,2,34,0.2029771655175609,0.9405240346729709,1.00953307447704,0.7226950354609929
frequency_resolution_grid,phase,4,4,0.2,False,,2,35,0.1955492732090871,0.9426024428684003,1.023260000242409,0.724290780141844
frequency_resolution_grid,phase,4,6,0.2,False,,0,1,3.2303420057815297,0.20428486997635933,2.799192453952546,0.3046985815602837
frequency_resolution_grid,phase,4,6,0.2,False,,0,2,2.382308732927832,0.39623719464144996,2.055355372327439,0.4666666666666667
frequency_resolution_grid,phase,4,6,0.2,False,,0,3,1.7241180693473845,0.5410066981875492,1.5768154996506711,0.5638297872340425
frequency_resolution_grid,phase,4,6,0.2,False,,0,4,1.3434166877451987,0.6294818754925138,1.3329716451624607,0.622872340425532
frequency_resolution_grid,phase,4,6,0.2,False,,0,5,1.1245429979524244,0.6805949566587864,1.1911606551907588,0.6571808510638298
frequency_resolution_grid,phase,4,6,0.2,False,,0,6,0.9785424500586387,0.7155240346729709,1.0977846996158573,0.674822695035461
frequency_resolution_grid,phase,4,6,0.2,False,,0,7,0.8719340228395634,0.7435677698975571,1.0360379232159742,0.6902482269503546
frequency_resolution_grid,phase,4,6,0.2,False,,0,8,0.7883422308779777,0.7642336485421591,0.9939438909503585,0.6993794326241135
frequency_resolution_grid,phase,4,6,0.2,False,,0,9,0.7228611860433087,0.7816193853427896,0.9602271734399999,0.7085106382978723
frequency_resolution_grid,phase,4,6,0.2,False,,0,10,0.6657415515330009,0.7981678486997635,0.935812923248778,0.7139184397163121
frequency_resolution_grid,phase,4,6,0.2,False,,0,11,0.6183314468467959,0.8113573680063042,0.9115144432013762,0.724113475177305
frequency_resolution_grid,phase,4,6,0.2,False,,0,12,0.575255360454908,0.8232762017336486,0.9049753591523948,0.7266843971631206
frequency_resolution_grid,phase,4,6,0.2,False,,0,13,0.5400369077897429,0.8321513002364066,0.8921384430946188,0.7310283687943262
frequency_resolution_grid,phase,4,6,0.2,False,,0,14,0.5071682786171224,0.8411840031520883,0.888476774202171,0.7316489361702128
frequency_resolution_grid,phase,4,6,0.2,False,,0,15,0.4773731894386012,0.8503152088258471,0.8844254192731059,0.7257092198581561
frequency_resolution_grid,phase,4,6,0.2,False,,0,16,0.44901840857768077,0.8587765957446809,0.8804443377975031,0.7341312056737589
frequency_resolution_grid,phase,4,6,0.2,False,,0,17,0.4236291311499263,0.86626280535855,0.8836656979635252,0.7315602836879432
frequency_resolution_grid,phase,4,6,0.2,False,,0,18,0.4006079876018942,0.8737096138691883,0.8820249789150049,0.7342198581560284
frequency_resolution_grid,phase,4,6,0.2,False,,0,19,0.37927461952980907,0.8805851063829787,0.8891847781255735,0.7321808510638298
frequency_resolution_grid,phase,4,6,0.2,False,,0,20,0.35890669741904857,0.8866922773837668,0.8931089548354453,0.7348404255319149
frequency_resolution_grid,phase,4,6,0.2,False,,0,21,0.3401935705584837,0.8935579196217495,0.902221650434724,0.7354609929078014
frequency_resolution_grid,phase,4,6,0.2,False,,0,22,0.3226069842012404,0.8983550039401104,0.9121511476259705,0.7312056737588652
frequency_resolution_grid,phase,4,6,0.2,False,,0,23,0.305209771979973,0.9043045705279747,0.918135834247508,0.7301418439716312
frequency_resolution_grid,phase,4,6,0.2,False,,0,24,0.28934835552041976,0.9103132387706856,0.9245977530242704,0.736081560283688
frequency_resolution_grid,phase,4,6,0.2,False,,0,25,0.27475089174823747,0.915553585500394,0.9327008517921394,0.735549645390071
frequency_resolution_grid,phase,4,6,0.2,False,,0,26,0.2606027174174457,0.9196118991331758,0.9495656167361753,0.7302304964539007
frequency_resolution_grid,phase,4,6,0.2,False,,0,27,0.24754856131600994,0.922478329393223,0.9670379814526714,0.7333333333333333
frequency_resolution_grid,phase,4,6,0.2,False,,0,28,0.23391989884271314,0.928299842395587,0.9721410046232507,0.7296099290780141
frequency_resolution_grid,phase,4,6,0.2,False,,0,29,0.22294732699768105,0.9316587864460205,0.9936922418310287,0.7287234042553191
frequency_resolution_grid,phase,4,6,0.2,False,,0,30,0.21120011923442777,0.9356087470449173,1.0006539399742234,0.7297872340425532
frequency_resolution_grid,phase,4,6,0.2,False,,0,31,0.20079940357388615,0.9391745468873128,1.0090775532079928,0.7293439716312057
frequency_resolution_grid,phase,4,6,0.2,False,,0,32,0.18871677136026657,0.9434200157604413,1.0272031116147413,0.726418439716312
frequency_resolution_grid,phase,4,6,0.2,False,,0,33,0.1811816680151896,0.9460992907801419,1.04178015619305,0.725531914893617
frequency_resolution_grid,phase,4,6,0.2,False,,0,34,0.1722260753219761,0.9490937746256896,1.049980609298598,0.72677304964539
frequency_resolution_grid,phase,4,6,0.2,False,,0,35,0.1637150405851098,0.9515858944050434,1.0715213836507593,0.722872340425532
frequency_resolution_grid,phase,4,6,0.2,False,,1,1,3.2146933520281755,0.20742710795902286,2.7947005647294065,0.300531914893617
frequency_resolution_grid,phase,4,6,0.2,False,,1,2,2.3465326889374767,0.40475768321513,2.022512916132068,0.475
frequency_resolution_grid,phase,4,6,0.2,False,,1,3,1.6916732742994953,0.5499408983451537,1.5673641813562271,0.5736702127659574
frequency_resolution_grid,phase,4,6,0.2,False,,1,4,1.3298443935159814,0.6322399527186762,1.3131392267578883,0.6324468085106383
frequency_resolution_grid,phase,4,6,0.2,False,,1,5,1.1203803156472454,0.6833234830575257,1.1707258084141616,0.6677304964539007
frequency_resolution_grid,phase,4,6,0.2,False,,1,6,0.9777893052127439,0.716903073286052,1.0940942189372178,0.6782801418439717
frequency_resolution_grid,phase,4,6,0.2,False,,1,7,0.8748551949259801,0.7430654058313633,1.0293137813290805,0.6946808510638298
frequency_resolution_grid,phase,4,6,0.2,False,,1,8,0.7939811303918055,0.7637411347517731,0.9780103747726332,0.7037234042553191
frequency_resolution_grid,phase,4,6,0.2,False,,1,9,0.7281845777170033,0.7803191489361702,0.9539754299407309,0.7138297872340426
frequency_resolution_grid,phase,4,6,0.2,False,,1,10,0.6732683302381078,0.7956954294720252,0.9313920504657934,0.7155141843971631
frequency_resolution_grid,phase,4,6,0.2,False,,1,11,0.6263650932069648,0.8083136327817179,0.9078629760032004,0.7224290780141844
frequency_resolution_grid,phase,4,6,0.2,False,,1,12,0.5836350540695837,0.8200157604412923,0.8942836802901951,0.7257978723404256
frequency_resolution_grid,phase,4,6,0.2,False,,1,13,0.5467271886724858,0.8301221434200158,0.8827654854625675,0.7281028368794327
frequency_resolution_grid,phase,4,6,0.2,False,,1,14,0.5149818175227929,0.8396178092986604,0.8728959234048289,0.7323581560283688
frequency_resolution_grid,phase,4,6,0.2,False,,1,15,0.48271758122365244,0.8483451536643026,0.8707454712678354,0.7375
frequency_resolution_grid,phase,4,6,0.2,False,,1,16,0.4553671368376489,0.8573187549251379,0.8671841694108138,0.7366134751773049
frequency_resolution_grid,phase,4,6,0.2,False,,1,17,0.4308687123564682,0.8632289204097715,0.8745724157238683,0.7356382978723405
frequency_resolution_grid,phase,4,6,0.2,False,,1,18,0.40481237277353344,0.8725768321513002,0.872310053794942,0.738741134751773
frequency_resolution_grid,phase,4,6,0.2,False,,1,19,0.38269271351766926,0.8792750197005517,0.8852141074255003,0.7346631205673759
frequency_resolution_grid,phase,4,6,0.2,False,,1,20,0.3628582793488288,0.8858648542159181,0.8914067961645464,0.7362588652482269
frequency_resolution_grid,phase,4,6,0.2,False,,1,21,0.34321251680195286,0.8920409771473601,0.902606463432312,0.7354609929078014
frequency_resolution_grid,phase,4,6,0.2,False,,1,22,0.32544921000140964,0.8975768321513002,0.9069502987760178,0.7294326241134752
frequency_resolution_grid,phase,4,6,0.2,False,,1,23,0.30860269213399144,0.9028664302600473,0.9179891340276028,0.7324468085106383
frequency_resolution_grid,phase,4,6,0.2,False,,1,24,0.29132922419513463,0.9089834515366431,0.9247168405681637,0.7296985815602837
frequency_resolution_grid,phase,4,6,0.2,False,,1,25,0.27699506281867003,0.912962962962963,0.9325483311998083,0.7292553191489362
frequency_resolution_grid,phase,4,6,0.2,False,,1,26,0.26451564749528145,0.9178388494877857,0.9432302769194258,0.7328014184397164
frequency_resolution_grid,phase,4,6,0.2,False,,1,27,0.24747220973173778,0.9226851851851852,0.9524544837627005,0.7327127659574468
frequency_resolution_grid,phase,4,6,0.2,False,,1,28,0.23641449543695173,0.9272064617809299,0.9558763580119356,0.7308510638297873
frequency_resolution_grid,phase,4,6,0.2,False,,1,29,0.2246654336592454,0.9315208825847123,0.9656195411445401,0.7361702127659574
frequency_resolution_grid,phase,4,6,0.2,False,,1,30,0.2133303920791974,0.9340130023640661,0.9904753813506864,0.7293439716312057
frequency_resolution_grid,phase,4,6,0.2,False,,1,31,0.20213553923335575,0.9388691883372734,0.9979848301157038,0.7287234042553191
frequency_resolution_grid,phase,4,6,0.2,False,,1,32,0.1911205325378406,0.9425137903861308,0.9985008949929095,0.7328014184397164
frequency_resolution_grid,phase,4,6,0.2,False,,1,33,0.18287388061659837,0.945665878644602,1.0205797087216208,0.7307624113475177
frequency_resolution_grid,phase,4,6,0.2,False,,1,34,0.17184238702299512,0.9484929078014185,1.0330135646441303,0.7272163120567375
frequency_resolution_grid,phase,4,6,0.2,False,,1,35,0.16355798721454387,0.9522852639873917,1.0427302502571267,0.7291666666666666
frequency_resolution_grid,phase,4,6,0.2,False,,2,1,3.214610850670095,0.2093971631205674,2.825820427752556,0.2922872340425532
frequency_resolution_grid,phase,4,6,0.2,False,,2,2,2.3823635010196997,0.39752758077226164,2.097324116517466,0.4542553191489362
frequency_resolution_grid,phase,4,6,0.2,False,,2,3,1.719670952503093,0.5424251379038613,1.5981677390159446,0.563031914893617
frequency_resolution_grid,phase,4,6,0.2,False,,2,4,1.3330439649293326,0.6306048069345942,1.348450733922052,0.6265070921985816
frequency_resolution_grid,phase,4,6,0.2,False,,2,5,1.1103380141998482,0.6850374310480694,1.2064996705833055,0.6506205673758865
frequency_resolution_grid,phase,4,6,0.2,False,,2,6,0.9666988393281556,0.7199468085106383,1.1200962252650701,0.6726063829787234
frequency_resolution_grid,phase,4,6,0.2,False,,2,7,0.8613657327220607,0.7477245862884161,1.0603657747836823,0.6846631205673759
frequency_resolution_grid,phase,4,6,0.2,False,,2,8,0.7828182885551002,0.7677994483845547,1.0139170254375918,0.6932624113475178
frequency_resolution_grid,phase,4,6,0.2,False,,2,9,0.7167312232315117,0.7848798266351458,0.9825995068178109,0.7059397163120568
frequency_resolution_grid,phase,4,6,0.2,False,,2,10,0.6614314936764885,0.800709219858156,0.9582269956879582,0.711081560283688
frequency_resolution_grid,phase,4,6,0.2,False,,2,11,0.6141660611492334,0.8126674546887313,0.9341040356784848,0.7180851063829787
frequency_resolution_grid,phase,4,6,0.2,False,,2,12,0.5741635105100742,0.8245271867612293,0.9263945010536951,0.7200354609929078
frequency_resolution_grid,phase,4,6,0.2,False,,2,13,0.5384209680125129,0.8339440504334121,0.9161749274172681,0.7225177304964538
frequency_resolution_grid,phase,4,6,0.2,False,,2,14,0.505059708282645,0.8435382190701339,0.9181801897836915,0.7208333333333333
frequency_resolution_grid,phase,4,6,0.2,False,,2,15,0.47562562216446097,0.8528664302600473,0.9204074239899926,0.7216312056737588
frequency_resolution_grid,phase,4,6,0.2,False,,2,16,0.44862992398094437,0.8595744680851064,0.9174830645111436,0.7234929078014184
frequency_resolution_grid,phase,4,6,0.2,False,,2,17,0.4222673995228054,0.8680851063829788,0.9187135736993018,0.7234929078014184
frequency_resolution_grid,phase,4,6,0.2,False,,2,18,0.401325434206789,0.8742710795902285,0.9245271651880116,0.7225177304964538
frequency_resolution_grid,phase,4,6,0.2,False,,2,19,0.37771902461048185,0.8819542947202522,0.9377696645598039,0.724645390070922
frequency_resolution_grid,phase,4,6,0.2,False,,2,20,0.3588873068303739,0.8869089834515367,0.9443601095084603,0.7232269503546099
frequency_resolution_grid,phase,4,6,0.2,False,,2,21,0.340288584640028,0.8938238770685579,0.9412002388889908,0.7247340425531915
frequency_resolution_grid,phase,4,6,0.2,False,,2,22,0.32177485781828186,0.8993695823483058,0.9555470921891801,0.7226950354609929
frequency_resolution_grid,phase,4,6,0.2,False,,2,23,0.304194652442391,0.9050827423167849,0.9673539033172824,0.7213652482269504
frequency_resolution_grid,phase,4,6,0.2,False,,2,24,0.2891760386708592,0.9095941686367218,0.9736586740042301,0.7230496453900709
frequency_resolution_grid,phase,4,6,0.2,False,,2,25,0.27273642642935775,0.9159574468085107,0.9836434952756192,0.7243794326241135
frequency_resolution_grid,phase,4,6,0.2,False,,2,26,0.25901630285032345,0.9195823483057526,0.9965508589085113,0.7218971631205674
frequency_resolution_grid,phase,4,6,0.2,False,,2,27,0.24614120047331045,0.9239263199369583,1.0091761716397096,0.7229609929078015
frequency_resolution_grid,phase,4,6,0.2,False,,2,28,0.2338176594534852,0.9279747832939322,1.0088160025946638,0.7281028368794327
frequency_resolution_grid,phase,4,6,0.2,False,,2,29,0.220557082192554,0.932565011820331,1.0293585282690982,0.7206560283687943
frequency_resolution_grid,phase,4,6,0.2,False,,2,30,0.2108066904159678,0.9355988967691096,1.0519612408698873,0.7192375886524822
frequency_resolution_grid,phase,4,6,0.2,False,,2,31,0.20085739445930584,0.9388691883372734,1.059194130128157,0.7192375886524822
frequency_resolution_grid,phase,4,6,0.2,False,,2,32,0.19028250585164114,0.9427403467297084,1.0624914332695887,0.723404255319149
frequency_resolution_grid,phase,4,6,0.2,False,,2,33,0.1811398624622324,0.9461583924349882,1.082799662469972,0.7168439716312057
frequency_resolution_grid,phase,4,6,0.2,False,,2,34,0.1718291049777663,0.9486308116627266,1.0930142049036973,0.7170212765957447
frequency_resolution_grid,phase,4,6,0.2,False,,2,35,0.1624879033688582,0.9526891252955083,1.1023716928476983,0.7195921985815603
frequency_resolution_grid,phase,4,8,0.2,False,,0,1,2.7788681208382826,0.3391646966115051,2.066823265400339,0.4901595744680851
frequency_resolution_grid,phase,4,8,0.2,False,,0,2,1.508495718386344,0.6060677698975572,1.1820849552222177,0.6695035460992907
frequency_resolution_grid,phase,4,8,0.2,False,,0,3,0.9909369863141138,0.7170015760441293,0.9584378329574639,0.7143617021276596
frequency_resolution_grid,phase,4,8,0.2,False,,0,4,0.8033911766453555,0.7620271867612293,0.8533175382208317,0.7475177304964539
frequency_resolution_grid,phase,4,8,0.2,False,,0,5,0.6963868740508649,0.7886130811662726,0.8067536945038654,0.7523936170212766
frequency_resolution_grid,phase,4,8,0.2,False,,0,6,0.6208793720079276,0.8089342001576044,0.7647133323317724,0.7645390070921986
frequency_resolution_grid,phase,4,8,0.2,False,,0,7,0.5609968881235055,0.8255023640661938,0.7426754934567932,0.7736702127659575
frequency_resolution_grid,phase,4,8,0.2,False,,0,8,0.5121279073005779,0.8387214342001577,0.7285546872209996,0.7708333333333334
frequency_resolution_grid,phase,4,8,0.2,False,,0,9,0.4718484370702829,0.8498423955870764,0.7235958202933589,0.7733156028368794
frequency_resolution_grid,phase,4,8,0.2,False,,0,10,0.4370275018579665,0.860263987391647,0.7151995934915881,0.7714539007092198
frequency_resolution_grid,phase,4,8,0.2,False,,0,11,0.40403376159187,0.8701142631993696,0.7122310806250741,0.7756205673758865
frequency_resolution_grid,phase,4,8,0.2,False,,0,12,0.3767851000794094,0.8777679275019701,0.7181859244691565,0.7768617021276596
frequency_resolution_grid,phase,4,8,0.2,False,,0,13,0.3500867515262231,0.8862391646966115,0.7211346815663872,0.775
frequency_resolution_grid,phase,4,8,0.2,False,,0,14,0.32732672787633255,0.8930063041765169,0.7240978791781351,0.7795212765957447
frequency_resolution_grid,phase,4,8,0.2,False,,0,15,0.3065300817748897,0.8994385342789598,0.7316287754698002,0.7754432624113475
frequency_resolution_grid,phase,4,8,0.2,False,,0,16,0.28740313266373885,0.9067080378250592,0.7382041187151104,0.7756205673758865
frequency_resolution_grid,phase,4,8,0.2,False,,0,17,0.2686349365352363,0.9123620961386919,0.7569557990588195,0.7724290780141844
frequency_resolution_grid,phase,4,8,0.2,False,,0,18,0.25117913654134255,0.9182722616233254,0.7730750498619485,0.7710992907801418
frequency_resolution_grid,phase,4,8,0.2,False,,0,19,0.23575229623873842,0.9239952718676123,0.7670191524722052,0.7704787234042553
frequency_resolution_grid,phase,4,8,0.2,False,,0,20,0.2215574198533833,0.9281225374310481,0.7767299259385319,0.774113475177305
frequency_resolution_grid,phase,4,8,0.2,False,,0,21,0.2086315393283482,0.9324960598896769,0.7936317952812141,0.7742021276595744
frequency_resolution_grid,phase,4,8,0.2,False,,0,22,0.19586321646721933,0.9376576044129236,0.805557515435185,0.7738475177304964
frequency_resolution_grid,phase,4,8,0.2,False,,0,23,0.1838848954302951,0.9401300236406619,0.8171742051628464,0.7689716312056738
frequency_resolution_grid,phase,4,8,0.2,False,,0,24,0.17318469424290953,0.944602048857368,0.8394685967171446,0.7650709219858156
frequency_resolution_grid,phase,4,8,0.2,False,,0,25,0.1626945394432573,0.949290780141844,0.8499799276920075,0.7703900709219859
frequency_resolution_grid,phase,4,8,0.2,False,,0,26,0.15197360062336152,0.952413317572892,0.8716569789757965,0.7641843971631206
frequency_resolution_grid,phase,4,8,0.2,False,,0,27,0.14458809382009918,0.9552107959022853,0.8873820331925196,0.7662234042553191
frequency_resolution_grid,phase,4,8,0.2,False,,0,28,0.1355950755547876,0.9584712371946414,0.8947192523919099,0.7653368794326241
frequency_resolution_grid,phase,4,8,0.2,False,,0,29,0.12845491547815624,0.9608254531126872,0.9123379325190335,0.7662234042553191
frequency_resolution_grid,phase,4,8,0.2,False,,0,30,0.12139325220815961,0.9631501182033096,0.9249243923958311,0.7690602836879432
frequency_resolution_grid,phase,4,8,0.2,False,,0,31,0.11414260236741615,0.9652679275019701,0.938899671524129,0.7675531914893617
frequency_resolution_grid,phase,4,8,0.2,False,,0,32,0.10714917276392216,0.9675236406619385,0.9578100615359367,0.7594858156028369
frequency_resolution_grid,phase,4,8,0.2,False,,0,33,0.10213018066262264,0.9694641449960599,0.9698256657478658,0.763209219858156
frequency_resolution_grid,phase,4,8,0.2,False,,0,34,0.09579693498229351,0.972192671394799,0.9753019897227592,0.7668439716312057
frequency_resolution_grid,phase,4,8,0.2,False,,0,35,0.0905556258145893,0.9735815602836879,1.0037098628409364,0.7636524822695036
frequency_resolution_grid,phase,4,8,0.2,False,,1,1,2.776564218191954,0.33730299448384554,2.174600605423569,0.4678191489361702
frequency_resolution_grid,phase,4,8,0.2,False,,1,2,1.5248243876758572,0.6009850275807722,1.2100838652739287,0.66427304964539
frequency_resolution_grid,phase,4,8,0.2,False,,1,3,1.0069626522214512,0.7116627265563436,0.9687699641741759,0.714627659574468
frequency_resolution_grid,phase,4,8,0.2,False,,1,4,0.8138279408427841,0.7584810874704492,0.8458892772383724,0.7445035460992908
frequency_resolution_grid,phase,4,8,0.2,False,,1,5,0.7018999762381034,0.7861406619385343,0.7847181178153829,0.7600177304964539
frequency_resolution_grid,phase,4,8,0.2,False,,1,6,0.6236383743319951,0.806107171000788,0.7618458163230977,0.7589539007092199
frequency_resolution_grid,phase,4,8,0.2,False,,1,7,0.5643047294999972,0.8232565011820331,0.7254183086943119,0.7740248226950355
frequency_resolution_grid,phase,4,8,0.2,False,,1,8,0.5142556123042126,0.837854609929078,0.7127802498374425,0.776241134751773
frequency_resolution_grid,phase,4,8,0.2,False,,1,9,0.47297634253640924,0.8490740740740741,0.7057694663392736,0.7804964539007092
frequency_resolution_grid,phase,4,8,0.2,False,,1,10,0.4377525310520115,0.8595941686367218,0.7046281732565968,0.7788120567375887
frequency_resolution_grid,phase,4,8,0.2,False,,1,11,0.40627719222137176,0.8683609141055949,0.700164311151978,0.7817375886524822
frequency_resolution_grid,phase,4,8,0.2,False,,1,12,0.37655848739323794,0.8798955870764381,0.7079087215957912,0.7789893617021276
frequency_resolution_grid,phase,4,8,0.2,False,,1,13,0.35321027885467826,0.8858353033884949,0.7107871781849692,0.7805851063829787
frequency_resolution_grid,phase,4,8,0.2,False,,1,14,0.331899328737676,0.8916568163908589,0.714004510641098,0.7795212765957447
frequency_resolution_grid,phase,4,8,0.2,False,,1,15,0.30980392095138937,0.8986209613869188,0.7202895216908015,0.7801418439716312
frequency_resolution_grid,phase,4,8,0.2,False,,1,16,0.290039064599549,0.9058707643814027,0.7334799418212674,0.7798758865248226
frequency_resolution_grid,phase,4,8,0.2,False,,1,17,0.2724132273026204,0.9110224586288416,0.7426363153660551,0.7763297872340426
frequency_resolution_grid,phase,4,8,0.2,False,,1,18,0.2549875879611811,0.9161446020488574,0.7492599934550888,0.7773936170212766
frequency_resolution_grid,phase,4,8,0.2,False,,1,19,0.23964957375052973,0.9223404255319149,0.7631725630861648,0.7703900709219859
frequency_resolution_grid,phase,4,8,0.2,False,,1,20,0.22426325181885157,0.927344365642238,0.773174229243123,0.7756205673758865
frequency_resolution_grid,phase,4,8,0.2,False,,1,21,0.21052940442300952,0.9325354609929078,0.7833738899400048,0.7737588652482269
frequency_resolution_grid,phase,4,8,0.2,False,,1,22,0.19950402974025577,0.9360815602836879,0.7995661727925565,0.7698581560283688
frequency_resolution_grid,phase,4,8,0.2,False,,1,23,0.18661782118257714,0.9402285263987392,0.8068262758829915,0.7734929078014184
frequency_resolution_grid,phase,4,8,0.2,False,,1,24,0.17645014728660938,0.9432821118991331,0.8262599595049595,0.7674645390070922
frequency_resolution_grid,phase,4,8,0.2,False,,1,25,0.1659251727674588,0.947478329393223,0.8380687291740526,0.7669326241134752
frequency_resolution_grid,phase,4,8,0.2,False,,1,26,0.15672891327687094,0.9506205673758865,0.8555650875500753,0.7673758865248227
frequency_resolution_grid,phase,4,8,0.2,False,,1,27,0.14681372647214067,0.954334121355398,0.8540533007459438,0.7709219858156028
frequency_resolution_grid,phase,4,8,0.2,False,,1,28,0.1388982544319192,0.9565307328605201,0.8813394669945358,0.7729609929078014
frequency_resolution_grid,phase,4,8,0.2,False,,1,29,0.13254972114642366,0.9585795902285263,0.8920266340810357,0.7699468085106383
frequency_resolution_grid,phase,4,8,0.2,False,,1,30,0.1252797587261696,0.9612982663514579,0.9101798529320575,0.7697695035460993
frequency_resolution_grid,phase,4,8,0.2,False,,1,31,0.11783119842609709,0.964095744680851,0.917454131275204,0.7666666666666667
frequency_resolution_grid,phase,4,8,0.2,False,,1,32,0.11176129352680053,0.9660362490149724,0.9332158046411284,0.7678191489361702
frequency_resolution_grid,phase,4,8,0.2,False,,1,33,0.10627289547799984,0.9681540583136328,0.9497417426278405,0.7657801418439716
frequency_resolution_grid,phase,4,8,0.2,False,,1,34,0.10102141252634467,0.9694641449960599,0.9571383236993289,0.7671099290780142
frequency_resolution_grid,phase,4,8,0.2,False,,1,35,0.09658622850669098,0.9708530338849488,0.9792760172634261,0.7631205673758865
frequency_resolution_grid,phase,4,8,0.2,False,,2,1,2.7776818234869776,0.3398837667454689,2.0904573065169316,0.4826241134751773
frequency_resolution_grid,phase,4,8,0.2,False,,2,2,1.4995777564879194,0.6081461780929867,1.2060402127022438,0.6611702127659574
frequency_resolution_grid,phase,4,8,0.2,False,,2,3,0.9866954925588213,0.7172675334909377,0.9600111802419027,0.7239361702127659
frequency_resolution_grid,phase,4,8,0.2,False,,2,4,0.7984254748075379,0.7617809298660363,0.8562914511836167,0.7427304964539007
frequency_resolution_grid,phase,4,8,0.2,False,,2,5,0.6872022146874286,0.7916272655634358,0.80649994594831,0.7531028368794326
frequency_resolution_grid,phase,4,8,0.2,False,,2,6,0.6111328916017985,0.8121552403467297,0.7781183877735274,0.7593971631205674
frequency_resolution_grid,phase,4,8,0.2,False,,2,7,0.5527788586697304,0.8272655634357762,0.7605254512729375,0.760904255319149
frequency_resolution_grid,phase,4,8,0.2,False,,2,8,0.5041070078657405,0.8404649330181245,0.7336694600311577,0.7699468085106383
frequency_resolution_grid,phase,4,8,0.2,False,,2,9,0.4634709797241821,0.8514873916469661,0.7266613121573806,0.7673758865248227
frequency_resolution_grid,phase,4,8,0.2,False,,2,10,0.42882804436604743,0.8625295508274232,0.7281078165727304,0.7694148936170213
frequency_resolution_grid,phase,4,8,0.2,False,,2,11,0.3968576672699059,0.872054767533491,0.7293392739820143,0.7655141843971631
frequency_resolution_grid,phase,4,8,0.2,False,,2,12,0.3693746434975272,0.8807821118991331,0.7215313981188104,0.7719858156028369
frequency_resolution_grid,phase,4,8,0.2,False,,2,13,0.34476214766361474,0.886968085106383,0.7361339741776175,0.7688829787234043
frequency_resolution_grid,phase,4,8,0.2,False,,2,14,0.3205207514424696,0.895311268715524,0.7401601497163164,0.7696808510638298
frequency_resolution_grid,phase,4,8,0.2,False,,2,15,0.3001311777730548,0.9030043341213554,0.7563372846613539,0.7657801418439716
frequency_resolution_grid,phase,4,8,0.2,False,,2,16,0.28059204134347404,0.9086485421591805,0.7619322931301509,0.7668439716312057
frequency_resolution_grid,phase,4,8,0.2,False,,2,17,0.26398266984121926,0.9141646966115051,0.7698867988818926,0.7671985815602836
frequency_resolution_grid,phase,4,8,0.2,False,,2,18,0.24769051815695045,0.9206166272655635,0.7779167419207011,0.7693262411347518
frequency_resolution_grid,phase,4,8,0.2,False,,2,19,0.23168769375464407,0.924822695035461,0.793720327708738,0.7661347517730497
frequency_resolution_grid,phase,4,8,0.2,False,,2,20,0.21724229668002132,0.9298561859732073,0.7994490751349335,0.7668439716312057
frequency_resolution_grid,phase,4,8,0.2,False,,2,21,0.20342704420300145,0.9348601260835303,0.8108738124370575,0.7669326241134752
frequency_resolution_grid,phase,4,8,0.2,False,,2,22,0.19248629669865067,0.9381008668242711,0.836738303219173,0.7624113475177305
frequency_resolution_grid,phase,4,8,0.2,False,,2,23,0.17999697347106286,0.9427895981087471,0.849325765679914,0.7625
frequency_resolution_grid,phase,4,8,0.2,False,,2,24,0.16878042624422282,0.9476063829787233,0.8549772909769775,0.761436170212766
frequency_resolution_grid,phase,4,8,0.2,False,,2,25,0.15948403665782712,0.9497340425531915,0.8714588555778172,0.7601950354609929
frequency_resolution_grid,phase,4,8,0.2,False,,2,26,0.15006666775760547,0.9530732860520095,0.8846571633790402,0.7625886524822695
frequency_resolution_grid,phase,4,8,0.2,False,,2,27,0.1411996457945934,0.9554570527974783,0.9035981490891031,0.7625
frequency_resolution_grid,phase,4,8,0.2,False,,2,28,0.13316225053476854,0.9592494089834516,0.9181534769581565,0.7620567375886524
frequency_resolution_grid,phase,4,8,0.2,False,,2,29,0.12590387988867865,0.9622340425531914,0.9289267876892225,0.7617021276595745
frequency_resolution_grid,phase,4,8,0.2,False,,2,30,0.11829280777180448,0.9640366430260048,0.952289438163135,0.7578014184397163
frequency_resolution_grid,phase,4,8,0.2,False,,2,31,0.11245665266299643,0.9659968479117416,0.9691987968294333,0.7604609929078014
frequency_resolution_grid,phase,4,8,0.2,False,,2,32,0.10714720678350605,0.9678585500394011,0.9989030046243195,0.7553191489361702
frequency_resolution_grid,phase,4,8,0.2,False,,2,33,0.10035745732550831,0.9702324665090623,0.9997957893085818,0.7595744680851064
frequency_resolution_grid,phase,4,8,0.2,False,,2,34,0.09482471847729104,0.9719365642237983,1.0171149517733156,0.7602836879432624
frequency_resolution_grid,phase,4,8,0.2,False,,2,35,0.09056850970613384,0.9736899133175729,1.0239836311720787,0.7593085106382979
frequency_resolution_grid,phase,4,12,0.2,False,,0,1,2.9746113304456827,0.26599684791174155,2.598673776531896,0.3375886524822695
frequency_resolution_grid,phase,4,12,0.2,False,,0,2,1.905015911616332,0.4954688731284476,1.4912361446001852,0.5906914893617021
frequency_resolution_grid,phase,4,12,0.2,False,,0,3,1.267985859567298,0.6424842395587076,1.2193622821611716,0.6500886524822695
frequency_resolution_grid,phase,4,12,0.2,False,,0,4,1.048427510411839,0.6962765957446808,1.1010857228691697,0.676950354609929
frequency_resolution_grid,phase,4,12,0.2,False,,0,5,0.9233307622566854,0.7273936170212766,1.0269061352344269,0.6942375886524823
frequency_resolution_grid,phase,4,12,0.2,False,,0,6,0.83440797490525,0.747763987391647,0.9952654238288284,0.700354609929078
frequency_resolution_grid,phase,4,12,0.2,False,,0,7,0.7651069685076991,0.7675630417651694,0.956666280360932,0.7088652482269504
frequency_resolution_grid,phase,4,12,0.2,False,,0,8,0.7095119587918546,0.782387706855792,0.9258855573674466,0.7206560283687943
frequency_resolution_grid,phase,4,12,0.2,False,,0,9,0.6632656514315834,0.7931836091410559,0.9113127568934826,0.7215425531914894
frequency_resolution_grid,phase,4,12,0.2,False,,0,10,0.6209694609480453,0.805220646178093,0.8991058008890626,0.7300531914893617
frequency_resolution_grid,phase,4,12,0.2,False,,0,11,0.5817834444878325,0.8157801418439716,0.885095925364934,0.7311170212765957
frequency_resolution_grid,phase,4,12,0.2,False,,0,12,0.5501437695172944,0.8237096138691883,0.8836786745287848,0.7336879432624114
frequency_resolution_grid,phase,4,12,0.2,False,,0,13,0.5183863406156911,0.8321611505122143,0.8715168099876837,0.7368794326241135
frequency_resolution_grid,phase,4,12,0.2,False,,0,14,0.4907524475016117,0.8411446020488573,0.8736945269801093,0.7379432624113476
frequency_resolution_grid,phase,4,12,0.2,False,,0,15,0.46616144898935413,0.8457151300236406,0.8795917373177008,0.7374113475177305
frequency_resolution_grid,phase,4,12,0.2,False,,0,16,0.4409006948636403,0.8546000788022065,0.8702631340804675,0.739450354609929
frequency_resolution_grid,phase,4,12,0.2,False,,0,17,0.41802853301719384,0.8609830575256107,0.8932447075843811,0.7367021276595744
frequency_resolution_grid,phase,4,12,0.2,False,,0,18,0.3975678018973135,0.8675531914893617,0.8913440994759824,0.7424645390070922
frequency_resolution_grid,phase,4,12,0.2,False,,0,19,0.37790309280227546,0.8744582348305753,0.8815104125239325,0.7428191489361702
frequency_resolution_grid,phase,4,12,0.2,False,,0,20,0.35862441260669997,0.8795311268715524,0.8941472133000692,0.7446808510638298
frequency_resolution_grid,phase,4,12,0.2,False,,0,21,0.34326471295222416,0.883806146572104,0.9047613034011625,0.7429078014184397
frequency_resolution_grid,phase,4,12,0.2,False,,0,22,0.3245129570752453,0.8899231678486997,0.9179167410160632,0.7411347517730497
frequency_resolution_grid,phase,4,12,0.2,False,,0,23,0.30849921659187035,0.89524231678487,0.9247804701751006,0.7437943262411347
frequency_resolution_grid,phase,4,12,0.2,False,,0,24,0.2941961642510314,0.9002561071710008,0.9279786776143608,0.7460992907801418
frequency_resolution_grid,phase,4,12,0.2,False,,0,25,0.28162810644641273,0.9028368794326241,0.955344734124258,0.7401595744680851
frequency_resolution_grid,phase,4,12,0.2,False,,0,26,0.26874684512474295,0.9077521670606777,0.9574572478625791,0.7403368794326242
frequency_resolution_grid,phase,4,12,0.2,False,,0,27,0.25510515572519354,0.9125098502758078,0.9736627145861902,0.7393617021276596
frequency_resolution_grid,phase,4,12,0.2,False,,0,28,0.24318950211466345,0.9154058313632781,0.9773439392130425,0.7409574468085106
frequency_resolution_grid,phase,4,12,0.2,False,,0,29,0.23233854835772252,0.9201930654058313,0.9966872524707875,0.7414893617021276
frequency_resolution_grid,phase,4,12,0.2,False,,0,30,0.22027493786680313,0.9239952718676123,1.0054018898213164,0.7422872340425531
frequency_resolution_grid,phase,4,12,0.2,False,,0,31,0.21184470464715438,0.9268223010244286,1.0104605879343993,0.7445035460992908
frequency_resolution_grid,phase,4,12,0.2,False,,0,32,0.20207958396163112,0.9298167848699763,1.0342973817324808,0.7421099290780142
frequency_resolution_grid,phase,4,12,0.2,False,,0,33,0.19273538057075137,0.9328703703703703,1.055631642392341,0.7402482269503546
frequency_resolution_grid,phase,4,12,0.2,False,,0,34,0.18341427418521486,0.9375098502758077,1.0682914047376484,0.7392730496453901
frequency_resolution_grid,phase,4,12,0.2,False,,0,35,0.17375293289046292,0.9397261623325454,1.0767999180665253,0.7400709219858156
frequency_resolution_grid,phase,4,12,0.2,False,,1,1,2.958831571987804,0.27109929078014183,2.649369695338797,0.33280141843971633
frequency_resolution_grid,phase,4,12,0.2,False,,1,2,1.908768421707424,0.49406028368794325,1.4928942501122224,0.5937943262411347
frequency_resolution_grid,phase,4,12,0.2,False,,1,3,1.2719986966691494,0.6417848699763593,1.2415394979165801,0.6414007092198581
frequency_resolution_grid,phase,4,12,0.2,False,,1,4,1.058932659304734,0.6923463356973996,1.0902831370103443,0.6835992907801418
frequency_resolution_grid,phase,4,12,0.2,False,,1,5,0.9339024943193176,0.7240740740740741,1.0260616370126712,0.6955673758865248
frequency_resolution_grid,phase,4,12,0.2,False,,1,6,0.8441983860247336,0.747054767533491,0.9997316612419507,0.7006205673758865
frequency_resolution_grid,phase,4,12,0.2,False,,1,7,0.7765616054324488,0.7638100866824271,0.9449124506179323,0.7179078014184397
frequency_resolution_grid,phase,4,12,0.2,False,,1,8,0.715477323644832,0.7787037037037037,0.9213068540214647,0.7247340425531915
frequency_resolution_grid,phase,4,12,0.2,False,,1,9,0.6672113786822139,0.7924448384554768,0.8993008808041295,0.7296099290780141
frequency_resolution_grid,phase,4,12,0.2,False,,1,10,0.6244934578595713,0.8040977147360127,0.8870022039041452,0.7319148936170212
frequency_resolution_grid,phase,4,12,0.2,False,,1,11,0.5866781612378204,0.8141646966115051,0.8707546306840072,0.7382978723404255
frequency_resolution_grid,phase,4,12,0.2,False,,1,12,0.5524356808222778,0.823896769109535,0.852127523963333,0.7416666666666667
frequency_resolution_grid,phase,4,12,0.2,False,,1,13,0.5214059679408634,0.8314125295508275,0.8530358931697006,0.7435283687943263
frequency_resolution_grid,phase,4,12,0.2,False,,1,14,0.49296808664586433,0.8395981087470449,0.8524298797262476,0.7398936170212767
frequency_resolution_grid,phase,4,12,0.2,False,,1,15,0.4684006621839495,0.8455476753349094,0.8502799259009937,0.7463652482269504
frequency_resolution_grid,phase,4,12,0.2,False,,1,16,0.4430676859884961,0.8544326241134752,0.8595520658695951,0.7435283687943263
frequency_resolution_grid,phase,4,12,0.2,False,,1,17,0.42207308976644603,0.8604511426319937,0.8586143365143039,0.7454787234042554
frequency_resolution_grid,phase,4,12,0.2,False,,1,18,0.39893264897795905,0.8676615445232466,0.8612699562776174,0.7556737588652482
frequency_resolution_grid,phase,4,12,0.2,False,,1,19,0.37972400017476066,0.8734633569739952,0.8763109104007694,0.7444148936170213
frequency_resolution_grid,phase,4,12,0.2,False,,1,20,0.36300028738212736,0.877945232466509,0.8748805148381713,0.7481382978723404
frequency_resolution_grid,phase,4,12,0.2,False,,1,21,0.34176693740465963,0.8847911741528762,0.8882447461709908,0.7468085106382979
frequency_resolution_grid,phase,4,12,0.2,False,,1,22,0.3283546521214635,0.887608353033885,0.9029603923466188,0.7475177304964539
frequency_resolution_grid,phase,4,12,0.2,False,,1,23,0.3111489222263895,0.8939223798266351,0.9049151824721208,0.7484042553191489
frequency_resolution_grid,phase,4,12,0.2,False,,1,24,0.29715334477154076,0.8980299448384554,0.9039452613668238,0.7472517730496454
frequency_resolution_grid,phase,4,12,0.2,False,,1,25,0.284164516798054,0.9013100866824271,0.9254919911952729,0.7468971631205674
frequency_resolution_grid,phase,4,12,0.2,False,,1,26,0.27148492162954724,0.9065504334121356,0.9395095675549608,0.7414007092198581
frequency_resolution_grid,phase,4,12,0.2,False,,1,27,0.2576592592659008,0.9107072498029944,0.9502342733085578,0.7471631205673759
frequency_resolution_grid,phase,4,12,0.2,False,,1,28,0.24588906599650523,0.9151694247438928,0.9626779468346994,0.7445921985815603
frequency_resolution_grid,phase,4,12,0.2,False,,1,29,0.2341812261147608,0.919070133963751,0.9723277453835129,0.7469858156028368
frequency_resolution_grid,phase,4,12,0.2,False,,1,30,0.22337338136020282,0.9224881796690307,0.9954622900232356,0.7453014184397163
frequency_resolution_grid,phase,4,12,0.2,False,,1,31,0.21368995585528014,0.9263396375098503,1.007767783834579,0.7459219858156029
frequency_resolution_grid,phase,4,12,0.2,False,,1,32,0.2050043356357549,0.9284475965327029,1.0220260637026306,0.7453014184397163
frequency_resolution_grid,phase,4,12,0.2,False,,1,33,0.19413788378285649,0.9326832151300236,1.050383626822884,0.7399822695035461
frequency_resolution_grid,phase,4,12,0.2,False,,1,34,0.18820223518074075,0.9340721040189125,1.0551874033948208,0.738031914893617
frequency_resolution_grid,phase,4,12,0.2,False,,1,35,0.17684142700417763,0.9393518518518519,1.0815270332579916,0.7377659574468085
frequency_resolution_grid,phase,4,12,0.2,False,,2,1,2.953284898040988,0.27287234042553193,2.6383328248423044,0.33324468085106385
frequency_resolution_grid,phase,4,12,0.2,False,,2,2,1.895207780228533,0.4972123719464145,1.5364118843213885,0.5721631205673758
frequency_resolution_grid,phase,4,12,0.2,False,,2,3,1.2769922529082303,0.6401201733648542,1.2506998305625103,0.6430851063829788
frequency_resolution_grid,phase,4,12,0.2,False,,2,4,1.0565334425656414,0.6933806146572103,1.123283615433578,0.6675531914893617
frequency_resolution_grid,phase,4,12,0.2,False,,2,5,0.9285048496074992,0.7263888888888889,1.0789258640708652,0.6728723404255319
frequency_resolution_grid,phase,4,12,0.2,False,,2,6,0.8404143392804855,0.7485224586288416,1.005848025176542,0.6928191489361702
frequency_resolution_grid,phase,4,12,0.2,False,,2,7,0.7713778080951519,0.7653270291568164,0.991609197389995,0.699645390070922
frequency_resolution_grid,phase,4,12,0.2,False,,2,8,0.715394303524372,0.7802107959022853,0.9477405975896416,0.7130319148936171
frequency_resolution_grid,phase,4,12,0.2,False,,2,9,0.6670576418967957,0.7925137903861308,0.9201722132398727,0.724645390070922
frequency_resolution_grid,phase,4,12,0.2,False,,2,10,0.6254869753211573,0.8035657998423956,0.917073272475114,0.7217198581560283
frequency_resolution_grid,phase,4,12,0.2,False,,2,11,0.5885393289809532,0.8142631993695824,0.9178927939834324,0.725354609929078
frequency_resolution_grid,phase,4,12,0.2,False,,2,12,0.5553769424076246,0.8239854215918045,0.8953659596172631,0.7318262411347518
frequency_resolution_grid,phase,4,12,0.2,False,,2,13,0.5250050225720057,0.8322301024428684,0.8995566553257881,0.7301418439716312
frequency_resolution_grid,phase,4,12,0.2,False,,2,14,0.4967187489741801,0.8393715524034673,0.8882733101963152,0.7352836879432624
frequency_resolution_grid,phase,4,12,0.2,False,,2,15,0.4711433185941126,0.8462765957446808,0.9005133332935631,0.736436170212766
frequency_resolution_grid,phase,4,12,0.2,False,,2,16,0.4451599300236473,0.8548167848699764,0.9083610087421768,0.735195035460993
frequency_resolution_grid,phase,4,12,0.2,False,,2,17,0.4247269086428192,0.8602935382190702,0.9009591618750957,0.7354609929078014
frequency_resolution_grid,phase,4,12,0.2,False,,2,18,0.40297183528295927,0.8664401103230891,0.9078882935199332,0.7354609929078014
frequency_resolution_grid,phase,4,12,0.2,False,,2,19,0.3831189690376474,0.8725571315996848,0.9190220436305865,0.735195035460993
frequency_resolution_grid,phase,4,12,0.2,False,,2,20,0.3650588921292548,0.877876280535855,0.9263770448400619,0.7338652482269503
frequency_resolution_grid,phase,4,12,0.2,False,,2,21,0.3488532036848196,0.8828309692671394,0.9294236717494667,0.738741134751773
frequency_resolution_grid,phase,4,12,0.2,False,,2,22,0.33238259041469054,0.8887805358550039,0.9490479771972548,0.7334219858156028
frequency_resolution_grid,phase,4,12,0.2,False,,2,23,0.3147174832903559,0.8934397163120568,0.950600417962311,0.7346631205673759
frequency_resolution_grid,phase,4,12,0.2,False,,2,24,0.30061780483446504,0.89900512214342,0.9660626453288058,0.7318262411347518
frequency_resolution_grid,phase,4,12,0.2,False,,2,25,0.28677539235733923,0.9016646966115052,0.9760485087726133,0.7389184397163121
frequency_resolution_grid,phase,4,12,0.2,False,,2,26,0.2711209263455877,0.9066686367218282,0.9909694505498764,0.7353723404255319
frequency_resolution_grid,phase,4,12,0.2,False,,2,27,0.25962968944939596,0.911150512214342,1.0030861755634877,0.7349290780141844
frequency_resolution_grid,phase,4,12,0.2,False,,2,28,0.24692940913005737,0.9161446020488574,1.010775533128292,0.738563829787234
frequency_resolution_grid,phase,4,12,0.2,False,,2,29,0.23612566022444562,0.9188140267927501,1.03014734738262,0.7323581560283688
frequency_resolution_grid,phase,4,12,0.2,False,,2,30,0.22442835821609408,0.9223108747044917,1.0501400052232945,0.7298758865248227
frequency_resolution_grid,phase,4,12,0.2,False,,2,31,0.21399030397500082,0.9269306540583137,1.0642958927661814,0.7323581560283688
frequency_resolution_grid,phase,4,12,0.2,False,,2,32,0.20329134871961566,0.9300728920409771,1.0918976727740985,0.7291666666666666
frequency_resolution_grid,phase,4,12,0.2,False,,2,33,0.19397893238011263,0.9334613869188337,1.101028608176725,0.7306737588652482
frequency_resolution_grid,phase,4,12,0.2,False,,2,34,0.18396776639588525,0.9373423955870764,1.1125333895285925,0.7326241134751773
frequency_resolution_grid,phase,4,12,0.2,False,,2,35,0.17593502131759697,0.9397163120567376,1.1287926158161028,0.7298758865248227
frequency_resolution_grid,phase,4,16,0.2,False,,0,1,2.571240435255335,0.35452127659574467,2.1899152934973967,0.4156028368794326
frequency_resolution_grid,phase,4,16,0.2,False,,0,2,1.762874543601082,0.5170606776989756,1.486550805839241,0.5848404255319148
frequency_resolution_grid,phase,4,16,0.2,False,,0,3,1.2962704130943785,0.6324763593380615,1.249853029318735,0.6388297872340426
frequency_resolution_grid,phase,4,16,0.2,False,,0,4,1.0941325582792856,0.6815996847911742,1.131465326386986,0.6723404255319149
frequency_resolution_grid,phase,4,16,0.2,False,,0,5,0.967837603511164,0.7130319148936171,1.0616259861499706,0.6845744680851064
frequency_resolution_grid,phase,4,16,0.2,False,,0,6,0.8776053353310382,0.7353723404255319,1.023745303458356,0.6977836879432624
frequency_resolution_grid,phase,4,16,0.2,False,,0,7,0.8040643120864135,0.7532013396375099,0.973571046362532,0.7109929078014184
frequency_resolution_grid,phase,4,16,0.2,False,,0,8,0.7481062872283941,0.7703900709219859,0.9512427445844556,0.7177304964539007
frequency_resolution_grid,phase,4,16,0.2,False,,0,9,0.6999668669944865,0.7821611505122144,0.9380086704348841,0.7174645390070922
frequency_resolution_grid,phase,4,16,0.2,False,,0,10,0.6615350800109154,0.7929472025216706,0.9143866587192454,0.7249113475177305
frequency_resolution_grid,phase,4,16,0.2,False,,0,11,0.6210586486602976,0.8033687943262411,0.9041636251388712,0.7312943262411348
frequency_resolution_grid,phase,4,16,0.2,False,,0,12,0.5874958117051421,0.8106185973207249,0.8891823439733356,0.7375
frequency_resolution_grid,phase,4,16,0.2,False,,0,13,0.5565745717761459,0.8204787234042553,0.8892099268047522,0.7367021276595744
frequency_resolution_grid,phase,4,16,0.2,False,,0,14,0.5296031918367877,0.8268912529550827,0.8886613010514712,0.7338652482269503
frequency_resolution_grid,phase,4,16,0.2,False,,0,15,0.5067254532877153,0.833628841607565,0.8839404116285609,0.7377659574468085
frequency_resolution_grid,phase,4,16,0.2,False,,0,16,0.4817458186025597,0.8410657998423956,0.8811126857784622,0.7414893617021276
frequency_resolution_grid,phase,4,16,0.2,False,,0,17,0.4612569101783025,0.8461780929866036,0.9006082546626423,0.7415780141843972
frequency_resolution_grid,phase,4,16,0.2,False,,0,18,0.4396092989390248,0.8524133175728921,0.8994676279683486,0.7410460992907801
frequency_resolution_grid,phase,4,16,0.2,False,,0,19,0.42161784594786084,0.8582840819542947,0.9020575024134724,0.7408687943262411
frequency_resolution_grid,phase,4,16,0.2,False,,0,20,0.40386171145548116,0.8628743104806934,0.9127733474927591,0.7435283687943263
frequency_resolution_grid,phase,4,16,0.2,False,,0,21,0.38667566955230476,0.8683116627265564,0.9157286117262874,0.7438829787234043
frequency_resolution_grid,phase,4,16,0.2,False,,0,22,0.36831689022064584,0.8744286840031521,0.9288222624900493,0.7419326241134752
frequency_resolution_grid,phase,4,16,0.2,False,,0,23,0.35316868709522126,0.8774822695035461,0.9232536086799406,0.7436170212765958
frequency_resolution_grid,phase,4,16,0.2,False,,0,24,0.3392435302783224,0.8828703703703704,0.9288551167393407,0.7426418439716312
frequency_resolution_grid,phase,4,16,0.2,False,,0,25,0.32565426207415415,0.886859732072498,0.9496185022888454,0.7419326241134752
frequency_resolution_grid,phase,4,16,0.2,False,,0,26,0.31276957639283887,0.8898739164696612,0.963312104238686,0.7432624113475177
frequency_resolution_grid,phase,4,16,0.2,False,,0,27,0.30002601393759015,0.8939322301024428,0.9727868666885593,0.7427304964539007
frequency_resolution_grid,phase,4,16,0.2,False,,0,28,0.28666008212981586,0.898827817178881,0.986579286967609,0.7437943262411347
frequency_resolution_grid,phase,4,16,0.2,False,,0,29,0.27766050627327415,0.9013199369582349,1.001689847141293,0.7428191489361702
frequency_resolution_grid,phase,4,16,0.2,False,,0,30,0.2643852811427075,0.9058806146572104,1.0022950003333126,0.7461879432624113
frequency_resolution_grid,phase,4,16,0.2,False,,0,31,0.2548662879741314,0.909229708431836,1.0228132185361065,0.7403368794326242
frequency_resolution_grid,phase,4,16,0.2,False,,0,32,0.24346850518639207,0.9135539795114264,1.034318808460912,0.7445035460992908
frequency_resolution_grid,phase,4,16,0.2,False,,0,33,0.2345830614691038,0.9162529550827423,1.0592479595901272,0.7399822695035461
frequency_resolution_grid,phase,4,16,0.2,False,,0,34,0.22619164340063003,0.9187155240346729,1.0721680532955955,0.7427304964539007
frequency_resolution_grid,phase,4,16,0.2,False,,0,35,0.21581584687680125,0.9227541371158392,1.0892314966688765,0.7384751773049646
frequency_resolution_grid,phase,4,16,0.2,False,,1,1,2.545450256789548,0.36257880220646177,2.1997154181730663,0.4148049645390071
frequency_resolution_grid,phase,4,16,0.2,False,,1,2,1.7285006350095673,0.5243794326241135,1.4650045932607447,0.5889184397163121
frequency_resolution_grid,phase,4,16,0.2,False,,1,3,1.279695690363951,0.637608353033885,1.2714006676741525,0.635904255319149
frequency_resolution_grid,phase,4,16,0.2,False,,1,4,1.0906136028779783,0.6814223798266351,1.1281246067784356,0.6717198581560284
frequency_resolution_grid,phase,4,16,0.2,False,,1,5,0.9651451418585811,0.7138199369582349,1.0615425255281705,0.6852836879432624
frequency_resolution_grid,phase,4,16,0.2,False,,1,6,0.876021284508461,0.7375,1.024567508021145,0.6965425531914894
frequency_resolution_grid,phase,4,16,0.2,False,,1,7,0.8084507002428444,0.7545705279747833,0.9741110397568831,0.7098404255319148
frequency_resolution_grid,phase,4,16,0.2,False,,1,8,0.7520703680971835,0.7679964539007093,0.9505285763148721,0.712854609929078
frequency_resolution_grid,phase,4,16,0.2,False,,1,9,0.7064273084684842,0.7795508274231678,0.9295164046135355,0.7188829787234042
frequency_resolution_grid,phase,4,16,0.2,False,,1,10,0.664503841009358,0.7912726556343578,0.9138535800555073,0.7239361702127659
frequency_resolution_grid,phase,4,16,0.2,False,,1,11,0.6284003006698016,0.800640267927502,0.8939062678222115,0.7291666666666666
frequency_resolution_grid,phase,4,16,0.2,False,,1,12,0.5943320911451059,0.8110323089046493,0.8865099594102683,0.7337765957446809
frequency_resolution_grid,phase,4,16,0.2,False,,1,13,0.5647416788917343,0.8184791174152877,0.8917821689277676,0.7304964539007093
frequency_resolution_grid,phase,4,16,0.2,False,,1,14,0.5380408195551217,0.8249113475177305,0.8841304716066266,0.7326241134751773
frequency_resolution_grid,phase,4,16,0.2,False,,1,15,0.5144720567691223,0.8315208825847124,0.895431100307627,0.7350177304964539
frequency_resolution_grid,phase,4,16,0.2,False,,1,16,0.4928173696647205,0.8376182033096927,0.883342593062854,0.7335106382978723
frequency_resolution_grid,phase,4,16,0.2,False,,1,17,0.47101095451718716,0.8430654058313632,0.8897605860486943,0.737677304964539
frequency_resolution_grid,phase,4,16,0.2,False,,1,18,0.44988100030837425,0.8495173364854216,0.8854826727657453,0.7434397163120567
frequency_resolution_grid,phase,4,16,0.2,False,,1,19,0.43054021826121075,0.8557230102442869,0.8994534821375042,0.7382978723404255
frequency_resolution_grid,phase,4,16,0.2,False,,1,20,0.4140357192009805,0.8593183609141056,0.9025882832124723,0.7409574468085106
frequency_resolution_grid,phase,4,16,0.2,False,,1,21,0.39459944864818675,0.8654156816390859,0.9080958231966546,0.739095744680851
frequency_resolution_grid,phase,4,16,0.2,False,,1,22,0.3829104472653334,0.8683806146572104,0.9190327985066894,0.7409574468085106
frequency_resolution_grid,phase,4,16,0.2,False,,1,23,0.36450612470331484,0.8740642237982663,0.9238070407657759,0.738031914893617
frequency_resolution_grid,phase,4,16,0.2,False,,1,24,0.34972396004472406,0.8786643026004728,0.9229371386216887,0.7448581560283688
frequency_resolution_grid,phase,4,16,0.2,False,,1,25,0.3370449014307478,0.8823483057525611,0.933619556866639,0.7339539007092198
frequency_resolution_grid,phase,4,16,0.2,False,,1,26,0.32239103773454686,0.8865149724192277,0.9514242184077595,0.7412234042553192
frequency_resolution_grid,phase,4,16,0.2,False,,1,27,0.30815502116302507,0.8923463356973995,0.9537705484011495,0.7421099290780142
frequency_resolution_grid,phase,4,16,0.2,False,,1,28,0.29611735785448995,0.8948384554767533,0.9681396266247364,0.7429078014184397
frequency_resolution_grid,phase,4,16,0.2,False,,1,29,0.28513997542613884,0.8994483845547675,0.9853864093198844,0.7444148936170213
frequency_resolution_grid,phase,4,16,0.2,False,,1,30,0.27475759106137043,0.9016055949566588,1.0018026569210892,0.7366134751773049
frequency_resolution_grid,phase,4,16,0.2,False,,1,31,0.2625323034394342,0.9058116627265563,1.01699809858985,0.7386524822695035
frequency_resolution_grid,phase,4,16,0.2,False,,1,32,0.2528548854650523,0.9098305752561072,1.0286491536925024,0.7359042553191489
frequency_resolution_grid,phase,4,16,0.2,False,,1,33,0.24145153409576114,0.913780535855004,1.0429065808336786,0.7418439716312056
frequency_resolution_grid,phase,4,16,0.2,False,,1,34,0.23471207285697673,0.9153467297084318,1.055652478231606,0.7350177304964539
frequency_resolution_grid,phase,4,16,0.2,False,,1,35,0.22448124494300856,0.9199862096138692,1.0690893335545317,0.7398936170212767
frequency_resolution_grid,phase,4,16,0.2,False,,2,1,2.5454087925859095,0.3626280535855004,2.193113700717899,0.41391843971631204
frequency_resolution_grid,phase,4,16,0.2,False,,2,2,1.7252794120516526,0.5260933806146572,1.4977774542274205,0.5716312056737589
frequency_resolution_grid,phase,4,16,0.2,False,,2,3,1.2719999051826785,0.6380811662726557,1.2679733383740093,0.6386524822695036
frequency_resolution_grid,phase,4,16,0.2,False,,2,4,1.078740325586546,0.685401891252955,1.146870108783668,0.6636524822695036
frequency_resolution_grid,phase,4,16,0.2,False,,2,5,0.9519326861210936,0.7180063041765169,1.0906143810732145,0.6786347517730497
frequency_resolution_grid,phase,4,16,0.2,False,,2,6,0.8658761711736849,0.7401300236406619,1.0326015288102712,0.686613475177305
frequency_resolution_grid,phase,4,16,0.2,False,,2,7,0.7970917928209448,0.7559200157604413,1.000088792997049,0.6963652482269503
frequency_resolution_grid,phase,4,16,0.2,False,,2,8,0.7451505455471006,0.7699763593380614,0.9647341209945949,0.7105496453900709
frequency_resolution_grid,phase,4,16,0.2,False,,2,9,0.6983474477902466,0.781639085894405,0.9419859524314285,0.7173758865248226
frequency_resolution_grid,phase,4,16,0.2,False,,2,10,0.6555504228863968,0.7932427107959023,0.9495629603981126,0.7084219858156028
frequency_resolution_grid,phase,4,16,0.2,False,,2,11,0.6190765794334306,0.8044129235618598,0.9320745376830405,0.7150709219858156
frequency_resolution_grid,phase,4,16,0.2,False,,2,12,0.5882224144571122,0.8121355397951142,0.9221293796884252,0.7229609929078015
frequency_resolution_grid,phase,4,16,0.2,False,,2,13,0.5610355670100784,0.8191883372734436,0.9277634144252074,0.7214539007092199
frequency_resolution_grid,phase,4,16,0.2,False,,2,14,0.5338399024344129,0.8266055949566588,0.9216340371057496,0.7221631205673759
frequency_resolution_grid,phase,4,16,0.2,False,,2,15,0.5109507684800642,0.8337273443656422,0.9193177289151131,0.7242021276595745
frequency_resolution_grid,phase,4,16,0.2,False,,2,16,0.48570453063816044,0.8395390070921985,0.9198827126347426,0.7301418439716312
frequency_resolution_grid,phase,4,16,0.2,False,,2,17,0.4650790910067006,0.8456264775413712,0.9239671940499163,0.7299645390070922
frequency_resolution_grid,phase,4,16,0.2,False,,2,18,0.44495330099236596,0.851172182821119,0.9215662082881793,0.7324468085106383
frequency_resolution_grid,phase,4,16,0.2,False,,2,19,0.42563096970625053,0.8563337273443656,0.9317836532356045,0.7329787234042553
frequency_resolution_grid,phase,4,16,0.2,False,,2,20,0.40453996449779395,0.8629235618597321,0.932686670240781,0.7359929078014185
frequency_resolution_grid,phase,4,16,0.2,False,,2,21,0.3888820542041667,0.8682131599684791,0.9361231779164456,0.7342198581560284
frequency_resolution_grid,phase,4,16,0.2,False,,2,22,0.37402296069572066,0.8719168636721828,0.9544336644470269,0.7335106382978723
frequency_resolution_grid,phase,4,16,0.2,False,,2,23,0.35705355909793185,0.8773837667454689,0.9562043789430713,0.7323581560283688
frequency_resolution_grid,phase,4,16,0.2,False,,2,24,0.3425810005272158,0.8818262411347517,0.9751405233187033,0.7334219858156028
frequency_resolution_grid,phase,4,16,0.2,False,,2,25,0.32740495158190613,0.8855693459416863,0.9923849144937299,0.7341312056737589
frequency_resolution_grid,phase,4,16,0.2,False,,2,26,0.3123635396842791,0.8912726556343578,1.0032159393772166,0.7339539007092198
frequency_resolution_grid,phase,4,16,0.2,False,,2,27,0.3027601202986577,0.8937450748620961,1.0077704122725955,0.7347517730496453
frequency_resolution_grid,phase,4,16,0.2,False,,2,28,0.2883634078352352,0.8980594956658786,1.0070755523147312,0.7357269503546099
frequency_resolution_grid,phase,4,16,0.2,False,,2,29,0.27760186871738296,0.9022754137115839,1.0325396296403087,0.7351063829787234
frequency_resolution_grid,phase,4,16,0.2,False,,2,30,0.26486084736924737,0.9057131599684791,1.0460596728832163,0.7324468085106383
frequency_resolution_grid,phase,4,16,0.2,False,,2,31,0.25561326565565884,0.908343183609141,1.0642852668221114,0.7351063829787234
frequency_resolution_grid,phase,4,16,0.2,False,,2,32,0.2457753201683879,0.9120173364854216,1.073150770799488,0.7347517730496453
frequency_resolution_grid,phase,4,16,0.2,False,,2,33,0.23606001416161082,0.916725768321513,1.1001721016058685,0.7346631205673759
frequency_resolution_grid,phase,4,16,0.2,False,,2,34,0.22628729080853263,0.9185776201733649,1.1060876266330693,0.737322695035461
frequency_resolution_grid,phase,4,16,0.2,False,,2,35,0.21831839780717313,0.9213356973995271,1.1373033729005366,0.7307624113475177
frequency_resolution_grid,phase,8,4,0.2,False,,0,1,3.0742251285706286,0.24114460204885738,2.47337683684437,0.3725177304964539
frequency_resolution_grid,phase,8,4,0.2,False,,0,2,2.054875974189211,0.4719956658786446,1.8096697668657236,0.524468085106383
frequency_resolution_grid,phase,8,4,0.2,False,,0,3,1.5573087500060423,0.5809495665878645,1.4830730218413875,0.588741134751773
frequency_resolution_grid,phase,8,4,0.2,False,,0,4,1.2846508495820799,0.6433116627265564,1.3096902925071987,0.6291666666666667
frequency_resolution_grid,phase,8,4,0.2,False,,0,5,1.1092397538764538,0.6862096138691883,1.1899695530850836,0.6554964539007092
frequency_resolution_grid,phase,8,4,0.2,False,,0,6,0.9844712467434089,0.7169720252167061,1.109922300670164,0.6770390070921986
frequency_resolution_grid,phase,8,4,0.2,False,,0,7,0.8890123648940342,0.7403171788810087,1.059067582154105,0.688209219858156
frequency_resolution_grid,phase,8,4,0.2,False,,0,8,0.8127688509728422,0.7605299448384555,1.022515555053738,0.6957446808510638
frequency_resolution_grid,phase,8,4,0.2,False,,0,9,0.748036562541604,0.7783195429472025,0.9887162425839309,0.7011524822695036
frequency_resolution_grid,phase,8,4,0.2,False,,0,10,0.6953344745838895,0.7924940898345154,0.9601485006352688,0.7101063829787234
frequency_resolution_grid,phase,8,4,0.2,False,,0,11,0.6486719935216521,0.8052403467297085,0.9367406933020193,0.7181737588652483
frequency_resolution_grid,phase,8,4,0.2,False,,0,12,0.6075869461323352,0.8157998423955871,0.9217135510546096,0.7231382978723404
frequency_resolution_grid,phase,8,4,0.2,False,,0,13,0.5707620627397247,0.8263593380614658,0.909109353385073,0.7243794326241135
frequency_resolution_grid,phase,8,4,0.2,False,,0,14,0.5390162480732322,0.8340031520882585,0.9020935873613289,0.7286347517730496
frequency_resolution_grid,phase,8,4,0.2,False,,0,15,0.5090892675263005,0.8434988179669031,0.9039769716296636,0.7257978723404256
frequency_resolution_grid,phase,8,4,0.2,False,,0,16,0.4814270263821051,0.8504925137903862,0.8962676482843169,0.7312943262411348
frequency_resolution_grid,phase,8,4,0.2,False,,0,17,0.4568977518190635,0.8593577620173365,0.8961699593997171,0.7304964539007093
frequency_resolution_grid,phase,8,4,0.2,False,,0,18,0.43306095037430264,0.8671394799054374,0.8955321543605615,0.7302304964539007
frequency_resolution_grid,phase,8,4,0.2,False,,0,19,0.4123967689566954,0.8730397951142632,0.900746255140778,0.7289007092198582
frequency_resolution_grid,phase,8,4,0.2,False,,0,20,0.39148462011975693,0.8790090622537431,0.9059526457854197,0.7282801418439716
frequency_resolution_grid,phase,8,4,0.2,False,,0,21,0.37341391992460937,0.8845744680851064,0.9103661155869774,0.7319148936170212
frequency_resolution_grid,phase,8,4,0.2,False,,0,22,0.3561532373922467,0.8893223010244287,0.9144249726694527,0.7309397163120568
frequency_resolution_grid,phase,8,4,0.2,False,,0,23,0.33804586882005067,0.8958234830575256,0.9223131859556157,0.726418439716312
frequency_resolution_grid,phase,8,4,0.2,False,,0,24,0.3233707169198539,0.9005516154452324,0.9266173153058856,0.7252659574468086
frequency_resolution_grid,phase,8,4,0.2,False,,0,25,0.3070374114387518,0.9065602836879433,0.9319552883188775,0.7250886524822695
frequency_resolution_grid,phase,8,4,0.2,False,,0,26,0.29236456166580027,0.9108747044917258,0.9429275842423135,0.7261524822695036
frequency_resolution_grid,phase,8,4,0.2,False,,0,27,0.2801675709520765,0.9145094562647754,0.9491362101642798,0.72677304964539
frequency_resolution_grid,phase,8,4,0.2,False,,0,28,0.2674537531027557,0.9187352245862884,0.957959662092493,0.726063829787234
frequency_resolution_grid,phase,8,4,0.2,False,,0,29,0.2561432688841207,0.9228526398739165,0.9778003854954497,0.7232269503546099
frequency_resolution_grid,phase,8,4,0.2,False,,0,30,0.24255244939979181,0.9273049645390071,0.9778097357310301,0.7225177304964538
frequency_resolution_grid,phase,8,4,0.2,False,,0,31,0.23273816712265225,0.9298561859732073,0.9916433539796383,0.7225177304964538
frequency_resolution_grid,phase,8,4,0.2,False,,0,32,0.22194515205068416,0.9341706067769897,1.0010306889283742,0.7219858156028369
frequency_resolution_grid,phase,8,4,0.2,False,,0,33,0.21191154519188488,0.9372537431048069,1.0165004327787575,0.7203900709219858
frequency_resolution_grid,phase,8,4,0.2,False,,0,34,0.20289696842972174,0.9404058313632782,1.033123958618083,0.7229609929078015
frequency_resolution_grid,phase,8,4,0.2,False,,0,35,0.1932012368554295,0.9438829787234042,1.0425550034705628,0.7208333333333333
frequency_resolution_grid,phase,8,4,0.2,False,,1,1,3.068162038365718,0.24084909377462568,2.44512392646032,0.3852836879432624
frequency_resolution_grid,phase,8,4,0.2,False,,1,2,2.012073630756802,0.4752068557919622,1.7671525759054414,0.5337765957446808
frequency_resolution_grid,phase,8,4,0.2,False,,1,3,1.5271794318401315,0.5861111111111111,1.466034357260305,0.6011524822695036
frequency_resolution_grid,phase,8,4,0.2,False,,1,4,1.2737573993497238,0.6458530338849487,1.2833211043202286,0.6432624113475177
frequency_resolution_grid,phase,8,4,0.2,False,,1,5,1.1085623217342968,0.6853427895981088,1.1762914288973978,0.6655141843971631
frequency_resolution_grid,phase,8,4,0.2,False,,1,6,0.9889445850377575,0.7148837667454688,1.1067533178532378,0.6843971631205674
frequency_resolution_grid,phase,8,4,0.2,False,,1,7,0.896777813748359,0.7382190701339637,1.0524865892761988,0.6974290780141844
frequency_resolution_grid,phase,8,4,0.2,False,,1,8,0.823215955143561,0.757456658786446,1.0149999282038804,0.698404255319149
frequency_resolution_grid,phase,8,4,0.2,False,,1,9,0.7607530617544837,0.7737982663514579,0.9820995415356142,0.7079787234042553
frequency_resolution_grid,phase,8,4,0.2,False,,1,10,0.7083727267710969,0.7877856579984239,0.9631695473447759,0.711968085106383
frequency_resolution_grid,phase,8,4,0.2,False,,1,11,0.6632733720414182,0.8001871552403468,0.9459755993903951,0.7176418439716312
frequency_resolution_grid,phase,8,4,0.2,False,,1,12,0.6221460503983254,0.8108451536643027,0.925487427593123,0.7245567375886525
frequency_resolution_grid,phase,8,4,0.2,False,,1,13,0.5871268002605513,0.8214539007092199,0.9144306943771687,0.7232269503546099
frequency_resolution_grid,phase,8,4,0.2,False,,1,14,0.5553388501829384,0.8296394799054374,0.909160190186602,0.7217198581560283
frequency_resolution_grid,phase,8,4,0.2,False,,1,15,0.5249427957361942,0.8396375098502759,0.9023613276211082,0.7291666666666666
frequency_resolution_grid,phase,8,4,0.2,False,,1,16,0.49806573336475757,0.847192671394799,0.8925753410826338,0.7312056737588652
frequency_resolution_grid,phase,8,4,0.2,False,,1,17,0.47310319583748534,0.8538120567375886,0.8956646117758243,0.7319148936170212
frequency_resolution_grid,phase,8,4,0.2,False,,1,18,0.44954359636145186,0.8603723404255319,0.8914157962968163,0.7319148936170212
frequency_resolution_grid,phase,8,4,0.2,False,,1,19,0.427032178969154,0.8675531914893617,0.9004939859640514,0.7304078014184398
frequency_resolution_grid,phase,8,4,0.2,False,,1,20,0.40705682523988945,0.8740839243498818,0.8968817963667796,0.7338652482269503
frequency_resolution_grid,phase,8,4,0.2,False,,1,21,0.3860173482656291,0.8806048069345942,0.9063458085905576,0.7310283687943262
frequency_resolution_grid,phase,8,4,0.2,False,,1,22,0.368937914384642,0.8864460204885737,0.9061266185544061,0.7335106382978723
frequency_resolution_grid,phase,8,4,0.2,False,,1,23,0.3520457266164258,0.8909278959810875,0.9090746713022814,0.7340425531914894
frequency_resolution_grid,phase,8,4,0.2,False,,1,24,0.3359126749049969,0.8962076438140268,0.9170583129774594,0.7312943262411348
frequency_resolution_grid,phase,8,4,0.2,False,,1,25,0.3194168311390377,0.9024921197793538,0.9296301378003249,0.7285460992907802
frequency_resolution_grid,phase,8,4,0.2,False,,1,26,0.3052401139545478,0.9058313632781718,0.9318802804811627,0.7305851063829787
frequency_resolution_grid,phase,8,4,0.2,False,,1,27,0.29164015641472674,0.9105594956658787,0.9351624192075526,0.7323581560283688
frequency_resolution_grid,phase,8,4,0.2,False,,1,28,0.2779741478116612,0.9154452324665091,0.9502156895103184,0.7330673758865248
frequency_resolution_grid,phase,8,4,0.2,False,,1,29,0.2645011268726383,0.9203408195429472,0.9595503448594547,0.7311170212765957
frequency_resolution_grid,phase,8,4,0.2,False,,1,30,0.25230065066810664,0.9241134751773049,0.966365297719942,0.7299645390070922
frequency_resolution_grid,phase,8,4,0.2,False,,1,31,0.24095526016820032,0.9280732860520094,0.9774073807060296,0.7299645390070922
frequency_resolution_grid,phase,8,4,0.2,False,,1,32,0.2309671514423181,0.9307624113475177,0.9874394324654383,0.7261524822695036
frequency_resolution_grid,phase,8,4,0.2,False,,1,33,0.22087078028372464,0.9345744680851064,0.9953836855313457,0.7320921985815603
frequency_resolution_grid,phase,8,4,0.2,False,,1,34,0.21049734682103044,0.9383372734436565,1.009283496132979,0.7281914893617021
frequency_resolution_grid,phase,8,4,0.2,False,,1,35,0.2011420216097242,0.9419621749408984,1.02158288177869,0.7294326241134752
frequency_resolution_grid,phase,8,4,0.2,False,,2,1,3.053772645113128,0.24679866036249015,2.4093866422666728,0.38687943262411345
frequency_resolution_grid,phase,8,4,0.2,False,,2,2,1.958578524935236,0.48909574468085104,1.7429576457814968,0.5315602836879433
frequency_resolution_grid,phase,8,4,0.2,False,,2,3,1.4795231078721296,0.5964440504334121,1.4491111178770133,0.5943262411347517
frequency_resolution_grid,phase,8,4,0.2,False,,2,4,1.2320383358415044,0.6549546887312845,1.2882659832636516,0.6360815602836879
frequency_resolution_grid,phase,8,4,0.2,False,,2,5,1.0733625815739494,0.6956954294720252,1.1867752856396614,0.6558510638297872
frequency_resolution_grid,phase,8,4,0.2,False,,2,6,0.9592634592214093,0.722586682427108,1.1158074633449528,0.6724290780141844
frequency_resolution_grid,phase,8,4,0.2,False,,2,7,0.8709698591671937,0.7457348305752561,1.0699453855237218,0.6829787234042554
frequency_resolution_grid,phase,8,4,0.2,False,,2,8,0.8006314675576861,0.7645784081954294,1.0307655321790816,0.6905141843971632
frequency_resolution_grid,phase,8,4,0.2,False,,2,9,0.7421444846289283,0.7794129235618598,1.001491780314885,0.7008865248226951
frequency_resolution_grid,phase,8,4,0.2,False,,2,10,0.691303084157789,0.7930851063829787,0.9768335426107366,0.7078014184397163
frequency_resolution_grid,phase,8,4,0.2,False,,2,11,0.6465805426369134,0.8057624113475177,0.9568868529712055,0.714095744680851
frequency_resolution_grid,phase,8,4,0.2,False,,2,12,0.6091551980416168,0.8153467297084318,0.9450764469221129,0.7178191489361702
frequency_resolution_grid,phase,8,4,0.2,False,,2,13,0.5743013643579656,0.8254235618597321,0.9367456596793858,0.7186170212765958
frequency_resolution_grid,phase,8,4,0.2,False,,2,14,0.5426208866779216,0.833914499605989,0.9346441419412058,0.7194148936170213
frequency_resolution_grid,phase,8,4,0.2,False,,2,15,0.5142363681015394,0.8431343577620173,0.9283387557834598,0.7208333333333333
frequency_resolution_grid,phase,8,4,0.2,False,,2,16,0.4882679449938901,0.8494089834515366,0.9208121134879741,0.7245567375886525
frequency_resolution_grid,phase,8,4,0.2,False,,2,17,0.4621512984975855,0.8565898345153664,0.9228094511843742,0.7226063829787234
frequency_resolution_grid,phase,8,4,0.2,False,,2,18,0.4414489005521304,0.8625295508274232,0.9213814604366924,0.725531914893617
frequency_resolution_grid,phase,8,4,0.2,False,,2,19,0.41927876673503783,0.8709022852639874,0.9348914411051054,0.7235815602836879
frequency_resolution_grid,phase,8,4,0.2,False,,2,20,0.400497506841888,0.8763987391646966,0.9359075353500691,0.7223404255319149
frequency_resolution_grid,phase,8,4,0.2,False,,2,21,0.38048372070464304,0.8835007880220647,0.9283219823600553,0.7284574468085107
frequency_resolution_grid,phase,8,4,0.2,False,,2,22,0.363033760984269,0.8881895193065406,0.9418559712721101,0.725531914893617
frequency_resolution_grid,phase,8,4,0.2,False,,2,23,0.3456953116342531,0.8927501970055162,0.9504615012635576,0.725354609929078
frequency_resolution_grid,phase,8,4,0.2,False,,2,24,0.3280840295661238,0.8991627265563436,0.9532457076911385,0.7244680851063829
frequency_resolution_grid,phase,8,4,0.2,False,,2,25,0.3136970119273409,0.9037825059101655,0.962774344116238,0.7234929078014184
frequency_resolution_grid,phase,8,4,0.2,False,,2,26,0.2989970036150434,0.9083530338849488,0.9764357581628975,0.7254432624113475
frequency_resolution_grid,phase,8,4,0.2,False,,2,27,0.2860607859748287,0.9126477541371159,0.9834578015280108,0.7212765957446808
frequency_resolution_grid,phase,8,4,0.2,False,,2,28,0.2723481884732596,0.9176319936958235,0.985000419658972,0.7227836879432624
frequency_resolution_grid,phase,8,4,0.2,False,,2,29,0.25975580666363945,0.92102048857368,0.9897251519751041,0.7222517730496454
frequency_resolution_grid,phase,8,4,0.2,False,,2,30,0.2469834275185545,0.9251576044129236,1.0098324814586774,0.7205673758865249
frequency_resolution_grid,phase,8,4,0.2,False,,2,31,0.23760327424845235,0.9282111899133175,1.0184214241115759,0.7209219858156029
frequency_resolution_grid,phase,8,4,0.2,False,,2,32,0.22601721093023358,0.9327817178881008,1.0300660631335374,0.7206560283687943
frequency_resolution_grid,phase,8,4,0.2,False,,2,33,0.2160364617363875,0.9361111111111111,1.035603086576394,0.7190602836879433
frequency_resolution_grid,phase,8,4,0.2,False,,2,34,0.20617146815156448,0.9400019700551615,1.0440339704354604,0.7208333333333333
frequency_resolution_grid,phase,8,4,0.2,False,,2,35,0.19787033169733623,0.9414598108747045,1.05155564605767,0.7215425531914894
frequency_resolution_grid,phase,8,6,0.2,False,,0,1,2.830876458583618,0.29083924349881796,2.390402592327578,0.3932624113475177
frequency_resolution_grid,phase,8,6,0.2,False,,0,2,2.080185585326337,0.46254925137903863,1.8528820704061089,0.511968085106383
frequency_resolution_grid,phase,8,6,0.2,False,,0,3,1.611556403631296,0.567543341213554,1.5219157794688611,0.5806737588652482
frequency_resolution_grid,phase,8,6,0.2,False,,0,4,1.312249008382372,0.6358451536643026,1.3178165136499609,0.627127659574468
frequency_resolution_grid,phase,8,6,0.2,False,,0,5,1.1220938442258783,0.6806146572104019,1.1929257847738604,0.6571808510638298
frequency_resolution_grid,phase,8,6,0.2,False,,0,6,0.9966217597701401,0.7100866824271079,1.1099590620673294,0.6759751773049646
frequency_resolution_grid,phase,8,6,0.2,False,,0,7,0.9001820380712138,0.735155634357762,1.0538098735166779,0.6909574468085107
frequency_resolution_grid,phase,8,6,0.2,False,,0,8,0.8241137316886414,0.7543341213553979,1.0216578440463289,0.6960106382978724
frequency_resolution_grid,phase,8,6,0.2,False,,0,9,0.760955562076764,0.7716213553979512,0.9983656827439653,0.699468085106383
frequency_resolution_grid,phase,8,6,0.2,False,,0,10,0.7080155904411424,0.784978329393223,0.9754304928137055,0.7089539007092198
frequency_resolution_grid,phase,8,6,0.2,False,,0,11,0.6590045126523438,0.7987884160756501,0.94896274065295,0.714627659574468
frequency_resolution_grid,phase,8,6,0.2,False,,0,12,0.6174020949360702,0.810372340425532,0.9394480355242465,0.7169326241134751
frequency_resolution_grid,phase,8,6,0.2,False,,0,13,0.5818218297710374,0.8197301024428684,0.9351771435416336,0.7197695035460993
frequency_resolution_grid,phase,8,6,0.2,False,,0,14,0.5494045082840795,0.828408195429472,0.9346832367545324,0.7191489361702128
frequency_resolution_grid,phase,8,6,0.2,False,,0,15,0.5178782496985909,0.8386918833727345,0.9396659785128655,0.7179078014184397
frequency_resolution_grid,phase,8,6,0.2,False,,0,16,0.4904170985105378,0.845488573680063,0.9392169419755327,0.7196808510638298
frequency_resolution_grid,phase,8,6,0.2,False,,0,17,0.465685806958294,0.8531126871552404,0.940692240633863,0.7226950354609929
frequency_resolution_grid,phase,8,6,0.2,False,,0,18,0.4406271714972548,0.8600965327029156,0.9427003909510078,0.7218971631205674
frequency_resolution_grid,phase,8,6,0.2,False,,0,19,0.417060741145748,0.8679669030732861,0.9456867028635444,0.7229609929078015
frequency_resolution_grid,phase,8,6,0.2,False,,0,20,0.3969691917640755,0.8737884160756502,0.949284802007337,0.724113475177305
frequency_resolution_grid,phase,8,6,0.2,False,,0,21,0.37728216007434073,0.8801812450748621,0.9568211918181562,0.7259751773049645
frequency_resolution_grid,phase,8,6,0.2,False,,0,22,0.35954991326358393,0.8856087470449172,0.9745539130894005,0.7204787234042553
frequency_resolution_grid,phase,8,6,0.2,False,,0,23,0.34313063646414976,0.8902777777777777,0.9794745670988204,0.7213652482269504
frequency_resolution_grid,phase,8,6,0.2,False,,0,24,0.3240142825271691,0.8968577620173365,0.986356963248963,0.7203014184397163
frequency_resolution_grid,phase,8,6,0.2,False,,0,25,0.30953911711983645,0.9016055949566588,0.9985634613544383,0.7236702127659574
frequency_resolution_grid,phase,8,6,0.2,False,,0,26,0.294781441266749,0.905860914105595,1.0118139425068038,0.7226950354609929
frequency_resolution_grid,phase,8,6,0.2,False,,0,27,0.2822828515953112,0.9107663514578408,1.0222584503762266,0.7232269503546099
frequency_resolution_grid,phase,8,6,0.2,False,,0,28,0.26872722761921286,0.9143518518518519,1.0273067967266056,0.725354609929078
frequency_resolution_grid,phase,8,6,0.2,False,,0,29,0.25639634491234337,0.9183904649330181,1.0472545763279528,0.7181737588652483
frequency_resolution_grid,phase,8,6,0.2,False,,0,30,0.244058541109282,0.9229511426319937,1.0544472650433263,0.7187943262411347
frequency_resolution_grid,phase,8,6,0.2,False,,0,31,0.23212649716083417,0.9268026004728133,1.0695547343991327,0.7195921985815603
frequency_resolution_grid,phase,8,6,0.2,False,,0,32,0.22279823746523394,0.9299054373522458,1.0799130228394311,0.7211879432624113
frequency_resolution_grid,phase,8,6,0.2,False,,0,33,0.2120844725093755,0.9335007880220646,1.090140803993171,0.7200354609929078
frequency_resolution_grid,phase,8,6,0.2,False,,0,34,0.2029247375221305,0.9373916469661151,1.1013133505557446,0.7190602836879433
frequency_resolution_grid,phase,8,6,0.2,False,,0,35,0.1923122698251801,0.9405634357762017,1.11184933270123,0.7156914893617021
frequency_resolution_grid,phase,8,6,0.2,False,,1,1,2.8232720519352186,0.28978526398739163,2.388980023404385,0.3891843971631206
frequency_resolution_grid,phase,8,6,0.2,False,,1,2,2.054108771345952,0.4676910953506698,1.8548886610261093,0.5089539007092199
frequency_resolution_grid,phase,8,6,0.2,False,,1,3,1.6065611878936923,0.5666272655634358,1.5346615092974183,0.5804964539007093
frequency_resolution_grid,phase,8,6,0.2,False,,1,4,1.3203591473934875,0.6334909377462569,1.3276023590818364,0.6260638297872341
frequency_resolution_grid,phase,8,6,0.2,False,,1,5,1.1303290538472206,0.6783490937746257,1.2006761190739084,0.6536347517730496
frequency_resolution_grid,phase,8,6,0.2,False,,1,6,0.9978681730040422,0.7117119779353822,1.1282709336449914,0.6695921985815603
frequency_resolution_grid,phase,8,6,0.2,False,,1,7,0.9003854801374875,0.7340622537431049,1.066853985211528,0.687145390070922
frequency_resolution_grid,phase,8,6,0.2,False,,1,8,0.8244039210115858,0.7536544523246651,1.0266489935259446,0.6952127659574469
frequency_resolution_grid,phase,8,6,0.2,False,,1,9,0.7608017329252827,0.770705279747833,0.9993432479547271,0.7026595744680851
frequency_resolution_grid,phase,8,6,0.2,False,,1,10,0.7073863170201428,0.7857368006304176,0.9673448398603616,0.711081560283688
frequency_resolution_grid,phase,8,6,0.2,False,,1,11,0.6609709254863039,0.7978033884948779,0.9596629352434307,0.7155141843971631
frequency_resolution_grid,phase,8,6,0.2,False,,1,12,0.6201696278801858,0.8088455476753349,0.9450448129194002,0.7170212765957447
frequency_resolution_grid,phase,8,6,0.2,False,,1,13,0.5833927971063588,0.8192178881008668,0.936002571701158,0.7224290780141844
frequency_resolution_grid,phase,8,6,0.2,False,,1,14,0.5500516113941832,0.8289302600472813,0.9371514176646023,0.7236702127659574
frequency_resolution_grid,phase,8,6,0.2,False,,1,15,0.5197128402519827,0.8369779353821907,0.9346107667219554,0.7240248226950354
frequency_resolution_grid,phase,8,6,0.2,False,,1,16,0.49232470110892496,0.845488573680063,0.9313807654888072,0.7218085106382979
frequency_resolution_grid,phase,8,6,0.2,False,,1,17,0.4667726238474684,0.8526792750197005,0.9335446195399507,0.7265957446808511
frequency_resolution_grid,phase,8,6,0.2,False,,1,18,0.4423734728654977,0.8593183609141056,0.9361124482560665,0.7277482269503546
frequency_resolution_grid,phase,8,6,0.2,False,,1,19,0.4194680609742519,0.8672281323877069,0.9410062280952508,0.7278368794326241
frequency_resolution_grid,phase,8,6,0.2,False,,1,20,0.3990338073789463,0.8730693459416864,0.9504149937460609,0.7287234042553191
frequency_resolution_grid,phase,8,6,0.2,False,,1,21,0.377939701963354,0.8779944838455477,0.9647698907141989,0.7238475177304965
frequency_resolution_grid,phase,8,6,0.2,False,,1,22,0.3592042728236945,0.8846434200157605,0.9676534091327207,0.7265070921985816
frequency_resolution_grid,phase,8,6,0.2,False,,1,23,0.3411435548013547,0.8914598108747045,0.9781462392908462,0.7263297872340425
frequency_resolution_grid,phase,8,6,0.2,False,,1,24,0.325163368459195,0.895596926713948,0.9740342327888976,0.7285460992907802
frequency_resolution_grid,phase,8,6,0.2,False,,1,25,0.30898963978574256,0.9013691883372734,0.9915040593620733,0.7305851063829787
frequency_resolution_grid,phase,8,6,0.2,False,,1,26,0.2958482727983789,0.9047970843183609,1.0076917558697098,0.7239361702127659
frequency_resolution_grid,phase,8,6,0.2,False,,1,27,0.2800752044898304,0.9103920409771473,1.015107380836568,0.7262411347517731
frequency_resolution_grid,phase,8,6,0.2,False,,1,28,0.26718296727578034,0.9144996059889677,1.0314083845902842,0.7211879432624113
frequency_resolution_grid,phase,8,6,0.2,False,,1,29,0.2536540134837066,0.9207840819542947,1.0442959675552153,0.7227836879432624
frequency_resolution_grid,phase,8,6,0.2,False,,1,30,0.24359949360549496,0.9220055161544524,1.050758857760869,0.7273936170212766
frequency_resolution_grid,phase,8,6,0.2,False,,1,31,0.23245319692143498,0.9262805358550039,1.0712515809857253,0.7211879432624113
frequency_resolution_grid,phase,8,6,0.2,False,,1,32,0.22077263365870295,0.9297773837667455,1.0747233015425661,0.7224290780141844
frequency_resolution_grid,phase,8,6,0.2,False,,1,33,0.20983532186659234,0.9347222222222222,1.0894801126304248,0.7201241134751774
frequency_resolution_grid,phase,8,6,0.2,False,,1,34,0.20093525075085808,0.9369286840031521,1.0982028367671561,0.7226950354609929
frequency_resolution_grid,phase,8,6,0.2,False,,1,35,0.19035525600491215,0.9411840031520883,1.1148439726930983,0.7247340425531915
frequency_resolution_grid,phase,8,6,0.2,False,,2,1,2.8215618277084555,0.29550827423167847,2.3766002563720052,0.3949468085106383
frequency_resolution_grid,phase,8,6,0.2,False,,2,2,2.03626594301093,0.47144405043341214,1.8439087724009304,0.5078014184397163
frequency_resolution_grid,phase,8,6,0.2,False,,2,3,1.580285256861513,0.5748522458628842,1.5138824922818663,0.5827127659574468
frequency_resolution_grid,phase,8,6,0.2,False,,2,4,1.3047505618456878,0.6395488573680063,1.3297497581928335,0.62677304964539
frequency_resolution_grid,phase,8,6,0.2,False,,2,5,1.1206329777825057,0.6822202521670607,1.21843679669901,0.6461879432624114
frequency_resolution_grid,phase,8,6,0.2,False,,2,6,0.9880368148087516,0.7129531126871552,1.1392387029972482,0.6698581560283688
frequency_resolution_grid,phase,8,6,0.2,False,,2,7,0.8874044625941367,0.7377364066193853,1.0783036819586518,0.6818262411347518
frequency_resolution_grid,phase,8,6,0.2,False,,2,8,0.8113848574712015,0.7566587864460205,1.0296618443008856,0.6955673758865248
frequency_resolution_grid,phase,8,6,0.2,False,,2,9,0.7460587233986039,0.7740346729708432,1.0018274230314486,0.7020390070921986
frequency_resolution_grid,phase,8,6,0.2,False,,2,10,0.6916481010551242,0.7886524822695036,0.9749225416082017,0.7108156028368794
frequency_resolution_grid,phase,8,6,0.2,False,,2,11,0.6428734644460715,0.8034278959810874,0.9609360609494203,0.7158687943262412
frequency_resolution_grid,phase,8,6,0.2,False,,2,12,0.6012141570272739,0.8131993695823483,0.9456927903155063,0.7202127659574468
frequency_resolution_grid,phase,8,6,0.2,False,,2,13,0.5639615917553387,0.8247340425531915,0.9509911986952978,0.7215425531914894
frequency_resolution_grid,phase,8,6,0.2,False,,2,14,0.5307008806225632,0.834091804570528,0.945649457654209,0.7229609929078015
frequency_resolution_grid,phase,8,6,0.2,False,,2,15,0.498433383831929,0.8438731284475965,0.9424450980856064,0.7235815602836879
frequency_resolution_grid,phase,8,6,0.2,False,,2,16,0.47088154562821627,0.8520685579196218,0.9364762196304105,0.7270390070921986
frequency_resolution_grid,phase,8,6,0.2,False,,2,17,0.44483199548871616,0.8592395587076438,0.9409657211591166,0.725886524822695
frequency_resolution_grid,phase,8,6,0.2,False,,2,18,0.42069354656646346,0.8677797478329393,0.9444131435231959,0.7261524822695036
frequency_resolution_grid,phase,8,6,0.2,False,,2,19,0.3983586647174225,0.8747832939322301,0.9458350776780582,0.7259751773049645
frequency_resolution_grid,phase,8,6,0.2,False,,2,20,0.378420352628139,0.8800334909377463,0.951359311655058,0.7282801418439716
frequency_resolution_grid,phase,8,6,0.2,False,,2,21,0.3603264510490652,0.8858550039401103,0.9625703876745616,0.7273936170212766
frequency_resolution_grid,phase,8,6,0.2,False,,2,22,0.3410347044233077,0.8915287628053585,0.9742826197164278,0.7230496453900709
frequency_resolution_grid,phase,8,6,0.2,False,,2,23,0.3243242879004061,0.8960500394011033,0.9795673074451744,0.7269503546099291
frequency_resolution_grid,phase,8,6,0.2,False,,2,24,0.30942413232240085,0.9019011032308905,0.9920650852487443,0.7234929078014184
frequency_resolution_grid,phase,8,6,0.2,False,,2,25,0.29511455208462367,0.9056048069345942,1.0029805093792314,0.7201241134751774
frequency_resolution_grid,phase,8,6,0.2,False,,2,26,0.27889669507483594,0.9112785657998423,1.01464334853152,0.723758865248227
frequency_resolution_grid,phase,8,6,0.2,False,,2,27,0.2655721392097954,0.9159180457052798,1.0279779683613608,0.7217198581560283
frequency_resolution_grid,phase,8,6,0.2,False,,2,28,0.2534265967501346,0.920065011820331,1.0321490203235166,0.7216312056737588
frequency_resolution_grid,phase,8,6,0.2,False,,2,29,0.2402484954201959,0.9237293144208037,1.0479072185272866,0.7227836879432624
frequency_resolution_grid,phase,8,6,0.2,False,,2,30,0.22907612169700123,0.9275906225374311,1.0641595824390437,0.7203900709219858
frequency_resolution_grid,phase,8,6,0.2,False,,2,31,0.21944641351136193,0.9305654058313633,1.0702368371875575,0.7210992907801419
frequency_resolution_grid,phase,8,6,0.2,False,,2,32,0.208979427921927,0.9343380614657211,1.0915683127464133,0.7257978723404256
frequency_resolution_grid,phase,8,6,0.2,False,,2,33,0.19769895703798207,0.9387017336485421,1.1026038792116422,0.7215425531914894
frequency_resolution_grid,phase,8,6,0.2,False,,2,34,0.1884012271608303,0.94126280535855,1.1155682054817253,0.725531914893617
frequency_resolution_grid,phase,8,6,0.2,False,,2,35,0.17970945704772398,0.9451241134751773,1.1258507852013229,0.7220744680851063
frequency_resolution_grid,phase,8,8,0.2,False,,0,1,2.813944795546896,0.29213947990543737,2.4755914363455265,0.36861702127659574
frequency_resolution_grid,phase,8,8,0.2,False,,0,2,2.194260928196828,0.4363376674546887,1.9776357021737605,0.49024822695035464
frequency_resolution_grid,phase,8,8,0.2,False,,0,3,1.7412882804870606,0.5386327817178881,1.6419148852639165,0.5523049645390071
frequency_resolution_grid,phase,8,8,0.2,False,,0,4,1.4156062305772088,0.6119385342789598,1.393738174353931,0.6107269503546099
frequency_resolution_grid,phase,8,8,0.2,False,,0,5,1.2012206116466657,0.6607860520094563,1.257019897090628,0.6372340425531915
frequency_resolution_grid,phase,8,8,0.2,False,,0,6,1.0631239687109482,0.6920606776989756,1.1662161869782928,0.6625886524822695
frequency_resolution_grid,phase,8,8,0.2,False,,0,7,0.9615412493030137,0.719178486997636,1.1158031928623822,0.6728723404255319
frequency_resolution_grid,phase,8,8,0.2,False,,0,8,0.8831865833724363,0.7374408983451537,1.0756672794091786,0.6785460992907801
frequency_resolution_grid,phase,8,8,0.2,False,,0,9,0.8180535871462149,0.7546394799054373,1.0502898572184516,0.687677304964539
frequency_resolution_grid,phase,8,8,0.2,False,,0,10,0.7615137403268717,0.769956658786446,1.0152447783355172,0.6955673758865248
frequency_resolution_grid,phase,8,8,0.2,False,,0,11,0.7113506283884071,0.7830181245074862,0.9931938245786843,0.7072695035460993
frequency_resolution_grid,phase,8,8,0.2,False,,0,12,0.6679346289476886,0.7947596532702915,0.983276097825233,0.7073581560283688
frequency_resolution_grid,phase,8,8,0.2,False,,0,13,0.6276522890707937,0.8054472025216706,0.9693011918389205,0.711968085106383
frequency_resolution_grid,phase,8,8,0.2,False,,0,14,0.5918988185336592,0.8161544523246651,0.9673971287747647,0.7138297872340426
frequency_resolution_grid,phase,8,8,0.2,False,,0,15,0.5593701159230736,0.8246355397951143,0.9613241442129121,0.7113475177304964
frequency_resolution_grid,phase,8,8,0.2,False,,0,16,0.5276589772567869,0.8330181245074862,0.9498134976160442,0.7187056737588653
frequency_resolution_grid,phase,8,8,0.2,False,,0,17,0.5009412720975582,0.8421591804570528,0.9568799810206636,0.7180851063829787
frequency_resolution_grid,phase,8,8,0.2,False,,0,18,0.47237433509811627,0.8497635933806147,0.955625578190418,0.7250886524822695
frequency_resolution_grid,phase,8,8,0.2,False,,0,19,0.44866751911510533,0.857279353821907,0.9565365552902222,0.7195035460992908
frequency_resolution_grid,phase,8,8,0.2,False,,0,20,0.42466055594437513,0.8637017336485422,0.9719858243955788,0.7184397163120567
frequency_resolution_grid,phase,8,8,0.2,False,,0,21,0.4035352110580913,0.8698089046493301,0.9720403628146395,0.7254432624113475
frequency_resolution_grid,phase,8,8,0.2,False,,0,22,0.38452034205127833,0.8764282899921197,0.9750069845230022,0.7252659574468086
frequency_resolution_grid,phase,8,8,0.2,False,,0,23,0.36291479977498003,0.8828211189913318,0.9830001867409294,0.7213652482269504
frequency_resolution_grid,phase,8,8,0.2,False,,0,24,0.34649984777396453,0.8881993695823484,0.990927554614155,0.7220744680851063
frequency_resolution_grid,phase,8,8,0.2,False,,0,25,0.32958464135890686,0.8941587864460205,1.002127474039159,0.7233156028368795
frequency_resolution_grid,phase,8,8,0.2,False,,0,26,0.3150561801554933,0.8980791962174941,1.0019724098503167,0.7271276595744681
frequency_resolution_grid,phase,8,8,0.2,False,,0,27,0.29785679905690765,0.904156816390859,1.019515046752091,0.722872340425532
frequency_resolution_grid,phase,8,8,0.2,False,,0,28,0.284786902355152,0.9075157604412923,1.0265217036220198,0.7213652482269504
frequency_resolution_grid,phase,8,8,0.2,False,,0,29,0.2707777286158292,0.9125886524822695,1.0466414966904525,0.7171985815602837
frequency_resolution_grid,phase,8,8,0.2,False,,0,30,0.2581013441649453,0.9171099290780141,1.0556711106858354,0.7221631205673759
frequency_resolution_grid,phase,8,8,0.2,False,,0,31,0.24435758425364634,0.9219070133963752,1.071980626151917,0.7184397163120567
frequency_resolution_grid,phase,8,8,0.2,False,,0,32,0.23320499622417867,0.9252068557919622,1.095419052898461,0.7185283687943262
frequency_resolution_grid,phase,8,8,0.2,False,,0,33,0.222719454886267,0.9288022064617809,1.1173621909838196,0.7148936170212766
frequency_resolution_grid,phase,8,8,0.2,False,,0,34,0.2126647069240011,0.932279353821907,1.118341700743276,0.7180851063829787
frequency_resolution_grid,phase,8,8,0.2,False,,0,35,0.20265540318333136,0.9352935382190701,1.1338939421565821,0.7160460992907801
frequency_resolution_grid,phase,8,8,0.2,False,,1,1,2.8109785198695647,0.2904058313632782,2.4915280260938277,0.3703014184397163
frequency_resolution_grid,phase,8,8,0.2,False,,1,2,2.1819462340304567,0.4387115839243499,2.004522740587275,0.48014184397163123
frequency_resolution_grid,phase,8,8,0.2,False,,1,3,1.733486331721006,0.5381205673758865,1.6516397586105562,0.5532801418439717
frequency_resolution_grid,phase,8,8,0.2,False,,1,4,1.4144686890550258,0.6109042553191489,1.394969404166472,0.6093971631205674
frequency_resolution_grid,phase,8,8,0.2,False,,1,5,1.1935179416169512,0.6618104806934594,1.2481394236814891,0.6415780141843972
frequency_resolution_grid,phase,8,8,0.2,False,,1,6,1.0524923624627884,0.6958333333333333,1.1690296928933326,0.6604609929078015
frequency_resolution_grid,phase,8,8,0.2,False,,1,7,0.9523225980071781,0.720488573680063,1.1043806015176976,0.6758865248226951
frequency_resolution_grid,phase,8,8,0.2,False,,1,8,0.8719178169331652,0.740730890464933,1.0556355567688638,0.6865248226950355
frequency_resolution_grid,phase,8,8,0.2,False,,1,9,0.8054666257825209,0.7578014184397163,1.0270166077512375,0.6944148936170212
frequency_resolution_grid,phase,8,8,0.2,False,,1,10,0.7488923998119513,0.773118597320725,1.000856366478805,0.701418439716312
frequency_resolution_grid,phase,8,8,0.2,False,,1,11,0.7003944186735942,0.7856875492513791,0.9814910660398767,0.7054078014184397
frequency_resolution_grid,phase,8,8,0.2,False,,1,12,0.6569827522791869,0.7967297084318361,0.96742284991217,0.7086879432624114
frequency_resolution_grid,phase,8,8,0.2,False,,1,13,0.6179747654285085,0.8087765957446809,0.9608280784694861,0.714627659574468
frequency_resolution_grid,phase,8,8,0.2,False,,1,14,0.5828645388942896,0.8176910953506699,0.9505188009840377,0.7156028368794326
frequency_resolution_grid,phase,8,8,0.2,False,,1,15,0.5506782974757202,0.8273345153664302,0.9439390275495272,0.7189716312056738
frequency_resolution_grid,phase,8,8,0.2,False,,1,16,0.5218994029212694,0.8350177304964539,0.9281328910208763,0.7236702127659574
frequency_resolution_grid,phase,8,8,0.2,False,,1,17,0.49402628232401313,0.8434692671394799,0.9342208312758318,0.7275709219858156
frequency_resolution_grid,phase,8,8,0.2,False,,1,18,0.4672667905136391,0.8503152088258471,0.9357325833739963,0.724290780141844
frequency_resolution_grid,phase,8,8,0.2,False,,1,19,0.44408274459218866,0.8583136327817179,0.9387461951438417,0.7245567375886525
frequency_resolution_grid,phase,8,8,0.2,False,,1,20,0.42061859360823395,0.8649822695035461,0.9438438895746326,0.7254432624113475
frequency_resolution_grid,phase,8,8,0.2,False,,1,21,0.40164335425957814,0.8690504334121355,0.9483723309023161,0.7263297872340425
frequency_resolution_grid,phase,8,8,0.2,False,,1,22,0.3799218500947464,0.8777876280535855,0.9583271000402194,0.7211879432624113
frequency_resolution_grid,phase,8,8,0.2,False,,1,23,0.36351533726597507,0.8825945626477542,0.9693604618522292,0.726063829787234
frequency_resolution_grid,phase,8,8,0.2,False,,1,24,0.3443722664088692,0.8875098502758078,0.9762669126192729,0.7243794326241135
frequency_resolution_grid,phase,8,8,0.2,False,,1,25,0.3268689913576846,0.8938041765169424,0.9903881219261927,0.725531914893617
frequency_resolution_grid,phase,8,8,0.2,False,,1,26,0.31146271076138515,0.8983944050433412,1.0035180165412578,0.7243794326241135
frequency_resolution_grid,phase,8,8,0.2,False,,1,27,0.29557148666246563,0.9043242710795902,1.0104411079528484,0.7277482269503546
frequency_resolution_grid,phase,8,8,0.2,False,,1,28,0.27979637346838854,0.9089440504334121,1.0200314999894893,0.7304964539007093
frequency_resolution_grid,phase,8,8,0.2,False,,1,29,0.26719151203490504,0.9138888888888889,1.0364658439835759,0.7243794326241135
frequency_resolution_grid,phase,8,8,0.2,False,,1,30,0.2546722452033684,0.917366036249015,1.0493721272928496,0.725531914893617
frequency_resolution_grid,phase,8,8,0.2,False,,1,31,0.2411700094046792,0.9226457840819543,1.0690100418760422,0.723758865248227
frequency_resolution_grid,phase,8,8,0.2,False,,1,32,0.22991110211380641,0.9258274231678487,1.0755263067306355,0.7243794326241135
frequency_resolution_grid,phase,8,8,0.2,False,,1,33,0.21870390818732474,0.9301812450748621,1.0955748540289858,0.7240248226950354
frequency_resolution_grid,phase,8,8,0.2,False,,1,34,0.20793029454113274,0.9342100078802207,1.1039091535493837,0.7226950354609929
frequency_resolution_grid,phase,8,8,0.2,False,,1,35,0.19977743561292277,0.9365543735224586,1.133726369150987,0.7212765957446808
frequency_resolution_grid,phase,8,8,0.2,False,,2,1,2.808048672371722,0.29405043341213555,2.4936196239282054,0.3625
frequency_resolution_grid,phase,8,8,0.2,False,,2,2,2.195836666364948,0.4348108747044917,2.039337191006816,0.46702127659574466
frequency_resolution_grid,phase,8,8,0.2,False,,2,3,1.7471415701957083,0.5377561071710008,1.6612489610699053,0.5459219858156028
frequency_resolution_grid,phase,8,8,0.2,False,,2,4,1.4080015958811563,0.6132584712371947,1.4081492569429654,0.6023049645390071
frequency_resolution_grid,phase,8,8,0.2,False,,2,5,1.18734094162829,0.6638790386130812,1.2713702649934917,0.6335992907801419
frequency_resolution_grid,phase,8,8,0.2,False,,2,6,1.0462774878698038,0.697123719464145,1.183999772021111,0.6558510638297872
frequency_resolution_grid,phase,8,8,0.2,False,,2,7,0.9486811023231939,0.7218577620173365,1.130102705617323,0.6648049645390071
frequency_resolution_grid,phase,8,8,0.2,False,,2,8,0.8722460164058106,0.740799842395587,1.0858855732789277,0.6802304964539007
frequency_resolution_grid,phase,8,8,0.2,False,,2,9,0.8071709826295069,0.757279353821907,1.0467673084414597,0.6919326241134752
frequency_resolution_grid,phase,8,8,0.2,False,,2,10,0.7512790528501085,0.7725571315996848,1.0219471386983885,0.698758865248227
frequency_resolution_grid,phase,8,8,0.2,False,,2,11,0.700194399280751,0.78650512214342,1.0038299767683583,0.700354609929078
frequency_resolution_grid,phase,8,8,0.2,False,,2,12,0.6565216128989596,0.797655634357762,0.9867197649698731,0.7073581560283688
frequency_resolution_grid,phase,8,8,0.2,False,,2,13,0.6183276525156248,0.808559889676911,0.9787024519122238,0.7072695035460993
frequency_resolution_grid,phase,8,8,0.2,False,,2,14,0.5811950160162574,0.819710401891253,0.9638454543783309,0.712322695035461
frequency_resolution_grid,phase,8,8,0.2,False,,2,15,0.5466822210121004,0.8284672970843183,0.9645085150468434,0.7143617021276596
frequency_resolution_grid,phase,8,8,0.2,False,,2,16,0.5186620140939927,0.8357663514578408,0.9646452149600847,0.7165780141843971
frequency_resolution_grid,phase,8,8,0.2,False,,2,17,0.4898035625663679,0.8450256107171,0.9613142706823687,0.7168439716312057
frequency_resolution_grid,phase,8,8,0.2,False,,2,18,0.4639672898231669,0.8527285263987392,0.9705250057768314,0.7195035460992908
frequency_resolution_grid,phase,8,8,0.2,False,,2,19,0.4427513373377194,0.8582249802994484,0.9653414888584867,0.7203900709219858
frequency_resolution_grid,phase,8,8,0.2,False,,2,20,0.4199167533452535,0.8645981087470449,0.9756221980913311,0.7195035460992908
frequency_resolution_grid,phase,8,8,0.2,False,,2,21,0.39914606772979666,0.870843183609141,0.9743405862902919,0.7226063829787234
frequency_resolution_grid,phase,8,8,0.2,False,,2,22,0.38073573221457674,0.8763396375098502,0.9946448350629062,0.7157801418439717
frequency_resolution_grid,phase,8,8,0.2,False,,2,23,0.36098737102779843,0.8823581560283688,1.0027576293082947,0.7200354609929078
frequency_resolution_grid,phase,8,8,0.2,False,,2,24,0.344849390763763,0.8880910165484633,1.002688515397674,0.7199468085106383
frequency_resolution_grid,phase,8,8,0.2,False,,2,25,0.3276317265979693,0.8926122931442081,1.0119975623509563,0.7180851063829787
frequency_resolution_grid,phase,8,8,0.2,False,,2,26,0.3109688858238142,0.899537037037037,1.0303163871486136,0.7163120567375887
frequency_resolution_grid,phase,8,8,0.2,False,,2,27,0.2966413878274302,0.9046394799054374,1.0449513334965874,0.714627659574468
frequency_resolution_grid,phase,8,8,0.2,False,,2,28,0.28244719951522923,0.9085697399527187,1.049549363500683,0.7120567375886525
frequency_resolution_grid,phase,8,8,0.2,False,,2,29,0.2711072264716229,0.9118006304176517,1.0657067288532325,0.7127659574468085
frequency_resolution_grid,phase,8,8,0.2,False,,2,30,0.25700738318000277,0.9157111899133176,1.0764086841902833,0.714095744680851
frequency_resolution_grid,phase,8,8,0.2,False,,2,31,0.24530631374711592,0.9208333333333333,1.0870584619594803,0.7156914893617021
frequency_resolution_grid,phase,8,8,0.2,False,,2,32,0.23415494112164323,0.9245764381402679,1.1097384780222643,0.713209219858156
frequency_resolution_grid,phase,8,8,0.2,False,,2,33,0.22177120613196968,0.9282801418439717,1.1075315624898208,0.7169326241134751
frequency_resolution_grid,phase,8,8,0.2,False,,2,34,0.21262476429918603,0.9315307328605201,1.1410678371047298,0.7179964539007092
frequency_resolution_grid,phase,8,8,0.2,False,,2,35,0.2018302506189632,0.9356875492513791,1.1443781952380288,0.7142730496453901
frequency_resolution_grid,phase,8,12,0.2,False,,0,1,2.662352783422568,0.32947202521670604,2.447284273729257,0.37828014184397163
frequency_resolution_grid,phase,8,12,0.2,False,,0,2,2.204299871446205,0.43600275807722616,1.9552522896029425,0.4969858156028369
frequency_resolution_grid,phase,8,12,0.2,False,,0,3,1.690593780655857,0.5469168636721828,1.5881394487746219,0.564627659574468
frequency_resolution_grid,phase,8,12,0.2,False,,0,4,1.3672996513105171,0.6179275019700552,1.375717264709743,0.6171099290780142
frequency_resolution_grid,phase,8,12,0.2,False,,0,5,1.174562361223478,0.6624211977935383,1.254129104073166,0.639804964539007
frequency_resolution_grid,phase,8,12,0.2,False,,0,6,1.0584810117927472,0.690730890464933,1.1970316648483277,0.6530141843971631
frequency_resolution_grid,phase,8,12,0.2,False,,0,7,0.9711599824182436,0.7130516154452324,1.1443822859872317,0.6680851063829787
frequency_resolution_grid,phase,8,12,0.2,False,,0,8,0.9025620554261925,0.7305260047281323,1.1011343427583682,0.6775709219858156
frequency_resolution_grid,phase,8,12,0.2,False,,0,9,0.8448191924579882,0.7445921985815603,1.0840735843841065,0.6858156028368795
frequency_resolution_grid,phase,8,12,0.2,False,,0,10,0.7938046626541162,0.7586485421591804,1.0613629995508398,0.6895390070921986
frequency_resolution_grid,phase,8,12,0.2,False,,0,11,0.7510770470444098,0.7696710007880221,1.0357083659645514,0.6978723404255319
frequency_resolution_grid,phase,8,12,0.2,False,,0,12,0.7083897689226766,0.7808904649330182,1.0214159856874048,0.7007978723404256
frequency_resolution_grid,phase,8,12,0.2,False,,0,13,0.6698922370624317,0.7914795114263199,1.0069915645511438,0.7066489361702127
frequency_resolution_grid,phase,8,12,0.2,False,,0,14,0.6352647898702569,0.8009554767533491,1.004889521404361,0.7046985815602836
frequency_resolution_grid,phase,8,12,0.2,False,,0,15,0.6048395971692012,0.8080378250591016,1.0023720545971648,0.7068262411347518
frequency_resolution_grid,phase,8,12,0.2,False,,0,16,0.5752695084087862,0.817119779353822,0.9964991758478449,0.7089539007092198
frequency_resolution_grid,phase,8,12,0.2,False,,0,17,0.5473448824093415,0.8240839243498818,1.0057467881669389,0.7071808510638298
frequency_resolution_grid,phase,8,12,0.2,False,,0,18,0.5206199445341214,0.83274231678487,1.005436436927065,0.7113475177304964
frequency_resolution_grid,phase,8,12,0.2,False,,0,19,0.49696833176393035,0.8400610717100079,1.0052104816791858,0.7144503546099291
frequency_resolution_grid,phase,8,12,0.2,False,,0,20,0.4717108344707647,0.8453900709219858,1.0119218323247652,0.7118794326241135
frequency_resolution_grid,phase,8,12,0.2,False,,0,21,0.45147502277431006,0.8516942474389283,1.0143652806045316,0.7170212765957447
frequency_resolution_grid,phase,8,12,0.2,False,,0,22,0.43162200937504086,0.8583333333333333,1.0310882355727202,0.7122340425531914
frequency_resolution_grid,phase,8,12,0.2,False,,0,23,0.4111694956314291,0.8634160756501182,1.0315093316930406,0.7171985815602837
frequency_resolution_grid,phase,8,12,0.2,False,,0,24,0.3943819681685961,0.868715524034673,1.0341150891696307,0.7165780141843971
frequency_resolution_grid,phase,8,12,0.2,False,,0,25,0.3762888021596874,0.8752265563435776,1.0522102659898447,0.7115248226950355
frequency_resolution_grid,phase,8,12,0.2,False,,0,26,0.35932419826140827,0.8803684003152088,1.0590737835312567,0.7182624113475178
frequency_resolution_grid,phase,8,12,0.2,False,,0,27,0.3431396999915253,0.8851162332545311,1.0767378562942465,0.7136524822695035
frequency_resolution_grid,phase,8,12,0.2,False,,0,28,0.3273636602270406,0.889844365642238,1.0757619313103088,0.7145390070921985
frequency_resolution_grid,phase,8,12,0.2,False,,0,29,0.31511704561933934,0.8932033096926714,1.0856988408252704,0.7161347517730496
frequency_resolution_grid,phase,8,12,0.2,False,,0,30,0.3001143236720158,0.8986406619385343,1.1000417997651066,0.7156914893617021
frequency_resolution_grid,phase,8,12,0.2,False,,0,31,0.2863552911296616,0.903408195429472,1.1141617065203104,0.7149822695035462
frequency_resolution_grid,phase,8,12,0.2,False,,0,32,0.2745726334099886,0.9077620173364854,1.1236300409685636,0.7136524822695035
frequency_resolution_grid,phase,8,12,0.2,False,,0,33,0.2638644431352944,0.9108550039401103,1.1437008374548974,0.712677304964539
frequency_resolution_grid,phase,8,12,0.2,False,,0,34,0.251107156046551,0.9150315208825847,1.1538893915237265,0.7140070921985816
frequency_resolution_grid,phase,8,12,0.2,False,,0,35,0.24252583357741084,0.9173364854215919,1.162732999375526,0.7181737588652483
frequency_resolution_grid,phase,8,12,0.2,False,,1,1,2.660937174142487,0.3312746256895193,2.511037190417026,0.3704787234042553
frequency_resolution_grid,phase,8,12,0.2,False,,1,2,2.2282878494713607,0.43071315996847914,2.031532725882023,0.4696808510638298
frequency_resolution_grid,phase,8,12,0.2,False,,1,3,1.7152289810097998,0.5431048069345942,1.6216700335766407,0.5629432624113475
frequency_resolution_grid,phase,8,12,0.2,False,,1,4,1.3836811837293295,0.616085500394011,1.3775291145270598,0.6153368794326242
frequency_resolution_grid,phase,8,12,0.2,False,,1,5,1.185714345846334,0.661790780141844,1.2503808846710422,0.6459219858156028
frequency_resolution_grid,phase,8,12,0.2,False,,1,6,1.0565220325081437,0.6934495665878645,1.1940526383988401,0.6538120567375887
frequency_resolution_grid,phase,8,12,0.2,False,,1,7,0.9687377769238747,0.7152285263987391,1.1203356678604235,0.675531914893617
frequency_resolution_grid,phase,8,12,0.2,False,,1,8,0.8965040415454981,0.7326438140267928,1.0813713382321892,0.686968085106383
frequency_resolution_grid,phase,8,12,0.2,False,,1,9,0.8404008169828013,0.7467986603624901,1.0607307587109558,0.6930851063829787
frequency_resolution_grid,phase,8,12,0.2,False,,1,10,0.7881661418481921,0.7603230890464933,1.0333267553478267,0.6992021276595745
frequency_resolution_grid,phase,8,12,0.2,False,,1,11,0.7407793542923563,0.7728526398739165,1.0122906735602846,0.7050531914893617
frequency_resolution_grid,phase,8,12,0.2,False,,1,12,0.6999067450715765,0.7836485421591805,0.9917896575961552,0.7112588652482269
frequency_resolution_grid,phase,8,12,0.2,False,,1,13,0.6614177679714958,0.7933412135539795,0.9829010220284158,0.7111702127659575
frequency_resolution_grid,phase,8,12,0.2,False,,1,14,0.6262955333230249,0.8029550827423168,0.9763974457767838,0.7139184397163121
frequency_resolution_grid,phase,8,12,0.2,False,,1,15,0.5962860488534631,0.8123719464144996,0.9683426136666156,0.7172872340425532
frequency_resolution_grid,phase,8,12,0.2,False,,1,16,0.5652047042493467,0.8194345941686367,0.9610484797903832,0.7160460992907801
frequency_resolution_grid,phase,8,12,0.2,False,,1,17,0.5389182841430226,0.8278959810874704,0.9569778007818452,0.723758865248227
frequency_resolution_grid,phase,8,12,0.2,False,,1,18,0.5108599886262952,0.8348601260835303,0.9551969452952662,0.725354609929078
frequency_resolution_grid,phase,8,12,0.2,False,,1,19,0.4866726231819255,0.8427107959022853,0.9599830179349751,0.7215425531914894
frequency_resolution_grid,phase,8,12,0.2,False,,1,20,0.46490827595464257,0.8484633569739952,0.9635060760991793,0.724822695035461
frequency_resolution_grid,phase,8,12,0.2,False,,1,21,0.4418782830332282,0.8558215130023641,0.9705735846614161,0.7209219858156029
frequency_resolution_grid,phase,8,12,0.2,False,,1,22,0.42299743042488186,0.8609830575256107,0.9695605256033282,0.725
frequency_resolution_grid,phase,8,12,0.2,False,,1,23,0.4030500148486866,0.8676122931442081,0.9797555274997197,0.7261524822695036
frequency_resolution_grid,phase,8,12,0.2,False,,1,24,0.3864761798470109,0.8717888100866824,0.9855470518693856,0.724822695035461
frequency_resolution_grid,phase,8,12,0.2,False,,1,25,0.36845426241462864,0.8774822695035461,0.9971700620989428,0.7252659574468086
frequency_resolution_grid,phase,8,12,0.2,False,,1,26,0.3540872005212955,0.8830870764381402,1.011342927073756,0.7222517730496454
frequency_resolution_grid,phase,8,12,0.2,False,,1,27,0.3360473372459036,0.8873719464144996,1.0121611845408771,0.7275709219858156
frequency_resolution_grid,phase,8,12,0.2,False,,1,28,0.3196976545478905,0.8933313632781718,1.0239685955622517,0.7266843971631206
frequency_resolution_grid,phase,8,12,0.2,False,,1,29,0.30603933156804836,0.8972813238770686,1.0369830477322246,0.7233156028368795
frequency_resolution_grid,phase,8,12,0.2,False,,1,30,0.2906362468375288,0.9014085894405043,1.040712587630495,0.725886524822695
frequency_resolution_grid,phase,8,12,0.2,False,,1,31,0.28030590221015744,0.9053388494877856,1.0678005639542925,0.7217198581560283
frequency_resolution_grid,phase,8,12,0.2,False,,1,32,0.26560721484763683,0.9108451536643026,1.08007336330752,0.7213652482269504
frequency_resolution_grid,phase,8,12,0.2,False,,1,33,0.2563946146209753,0.9135539795114264,1.0943475130601978,0.724290780141844
frequency_resolution_grid,phase,8,12,0.2,False,,1,34,0.2433347486035856,0.9175925925925926,1.1013989671747735,0.7207446808510638
frequency_resolution_grid,phase,8,12,0.2,False,,1,35,0.23207676763418061,0.92201536643026,1.1289701352728174,0.7201241134751774
frequency_resolution_grid,phase,8,12,0.2,False,,2,1,2.6701663875128925,0.32852639873916467,2.5053714424160356,0.36400709219858157
frequency_resolution_grid,phase,8,12,0.2,False,,2,2,2.1989979518878355,0.43887903861308114,1.988354715387872,0.48156028368794324
frequency_resolution_grid,phase,8,12,0.2,False,,2,3,1.6811151813765601,0.5514184397163121,1.5851689152683772,0.5670212765957446
frequency_resolution_grid,phase,8,12,0.2,False,,2,4,1.3576703103345806,0.6243203309692671,1.3829701257935652,0.6156914893617021
frequency_resolution_grid,phase,8,12,0.2,False,,2,5,1.1664795965167647,0.667326635145784,1.279066426195997,0.6310283687943262
frequency_resolution_grid,phase,8,12,0.2,False,,2,6,1.0487383600292102,0.695527974783294,1.1928268608472026,0.6535460992907801
frequency_resolution_grid,phase,8,12,0.2,False,,2,7,0.9584534283225418,0.7176812450748621,1.1491089539324983,0.6610815602836879
frequency_resolution_grid,phase,8,12,0.2,False,,2,8,0.8897845330813252,0.7338356973995271,1.0972079563648143,0.6812943262411347
frequency_resolution_grid,phase,8,12,0.2,False,,2,9,0.8311894618591237,0.7500394011032309,1.07434477620091,0.6890070921985816
frequency_resolution_grid,phase,8,12,0.2,False,,2,10,0.7806093330548635,0.7609929078014185,1.0512884710697417,0.6972517730496454
frequency_resolution_grid,phase,8,12,0.2,False,,2,11,0.73575240175399,0.7742119779353822,1.0400177215008026,0.6979609929078014
frequency_resolution_grid,phase,8,12,0.2,False,,2,12,0.6949251094420563,0.7848502758077226,1.0192846061490106,0.7050531914893617
frequency_resolution_grid,phase,8,12,0.2,False,,2,13,0.6598900691179707,0.7942375886524823,1.0093232186973518,0.7066489361702127
frequency_resolution_grid,phase,8,12,0.2,False,,2,14,0.6259701189044143,0.8033589440504334,1.000402199461105,0.7071808510638298
frequency_resolution_grid,phase,8,12,0.2,False,,2,15,0.5967019358613155,0.8120173364854216,1.0015857464455544,0.7102836879432625
frequency_resolution_grid,phase,8,12,0.2,False,,2,16,0.5656483797504734,0.8205870764381402,1.0038935697247795,0.711436170212766
frequency_resolution_grid,phase,8,12,0.2,False,,2,17,0.5414935579771504,0.8262411347517731,0.9964087212339361,0.7138297872340426
frequency_resolution_grid,phase,8,12,0.2,False,,2,18,0.5135124345197746,0.8344168636721828,1.0007185400800502,0.7125886524822695
frequency_resolution_grid,phase,8,12,0.2,False,,2,19,0.48919744427698253,0.8419818754925138,1.0149233624022058,0.712854609929078
frequency_resolution_grid,phase,8,12,0.2,False,,2,20,0.4653636914524532,0.8487687155240347,1.016396243267871,0.7168439716312057
frequency_resolution_grid,phase,8,12,0.2,False,,2,21,0.44360830824238,0.8540386130811662,1.0140303269768438,0.7163120567375887
frequency_resolution_grid,phase,8,12,0.2,False,,2,22,0.4235550108624782,0.8607171000788022,1.0288829505866302,0.7154255319148937
frequency_resolution_grid,phase,8,12,0.2,False,,2,23,0.40327057134832706,0.8668144208037825,1.0288985477694383,0.7183510638297872
frequency_resolution_grid,phase,8,12,0.2,False,,2,24,0.3857688085782988,0.8717789598108747,1.030341392036871,0.7187056737588653
frequency_resolution_grid,phase,8,12,0.2,False,,2,25,0.3673326219415176,0.8779649330181245,1.0505216606542573,0.7178191489361702
frequency_resolution_grid,phase,8,12,0.2,False,,2,26,0.3505829516313882,0.8830476753349094,1.0584359469143212,0.7167553191489362
frequency_resolution_grid,phase,8,12,0.2,False,,2,27,0.33253015016739157,0.8879235618597321,1.0681376343077802,0.7187056737588653
frequency_resolution_grid,phase,8,12,0.2,False,,2,28,0.31741094489657473,0.8934397163120568,1.0830537290437847,0.7176418439716312
frequency_resolution_grid,phase,8,12,0.2,False,,2,29,0.3029880154593147,0.8985224586288416,1.0894477375010228,0.7183510638297872
frequency_resolution_grid,phase,8,12,0.2,False,,2,30,0.2889901591836232,0.9022852639873916,1.1033857151126185,0.7157801418439717
frequency_resolution_grid,phase,8,12,0.2,False,,2,31,0.2765457587884673,0.9060382190701339,1.1160190645684587,0.7182624113475178
frequency_resolution_grid,phase,8,12,0.2,False,,2,32,0.263413648458801,0.9108057525610717,1.134519682412452,0.7171099290780142
frequency_resolution_grid,phase,8,12,0.2,False,,2,33,0.2508282278822199,0.9147951142631994,1.1448643183454554,0.7152482269503546
frequency_resolution_grid,phase,8,12,0.2,False,,2,34,0.2405465747553406,0.9192769897557131,1.1653614805099812,0.7159574468085106
frequency_resolution_grid,phase,8,12,0.2,False,,2,35,0.23116294169303844,0.9211780929866036,1.1764441250486577,0.7160460992907801
frequency_resolution_grid,phase,8,16,0.2,False,,0,1,2.7053956529303176,0.3225669818754925,2.755090413195022,0.3019503546099291
frequency_resolution_grid,phase,8,16,0.2,False,,0,2,2.4315104430824683,0.36967100078802206,2.015637238820394,0.462322695035461
frequency_resolution_grid,phase,8,16,0.2,False,,0,3,1.677880837393145,0.5381895193065406,1.5511973766570395,0.5602836879432624
frequency_resolution_grid,phase,8,16,0.2,False,,0,4,1.3539202801912578,0.6154649330181245,1.3658662873802456,0.6133865248226951
frequency_resolution_grid,phase,8,16,0.2,False,,0,5,1.194910430720324,0.6537234042553192,1.24551530966522,0.6422872340425532
frequency_resolution_grid,phase,8,16,0.2,False,,0,6,1.0873819507887459,0.6800531914893617,1.1897516166910211,0.6573581560283688
frequency_resolution_grid,phase,8,16,0.2,False,,0,7,1.0061452987158364,0.7012411347517731,1.1414941593264858,0.6611702127659574
frequency_resolution_grid,phase,8,16,0.2,False,,0,8,0.9441938792560117,0.715661938534279,1.1103738760271817,0.6711879432624114
frequency_resolution_grid,phase,8,16,0.2,False,,0,9,0.8852944692727428,0.7333825847123719,1.082044903775479,0.6816489361702127
frequency_resolution_grid,phase,8,16,0.2,False,,0,10,0.8370012053924814,0.7439420803782506,1.058433589698575,0.6856382978723404
frequency_resolution_grid,phase,8,16,0.2,False,,0,11,0.7933550474585465,0.7556048069345942,1.0359614623353837,0.6937056737588653
frequency_resolution_grid,phase,8,16,0.2,False,,0,12,0.7547026224029262,0.7658786446020489,1.010701063000564,0.6976950354609929
frequency_resolution_grid,phase,8,16,0.2,False,,0,13,0.7161031738381577,0.7767336485421592,0.9809076609340965,0.7071808510638298
frequency_resolution_grid,phase,8,16,0.2,False,,0,14,0.684243006326722,0.7868794326241135,0.974679419673081,0.7115248226950355
frequency_resolution_grid,phase,8,16,0.2,False,,0,15,0.6516372799497594,0.7940898345153664,0.9883628729387378,0.7085106382978723
frequency_resolution_grid,phase,8,16,0.2,False,,0,16,0.6222931228630931,0.802807328605201,0.9606738220715354,0.7162234042553192
frequency_resolution_grid,phase,8,16,0.2,False,,0,17,0.5930080321006084,0.8098108747044918,0.9700994178758445,0.7136524822695035
frequency_resolution_grid,phase,8,16,0.2,False,,0,18,0.5691243104243298,0.8181245074862096,0.9608677390619372,0.7175531914893617
frequency_resolution_grid,phase,8,16,0.2,False,,0,19,0.5470778884898968,0.8224980299448384,0.9743349706450253,0.7151595744680851
frequency_resolution_grid,phase,8,16,0.2,False,,0,20,0.525127084664795,0.8278565799842396,0.9712005757270975,0.7202127659574468
frequency_resolution_grid,phase,8,16,0.2,False,,0,21,0.5020852624054872,0.8347517730496454,0.9704173108787402,0.7164893617021276
frequency_resolution_grid,phase,8,16,0.2,False,,0,22,0.48580291584967816,0.8391154452324665,0.973730286934697,0.7216312056737588
frequency_resolution_grid,phase,8,16,0.2,False,,0,23,0.46473645516696926,0.845951536643026,0.9740086008470955,0.7218971631205674
frequency_resolution_grid,phase,8,16,0.2,False,,0,24,0.4473933191680833,0.8505417651694247,0.983635919567541,0.7189716312056738
frequency_resolution_grid,phase,8,16,0.2,False,,0,25,0.43126628160288805,0.8551319936958235,0.9881334107818333,0.722872340425532
frequency_resolution_grid,phase,8,16,0.2,False,,0,26,0.41492057278740585,0.8601457840819543,0.9948118736557927,0.7211879432624113
frequency_resolution_grid,phase,8,16,0.2,False,,0,27,0.4004537726970429,0.8631304176516943,1.0070052633048794,0.7217198581560283
frequency_resolution_grid,phase,8,16,0.2,False,,0,28,0.38360031294108754,0.868784475965327,1.0054712651469184,0.724822695035461
frequency_resolution_grid,phase,8,16,0.2,False,,0,29,0.3691039941694156,0.872941292356186,1.0369872345992015,0.7200354609929078
frequency_resolution_grid,phase,8,16,0.2,False,,0,30,0.35526263975928013,0.8774428684003152,1.0280827628382554,0.7226950354609929
frequency_resolution_grid,phase,8,16,0.2,False,,0,31,0.34451667327783164,0.8807230102442868,1.0439710830543059,0.7193262411347517
frequency_resolution_grid,phase,8,16,0.2,False,,0,32,0.3303817256827163,0.8848207249802994,1.0397387819932709,0.723404255319149
frequency_resolution_grid,phase,8,16,0.2,False,,0,33,0.3185257531743617,0.8894996059889677,1.0725441798250726,0.7160460992907801
frequency_resolution_grid,phase,8,16,0.2,False,,0,34,0.3064702684269635,0.8921296296296296,1.0767663585801497,0.7239361702127659
frequency_resolution_grid,phase,8,16,0.2,False,,0,35,0.2961267494375636,0.8958727344365642,1.0752663600952068,0.7225177304964538
frequency_resolution_grid,phase,8,16,0.2,False,,1,1,2.7246636236625172,0.3191981875492514,2.8391115716163147,0.2860815602836879
frequency_resolution_grid,phase,8,16,0.2,False,,1,2,2.4230836920140764,0.373650512214342,1.9678095770220385,0.47171985815602835
frequency_resolution_grid,phase,8,16,0.2,False,,1,3,1.6644676024938212,0.5424251379038613,1.56637545342141,0.5648936170212766
frequency_resolution_grid,phase,8,16,0.2,False,,1,4,1.35489923706949,0.615730890464933,1.370086700020107,0.610195035460993
frequency_resolution_grid,phase,8,16,0.2,False,,1,5,1.1918722697183595,0.6554373522458629,1.276433620892518,0.6345744680851064
frequency_resolution_grid,phase,8,16,0.2,False,,1,6,1.0872100708144588,0.6799546887312845,1.2309908817845878,0.6396276595744681
frequency_resolution_grid,phase,8,16,0.2,False,,1,7,1.008866608095883,0.7001379038613081,1.150586684544881,0.6638297872340425
frequency_resolution_grid,phase,8,16,0.2,False,,1,8,0.9407260619908266,0.7169621749408983,1.106446560900262,0.6740248226950355
frequency_resolution_grid,phase,8,16,0.2,False,,1,9,0.8847195071531526,0.7315504334121355,1.0874736631170232,0.6806737588652483
frequency_resolution_grid,phase,8,16,0.2,False,,1,10,0.8355778898283476,0.7433116627265564,1.063305086446992,0.6843085106382979
frequency_resolution_grid,phase,8,16,0.2,False,,1,11,0.791915585836902,0.7565504334121356,1.0238881266708915,0.6940602836879433
frequency_resolution_grid,phase,8,16,0.2,False,,1,12,0.7505867473904404,0.7682821118991332,1.0155976562635274,0.6999113475177305
frequency_resolution_grid,phase,8,16,0.2,False,,1,13,0.7152668735753653,0.7759062253743105,0.9915243327194917,0.7109042553191489
frequency_resolution_grid,phase,8,16,0.2,False,,1,14,0.6823084031624339,0.7857368006304176,0.975392668974315,0.7085992907801418
frequency_resolution_grid,phase,8,16,0.2,False,,1,15,0.6518593924265381,0.7931245074862097,0.9692621752725425,0.7129432624113475
frequency_resolution_grid,phase,8,16,0.2,False,,1,16,0.6226637207306305,0.8009554767533491,0.9571298886698189,0.7176418439716312
frequency_resolution_grid,phase,8,16,0.2,False,,1,17,0.5939845930412118,0.8095941686367218,0.9494444005032803,0.7221631205673759
frequency_resolution_grid,phase,8,16,0.2,False,,1,18,0.5684098578537422,0.8152186761229314,0.9508654703485205,0.7254432624113475
frequency_resolution_grid,phase,8,16,0.2,False,,1,19,0.5472942606589285,0.8217494089834515,0.9553493848083713,0.7186170212765958
frequency_resolution_grid,phase,8,16,0.2,False,,1,20,0.5265083799689092,0.8276103230890465,0.9475204388300578,0.7261524822695036
frequency_resolution_grid,phase,8,16,0.2,False,,1,21,0.5014571917160371,0.8350472813238771,0.9698981233522401,0.7210992907801419
frequency_resolution_grid,phase,8,16,0.2,False,,1,22,0.4828174503700671,0.8403467297084318,0.9521529679602765,0.7249113475177305
frequency_resolution_grid,phase,8,16,0.2,False,,1,23,0.464637747414005,0.8453605200945626,0.9575923302494888,0.7256205673758865
frequency_resolution_grid,phase,8,16,0.2,False,,1,24,0.4457315973638079,0.8518518518518519,0.9507705122866529,0.7313829787234043
frequency_resolution_grid,phase,8,16,0.2,False,,1,25,0.43054740645455225,0.8552009456264775,0.970163731118466,0.7274822695035461
frequency_resolution_grid,phase,8,16,0.2,False,,1,26,0.4147780211529363,0.8601654846335698,0.9723142553305795,0.7254432624113475
frequency_resolution_grid,phase,8,16,0.2,False,,1,27,0.39684757809407883,0.8653467297084318,0.9733713296288294,0.7298758865248227
frequency_resolution_grid,phase,8,16,0.2,False,,1,28,0.3833812342749702,0.8699369582348305,0.9835622380811272,0.7318262411347518
frequency_resolution_grid,phase,8,16,0.2,False,,1,29,0.36805153898454446,0.874931048069346,0.9961946521667724,0.7311170212765957
frequency_resolution_grid,phase,8,16,0.2,False,,1,30,0.3553885745570075,0.8787234042553191,0.9960231154522997,0.7328014184397164
frequency_resolution_grid,phase,8,16,0.2,False,,1,31,0.3428549439349073,0.8820823483057526,1.013093474782105,0.7316489361702128
frequency_resolution_grid,phase,8,16,0.2,False,,1,32,0.3308114813104965,0.8859535066981875,1.0093470943735001,0.7300531914893617
frequency_resolution_grid,phase,8,16,0.2,False,,1,33,0.3184662996407472,0.8893223010244287,1.0324578231108104,0.7269503546099291
frequency_resolution_grid,phase,8,16,0.2,False,,1,34,0.30927931955238325,0.89225768321513,1.0260965302058145,0.7290780141843972
frequency_resolution_grid,phase,8,16,0.2,False,,1,35,0.29537532964590685,0.8974389282899922,1.049214787432488,0.7320035460992907
frequency_resolution_grid,phase,8,16,0.2,False,,2,1,2.714018286486326,0.3213849487785658,2.8134799013746545,0.28466312056737586
frequency_resolution_grid,phase,8,16,0.2,False,,2,2,2.4040501780731645,0.3768321513002364,1.9727743689895523,0.4671099290780142
frequency_resolution_grid,phase,8,16,0.2,False,,2,3,1.645978641472434,0.5479117415287628,1.5360061975235635,0.5717198581560283
frequency_resolution_grid,phase,8,16,0.2,False,,2,4,1.3380509333689443,0.6189322301024429,1.3758535638768623,0.6079787234042553
frequency_resolution_grid,phase,8,16,0.2,False,,2,5,1.1809297791233768,0.6584909377462569,1.2947827361154218,0.6229609929078014
frequency_resolution_grid,phase,8,16,0.2,False,,2,6,1.0737055588369768,0.684446414499606,1.2014300031864897,0.650709219858156
frequency_resolution_grid,phase,8,16,0.2,False,,2,7,0.9939388088394658,0.7044621749408984,1.1682136027525503,0.6607269503546099
frequency_resolution_grid,phase,8,16,0.2,False,,2,8,0.9291054712965133,0.7204688731284477,1.1164950019924353,0.6745567375886525
frequency_resolution_grid,phase,8,16,0.2,False,,2,9,0.8729790882485602,0.7346138691883373,1.0869955830540217,0.6852836879432624
frequency_resolution_grid,phase,8,16,0.2,False,,2,10,0.8242329534345767,0.7472714736012608,1.0660977068522297,0.6884751773049645
frequency_resolution_grid,phase,8,16,0.2,False,,2,11,0.7781494278997958,0.7599389282899921,1.069988632709422,0.6879432624113475
frequency_resolution_grid,phase,8,16,0.2,False,,2,12,0.7401004175861771,0.7690405831363278,1.047264601660113,0.6935283687943262
frequency_resolution_grid,phase,8,16,0.2,False,,2,13,0.7057737422139744,0.7780141843971631,1.0204563392815016,0.7038120567375886
frequency_resolution_grid,phase,8,16,0.2,False,,2,14,0.6711580923544882,0.7871059889676911,0.9955420717279961,0.7072695035460993
frequency_resolution_grid,phase,8,16,0.2,False,,2,15,0.6409718723255786,0.7956560283687943,1.0119460244550773,0.7032801418439716
frequency_resolution_grid,phase,8,16,0.2,False,,2,16,0.6124396367980515,0.8031323877068558,0.9914010659599981,0.7138297872340426
frequency_resolution_grid,phase,8,16,0.2,False,,2,17,0.5860664753485515,0.8111209613869188,0.985023302981194,0.7153368794326241
frequency_resolution_grid,phase,8,16,0.2,False,,2,18,0.5658725705458669,0.816725768321513,0.9846314430236817,0.7163120567375887
frequency_resolution_grid,phase,8,16,0.2,False,,2,19,0.5399431360153066,0.8239558707643814,0.9834252478383112,0.7144503546099291
frequency_resolution_grid,phase,8,16,0.2,False,,2,20,0.518968149843509,0.8295508274231679,1.0006922079738996,0.7125886524822695
frequency_resolution_grid,phase,8,16,0.2,False,,2,21,0.49952847070821726,0.8347616233254531,0.9753623090314527,0.7195035460992908
frequency_resolution_grid,phase,8,16,0.2,False,,2,22,0.47868103389198896,0.840908195429472,0.9908822267613513,0.7174645390070922
frequency_resolution_grid,phase,8,16,0.2,False,,2,23,0.46004283395313295,0.8459810874704492,0.9830797812617417,0.7212765957446808
frequency_resolution_grid,phase,8,16,0.2,False,,2,24,0.44403886922801733,0.8509850275807722,0.9903458149297863,0.7212765957446808
frequency_resolution_grid,phase,8,16,0.2,False,,2,25,0.4281245095979707,0.854403073286052,1.0028539124955522,0.7215425531914894
frequency_resolution_grid,phase,8,16,0.2,False,,2,26,0.40912169585367,0.861899133175729,1.0164173732412622,0.7185283687943262
frequency_resolution_grid,phase,8,16,0.2,False,,2,27,0.39538499227746254,0.864913317572892,1.0214852357164341,0.7217198581560283
frequency_resolution_grid,phase,8,16,0.2,False,,2,28,0.38130215473114926,0.869602048857368,1.007491507175121,0.7274822695035461
frequency_resolution_grid,phase,8,16,0.2,False,,2,29,0.36441602975106596,0.8750985027580772,1.0260774843236233,0.7218971631205674
frequency_resolution_grid,phase,8,16,0.2,False,,2,30,0.35109958777378825,0.8782998423955871,1.0352429386571789,0.725
frequency_resolution_grid,phase,8,16,0.2,False,,2,31,0.33926412031535935,0.8821118991331758,1.0565374386226032,0.7196808510638298
frequency_resolution_grid,phase,8,16,0.2,False,,2,32,0.3278935813182823,0.886150512214342,1.0591547050797347,0.7257092198581561
frequency_resolution_grid,phase,8,16,0.2,False,,2,33,0.31442197748203743,0.8904058313632782,1.0778440856764502,0.7197695035460993
frequency_resolution_grid,phase,8,16,0.2,False,,2,34,0.305530035298485,0.892720646178093,1.0839296777197656,0.7231382978723404
frequency_resolution_grid,phase,8,16,0.2,False,,2,35,0.2941422025644469,0.8967100078802206,1.09909940700159,0.7185283687943262
frequency_resolution_grid,phase,12,4,0.2,False,,0,1,2.7520699945183793,0.31639085894405045,2.0867830665399,0.4577127659574468
frequency_resolution_grid,phase,12,4,0.2,False,,0,2,1.734748125489628,0.5398542159180457,1.544331504943523,0.5781914893617022
frequency_resolution_grid,phase,12,4,0.2,False,,0,3,1.3424882363671857,0.6282407407407408,1.320192354114343,0.6256205673758866
frequency_resolution_grid,phase,12,4,0.2,False,,0,4,1.1344786386211807,0.6778467297084318,1.1960885338749445,0.6557624113475178
frequency_resolution_grid,phase,12,4,0.2,False,,0,5,0.9974582264797249,0.713386524822695,1.1083381158240297,0.6740248226950355
frequency_resolution_grid,phase,12,4,0.2,False,,0,6,0.8972802863617033,0.7392139479905437,1.0528280599742916,0.6898936170212766
frequency_resolution_grid,phase,12,4,0.2,False,,0,7,0.8193221693437244,0.7590622537431048,1.0091757958662426,0.7028368794326241
frequency_resolution_grid,phase,12,4,0.2,False,,0,8,0.754202132078491,0.7753743104806935,0.9786213554811816,0.7066489361702127
frequency_resolution_grid,phase,12,4,0.2,False,,0,9,0.7001158827021894,0.7897754137115839,0.9579200767033489,0.712854609929078
frequency_resolution_grid,phase,12,4,0.2,False,,0,10,0.6543170575930247,0.8025709219858156,0.9332696357517378,0.7201241134751774
frequency_resolution_grid,phase,12,4,0.2,False,,0,11,0.6123125425561194,0.8147951142631994,0.9179876797588159,0.7268617021276595
frequency_resolution_grid,phase,12,4,0.2,False,,0,12,0.5746925089329222,0.8245862884160756,0.912632898320543,0.7268617021276595
frequency_resolution_grid,phase,12,4,0.2,False,,0,13,0.5413020462713625,0.8347320724980299,0.907702308428203,0.7278368794326241
frequency_resolution_grid,phase,12,4,0.2,False,,0,14,0.5103009214919791,0.8424645390070922,0.9046879886735416,0.7326241134751773
frequency_resolution_grid,phase,12,4,0.2,False,,0,15,0.48337623619300535,0.85099487785658,0.901824049662191,0.7301418439716312
frequency_resolution_grid,phase,12,4,0.2,False,,0,16,0.45740848288374497,0.8594956658786446,0.8976711842185217,0.7325354609929078
frequency_resolution_grid,phase,12,4,0.2,False,,0,17,0.43235913700621553,0.8663416075650118,0.9050549713855094,0.7312056737588652
frequency_resolution_grid,phase,12,4,0.2,False,,0,18,0.4095179762212755,0.8735323089046493,0.9063589725511294,0.7335106382978723
frequency_resolution_grid,phase,12,4,0.2,False,,0,19,0.39045862120798575,0.8789893617021277,0.9032797466778586,0.7313829787234043
frequency_resolution_grid,phase,12,4,0.2,False,,0,20,0.3707303635899339,0.8864657210401892,0.9139170814913216,0.7297872340425532
frequency_resolution_grid,phase,12,4,0.2,False,,0,21,0.3519086350104863,0.8915878644602049,0.9161648189979242,0.7307624113475177
frequency_resolution_grid,phase,12,4,0.2,False,,0,22,0.33664283102379716,0.8960007880220646,0.9203993760102184,0.7337765957446809
frequency_resolution_grid,phase,12,4,0.2,False,,0,23,0.31826844807212235,0.9027088258471238,0.9350145317983966,0.7281028368794327
frequency_resolution_grid,phase,12,4,0.2,False,,0,24,0.30511901961056803,0.9058313632781718,0.940506060326353,0.7304078014184398
frequency_resolution_grid,phase,12,4,0.2,False,,0,25,0.2905763675182048,0.9112982663514578,0.9500393503523887,0.7289007092198582
frequency_resolution_grid,phase,12,4,0.2,False,,0,26,0.27635462765293484,0.9157801418439716,0.9561937842808717,0.7286347517730496
frequency_resolution_grid,phase,12,4,0.2,False,,0,27,0.2638223665637985,0.9195527974783294,0.9705996987244762,0.7286347517730496
frequency_resolution_grid,phase,12,4,0.2,False,,0,28,0.25142141350664615,0.9231087470449173,0.9826622735524009,0.7283687943262411
frequency_resolution_grid,phase,12,4,0.2,False,,0,29,0.23912643358123123,0.9280043341213554,1.0004361835777338,0.7271276595744681
frequency_resolution_grid,phase,12,4,0.2,False,,0,30,0.22785771452037248,0.9313731284475966,1.0072664112486738,0.7262411347517731
frequency_resolution_grid,phase,12,4,0.2,False,,0,31,0.2174255342066429,0.9352344365642238,1.01596393644387,0.7319148936170212
frequency_resolution_grid,phase,12,4,0.2,False,,0,32,0.2075450319394622,0.9385736800630418,1.0363084978245674,0.7261524822695036
frequency_resolution_grid,phase,12,4,0.2,False,,0,33,0.19758477377154116,0.9419326241134752,1.050710015854937,0.7235815602836879
frequency_resolution_grid,phase,12,4,0.2,False,,0,34,0.18907053011716868,0.9448877068557919,1.0585223289246255,0.7256205673758865
frequency_resolution_grid,phase,12,4,0.2,False,,0,35,0.17950078349140708,0.9484830575256107,1.075109561749384,0.7216312056737588
frequency_resolution_grid,phase,12,4,0.2,False,,1,1,2.7547785189322735,0.3144306540583136,2.079641413181386,0.4643617021276596
frequency_resolution_grid,phase,12,4,0.2,False,,1,2,1.720038224619331,0.5411446020488574,1.5483130600435513,0.5783687943262411
frequency_resolution_grid,phase,12,4,0.2,False,,1,3,1.3377562111151133,0.629294720252167,1.3194000962778185,0.6335992907801419
frequency_resolution_grid,phase,12,4,0.2,False,,1,4,1.1342198443187326,0.6801319936958234,1.1943335972779185,0.6599290780141844
frequency_resolution_grid,phase,12,4,0.2,False,,1,5,1.0003253823100722,0.7126970055161544,1.112401747957189,0.6781028368794326
frequency_resolution_grid,phase,12,4,0.2,False,,1,6,0.9007035566090222,0.7384259259259259,1.0561790233808206,0.6912234042553191
frequency_resolution_grid,phase,12,4,0.2,False,,1,7,0.824797551438412,0.756353427895981,1.006111441182752,0.6997340425531915
frequency_resolution_grid,phase,12,4,0.2,False,,1,8,0.7601734507826016,0.7741430260047282,0.9752986497067391,0.7062943262411348
frequency_resolution_grid,phase,12,4,0.2,False,,1,9,0.706454556494646,0.7891745468873128,0.947897123952284,0.7163120567375887
frequency_resolution_grid,phase,12,4,0.2,False,,1,10,0.6594791604178077,0.8016449960598897,0.9268837829853626,0.7179078014184397
frequency_resolution_grid,phase,12,4,0.2,False,,1,11,0.6193298506116754,0.813317572892041,0.9217782671569933,0.7211879432624113
frequency_resolution_grid,phase,12,4,0.2,False,,1,12,0.5829346421198924,0.8243498817966903,0.9125090487459873,0.7213652482269504
frequency_resolution_grid,phase,12,4,0.2,False,,1,13,0.5498269006903478,0.8321808510638298,0.9089955673150137,0.7240248226950354
frequency_resolution_grid,phase,12,4,0.2,False,,1,14,0.5205345873573429,0.8419621749408983,0.9025331760129185,0.725886524822695
frequency_resolution_grid,phase,12,4,0.2,False,,1,15,0.49181490642428866,0.8494385342789598,0.8947566702010784,0.7302304964539007
frequency_resolution_grid,phase,12,4,0.2,False,,1,16,0.46706235656783374,0.8567080378250591,0.9008032145229637,0.7296099290780141
frequency_resolution_grid,phase,12,4,0.2,False,,1,17,0.4432255959398076,0.8630910165484633,0.9037376406344961,0.7308510638297873
frequency_resolution_grid,phase,12,4,0.2,False,,1,18,0.4214105259324736,0.8701044129235619,0.9101551378872378,0.7303191489361702
frequency_resolution_grid,phase,12,4,0.2,False,,1,19,0.40010341580126396,0.877590622537431,0.9178162766686568,0.7317375886524823
frequency_resolution_grid,phase,12,4,0.2,False,,1,20,0.37985244025575354,0.8831560283687944,0.9195266495359705,0.7330673758865248
frequency_resolution_grid,phase,12,4,0.2,False,,1,21,0.36096373773917523,0.8889282899921198,0.9319858485925282,0.7270390070921986
frequency_resolution_grid,phase,12,4,0.2,False,,1,22,0.3436991062100428,0.8940799842395587,0.9348093882520148,0.7257978723404256
frequency_resolution_grid,phase,12,4,0.2,False,,1,23,0.32734746979483476,0.899645390070922,0.9446439340604958,0.7269503546099291
frequency_resolution_grid,phase,12,4,0.2,False,,1,24,0.31237728726309616,0.9041863672182822,0.9542258501052856,0.7290780141843972
frequency_resolution_grid,phase,12,4,0.2,False,,1,25,0.2976289032198859,0.9085106382978724,0.9702713555478035,0.7226063829787234
frequency_resolution_grid,phase,12,4,0.2,False,,1,26,0.2830028422805059,0.9142434988179668,0.9707988807495604,0.7249113475177305
frequency_resolution_grid,phase,12,4,0.2,False,,1,27,0.2705975568980284,0.9178486997635934,0.9812942455846367,0.7232269503546099
frequency_resolution_grid,phase,12,4,0.2,False,,1,28,0.2564592997186103,0.9225078802206462,0.9919666791638584,0.7252659574468086
frequency_resolution_grid,phase,12,4,0.2,False,,1,29,0.24505111341686864,0.9255023640661939,0.9977917823385685,0.7259751773049645
frequency_resolution_grid,phase,12,4,0.2,False,,1,30,0.23299877290372495,0.9306442080378251,1.0090177384674126,0.7262411347517731
frequency_resolution_grid,phase,12,4,0.2,False,,1,31,0.2232082645168823,0.9338258471237194,1.0280665903226704,0.7209219858156029
frequency_resolution_grid,phase,12,4,0.2,False,,1,32,0.21348233743386535,0.9358550039401103,1.0278005133283898,0.723758865248227
frequency_resolution_grid,phase,12,4,0.2,False,,1,33,0.20233999518450083,0.9413810086682427,1.034387899121494,0.7234929078014184
frequency_resolution_grid,phase,12,4,0.2,False,,1,34,0.19365753242239603,0.9435973207249803,1.0491921834066404,0.7201241134751774
frequency_resolution_grid,phase,12,4,0.2,False,,1,35,0.1836489932005381,0.9475078802206461,1.0535769519230997,0.7250886524822695
frequency_resolution_grid,phase,12,4,0.2,False,,2,1,2.731866123884846,0.32022261623325454,2.0515717139480807,0.46445035460992906
frequency_resolution_grid,phase,12,4,0.2,False,,2,2,1.6784822649050173,0.5506501182033097,1.5262528355239977,0.5797872340425532
frequency_resolution_grid,phase,12,4,0.2,False,,2,3,1.3040999013857169,0.6360126083530339,1.3028056832915502,0.6304964539007092
frequency_resolution_grid,phase,12,4,0.2,False,,2,4,1.1071208683123637,0.6847123719464145,1.1892011707556163,0.6587765957446808
frequency_resolution_grid,phase,12,4,0.2,False,,2,5,0.975219617677167,0.7192572892040977,1.113534644647693,0.673581560283688
frequency_resolution_grid,phase,12,4,0.2,False,,2,6,0.8790206607915549,0.7426516942474389,1.055699513736346,0.6868794326241134
frequency_resolution_grid,phase,12,4,0.2,False,,2,7,0.8027519838278269,0.7627364066193854,1.0118467527923856,0.7000886524822695
frequency_resolution_grid,phase,12,4,0.2,False,,2,8,0.7402508918885832,0.7795015760441293,0.9806712581756267,0.7082446808510638
frequency_resolution_grid,phase,12,4,0.2,False,,2,9,0.6869066806080024,0.7951438140267928,0.9602258747351085,0.7141843971631205
frequency_resolution_grid,phase,12,4,0.2,False,,2,10,0.6406589728063068,0.8072301024428684,0.9422259532813485,0.714095744680851
frequency_resolution_grid,phase,12,4,0.2,False,,2,11,0.5995194994905411,0.8184889676910954,0.9326965824086615,0.7200354609929078
frequency_resolution_grid,phase,12,4,0.2,False,,2,12,0.5634736424642252,0.8276694247438928,0.9165410778201218,0.7209219858156029
frequency_resolution_grid,phase,12,4,0.2,False,,2,13,0.531200234626014,0.8360520094562648,0.9188102698495202,0.7207446808510638
frequency_resolution_grid,phase,12,4,0.2,False,,2,14,0.5024651398331843,0.8442277383766745,0.91346221849428,0.7210992907801419
frequency_resolution_grid,phase,12,4,0.2,False,,2,15,0.473856097896612,0.8526891252955082,0.9170349726440213,0.7206560283687943
frequency_resolution_grid,phase,12,4,0.2,False,,2,16,0.4488279741424759,0.8607762017336485,0.9137150881138254,0.725177304964539
frequency_resolution_grid,phase,12,4,0.2,False,,2,17,0.4265285299977888,0.8672773837667455,0.9182222998734062,0.7219858156028369
frequency_resolution_grid,phase,12,4,0.2,False,,2,18,0.40405384336896916,0.8734436564223799,0.9209611399799374,0.7218971631205674
frequency_resolution_grid,phase,12,4,0.2,False,,2,19,0.3843894792317029,0.8799940898345153,0.923959063553641,0.7254432624113475
frequency_resolution_grid,phase,12,4,0.2,False,,2,20,0.364871934378025,0.8865149724192277,0.9276876645730743,0.7266843971631206
frequency_resolution_grid,phase,12,4,0.2,False,,2,21,0.3472604319558921,0.8927698975571317,0.9387145208974257,0.7256205673758865
frequency_resolution_grid,phase,12,4,0.2,False,,2,22,0.3306763818735584,0.8972320724980299,0.949646132973069,0.7273936170212766
frequency_resolution_grid,phase,12,4,0.2,False,,2,23,0.3144701861508537,0.9024231678486998,0.9524712825497836,0.7229609929078015
frequency_resolution_grid,phase,12,4,0.2,False,,2,24,0.2990186370762433,0.9071907013396375,0.961390831538126,0.7235815602836879
frequency_resolution_grid,phase,12,4,0.2,False,,2,25,0.2834000389955474,0.9137509850275808,0.9754845451801382,0.7203900709219858
frequency_resolution_grid,phase,12,4,0.2,False,,2,26,0.27130381725640446,0.9164893617021277,0.9888827105785938,0.723404255319149
frequency_resolution_grid,phase,12,4,0.2,False,,2,27,0.25828784069411864,0.920133963750985,0.9966323618347763,0.7208333333333333
frequency_resolution_grid,phase,12,4,0.2,False,,2,28,0.24618211255663489,0.9254038613081166,1.0097763385333067,0.7215425531914894
frequency_resolution_grid,phase,12,4,0.2,False,,2,29,0.2338551052495943,0.9295311268715524,1.0123086477002354,0.7211879432624113
frequency_resolution_grid,phase,12,4,0.2,False,,2,30,0.22244094024970834,0.9331461780929866,1.0331755049685214,0.7218971631205674
frequency_resolution_grid,phase,12,4,0.2,False,,2,31,0.2136406938845572,0.9358747044917257,1.0367306723662302,0.722872340425532
frequency_resolution_grid,phase,12,4,0.2,False,,2,32,0.20290416294284652,0.9396966115051222,1.0416024897960907,0.7252659574468086
frequency_resolution_grid,phase,12,4,0.2,False,,2,33,0.19398037220804215,0.9429767533490938,1.0616508064540566,0.724645390070922
frequency_resolution_grid,phase,12,4,0.2,False,,2,34,0.18441547409839007,0.9458333333333333,1.0666502472356703,0.7204787234042553
frequency_resolution_grid,phase,12,4,0.2,False,,2,35,0.17512031140009937,0.9493991331757289,1.0754345523550155,0.7227836879432624
frequency_resolution_grid,phase,12,6,0.2,False,,0,1,3.0260098130051034,0.24561662726556344,2.6287241824129794,0.33608156028368796
frequency_resolution_grid,phase,12,6,0.2,False,,0,2,2.2868329921418797,0.4151595744680851,2.0194389936771797,0.475
frequency_resolution_grid,phase,12,6,0.2,False,,0,3,1.7094666618733447,0.5462568951930654,1.5635871697824897,0.5673758865248227
frequency_resolution_grid,phase,12,6,0.2,False,,0,4,1.3383078564425168,0.6320626477541371,1.3238444130471412,0.6314716312056737
frequency_resolution_grid,phase,12,6,0.2,False,,0,5,1.1257909253979406,0.6804964539007092,1.1764582735004154,0.6600177304964538
frequency_resolution_grid,phase,12,6,0.2,False,,0,6,0.9827166901882283,0.7163219070133964,1.0896245703629568,0.6806737588652483
frequency_resolution_grid,phase,12,6,0.2,False,,0,7,0.8820498759207338,0.7422281323877069,1.03135795386125,0.6913120567375887
frequency_resolution_grid,phase,12,6,0.2,False,,0,8,0.8032646013489851,0.7617021276595745,0.9873799812709186,0.7017730496453901
frequency_resolution_grid,phase,12,6,0.2,False,,0,9,0.7387812062827878,0.7770685579196217,0.9582380876473501,0.7100177304964539
frequency_resolution_grid,phase,12,6,0.2,False,,0,10,0.6858911982852705,0.7935086682427108,0.9379934110540025,0.7179078014184397
frequency_resolution_grid,phase,12,6,0.2,False,,0,11,0.6409028562623934,0.8047084318360914,0.9163809591996754,0.7210992907801419
frequency_resolution_grid,phase,12,6,0.2,False,,0,12,0.6002123839372345,0.8165386130811663,0.9084022233672175,0.7226063829787234
frequency_resolution_grid,phase,12,6,0.2,False,,0,13,0.5644193714861798,0.8257880220646178,0.8916278300555885,0.7304964539007093
frequency_resolution_grid,phase,12,6,0.2,False,,0,14,0.5326888427666738,0.8345744680851064,0.8906790935401375,0.7322695035460993
frequency_resolution_grid,phase,12,6,0.2,False,,0,15,0.5028796553705694,0.8434889676910954,0.8909369177006661,0.7312943262411348
frequency_resolution_grid,phase,12,6,0.2,False,,0,16,0.47539873752094236,0.8517631993695823,0.8818821226874142,0.7359929078014185
frequency_resolution_grid,phase,12,6,0.2,False,,0,17,0.45120836174140494,0.8577521670606777,0.8865755643404968,0.7375
frequency_resolution_grid,phase,12,6,0.2,False,,0,18,0.42763095938191814,0.8646867612293144,0.8851108654171017,0.739450354609929
frequency_resolution_grid,phase,12,6,0.2,False,,0,19,0.40562975077858304,0.8719858156028368,0.8910977595664086,0.7335992907801419
frequency_resolution_grid,phase,12,6,0.2,False,,0,20,0.38442050610779777,0.8783589440504335,0.8897679590164347,0.7391843971631206
frequency_resolution_grid,phase,12,6,0.2,False,,0,21,0.3661467036844427,0.8848108747044917,0.8975430261158774,0.739095744680851
frequency_resolution_grid,phase,12,6,0.2,False,,0,22,0.3482073213238712,0.8893321513002365,0.9100375292994451,0.7327127659574468
frequency_resolution_grid,phase,12,6,0.2,False,,0,23,0.3295678064144907,0.8965622537431048,0.9070530226890077,0.7348404255319149
frequency_resolution_grid,phase,12,6,0.2,False,,0,24,0.3125840664473549,0.9018223010244287,0.9194463785658491,0.7327127659574468
frequency_resolution_grid,phase,12,6,0.2,False,,0,25,0.29789940740669496,0.9053585500394011,0.929832338694985,0.7346631205673759
frequency_resolution_grid,phase,12,6,0.2,False,,0,26,0.28309385248109803,0.9107368006304176,0.9389259200569585,0.7362588652482269
frequency_resolution_grid,phase,12,6,0.2,False,,0,27,0.27098247144427046,0.9146572104018913,0.9541748142411522,0.7317375886524823
frequency_resolution_grid,phase,12,6,0.2,False,,0,28,0.257913803481229,0.9182821118991332,0.9650874628242871,0.7330673758865248
frequency_resolution_grid,phase,12,6,0.2,False,,0,29,0.24534342146887378,0.9231087470449173,0.9725196239796091,0.7296985815602837
frequency_resolution_grid,phase,12,6,0.2,False,,0,30,0.23402867785488365,0.9271276595744681,0.9790321037278953,0.7316489361702128
frequency_resolution_grid,phase,12,6,0.2,False,,0,31,0.22410407181890862,0.9298758865248227,1.0022643404649505,0.7293439716312057
frequency_resolution_grid,phase,12,6,0.2,False,,0,32,0.21166509433089511,0.9348108747044918,1.00518836527006,0.7293439716312057
frequency_resolution_grid,phase,12,6,0.2,False,,0,33,0.2028928003465453,0.9377364066193853,1.0187419637720636,0.7273936170212766
frequency_resolution_grid,phase,12,6,0.2,False,,0,34,0.1916839553625965,0.941440110323089,1.039789194080001,0.7293439716312057
frequency_resolution_grid,phase,12,6,0.2,False,,0,35,0.18268682698361793,0.9443853427895981,1.0509845715042547,0.725531914893617
frequency_resolution_grid,phase,12,6,0.2,False,,1,1,3.0198291128127006,0.24623719464144997,2.6196888511062513,0.34140070921985816
frequency_resolution_grid,phase,12,6,0.2,False,,1,2,2.241976616399508,0.4276201733648542,1.9842691000471724,0.48661347517730497
frequency_resolution_grid,phase,12,6,0.2,False,,1,3,1.6924075752661114,0.5500591016548463,1.5826289075486204,0.5703014184397163
frequency_resolution_grid,phase,12,6,0.2,False,,1,4,1.3513544596772762,0.6283589440504335,1.3410871265627813,0.622872340425532
frequency_resolution_grid,phase,12,6,0.2,False,,1,5,1.1408032000393638,0.6761524822695035,1.1998655353032106,0.6547872340425532
frequency_resolution_grid,phase,12,6,0.2,False,,1,6,0.999090778442515,0.7124605988967692,1.1258202603522767,0.6708333333333333
frequency_resolution_grid,phase,12,6,0.2,False,,1,7,0.8985753812970281,0.7365149724192277,1.0604691025213147,0.6879432624113475
frequency_resolution_grid,phase,12,6,0.2,False,,1,8,0.8179125482966526,0.7576241134751773,1.0129309065798495,0.6957446808510638
frequency_resolution_grid,phase,12,6,0.2,False,,1,9,0.751284868093435,0.7747635933806146,0.9712040175782873,0.711613475177305
frequency_resolution_grid,phase,12,6,0.2,False,,1,10,0.69663226911644,0.7894799054373522,0.9545097381510633,0.714095744680851
frequency_resolution_grid,phase,12,6,0.2,False,,1,11,0.6498550271311551,0.802058707643814,0.9298520068750313,0.7218971631205674
frequency_resolution_grid,phase,12,6,0.2,False,,1,12,0.6077318033709875,0.8124901497241923,0.9223854699033371,0.7244680851063829
frequency_resolution_grid,phase,12,6,0.2,False,,1,13,0.5723492622469428,0.8229314420803783,0.9066744660654812,0.723758865248227
frequency_resolution_grid,phase,12,6,0.2,False,,1,14,0.5389670990507278,0.8327127659574468,0.9057271400241987,0.726418439716312
frequency_resolution_grid,phase,12,6,0.2,False,,1,15,0.507666118451232,0.841903073286052,0.9015959589193899,0.7288120567375886
frequency_resolution_grid,phase,12,6,0.2,False,,1,16,0.4791001034966597,0.8489755713159969,0.893832155998717,0.7290780141843972
frequency_resolution_grid,phase,12,6,0.2,False,,1,17,0.45336836149976234,0.8569838455476754,0.8997536706586257,0.7294326241134752
frequency_resolution_grid,phase,12,6,0.2,False,,1,18,0.4300394024174452,0.8631698187549252,0.8966489802015588,0.7324468085106383
frequency_resolution_grid,phase,12,6,0.2,False,,1,19,0.40723393849729084,0.8713258471237194,0.9092547166432049,0.7304964539007093
frequency_resolution_grid,phase,12,6,0.2,False,,1,20,0.38633479494762946,0.8773640661938534,0.9152239512889944,0.7304078014184398
frequency_resolution_grid,phase,12,6,0.2,False,,1,21,0.3663789475969295,0.8838159968479118,0.9218067700981248,0.735549645390071
frequency_resolution_grid,phase,12,6,0.2,False,,1,22,0.3489470538424168,0.8894799054373522,0.9265526701372566,0.7282801418439716
frequency_resolution_grid,phase,12,6,0.2,False,,1,23,0.3323155369694727,0.8949763593380614,0.9411846344352613,0.7287234042553191
frequency_resolution_grid,phase,12,6,0.2,False,,1,24,0.31713239721090797,0.8996847911741529,0.940569922095495,0.7303191489361702
frequency_resolution_grid,phase,12,6,0.2,False,,1,25,0.30000677280674026,0.9055260047281324,0.955373601034178,0.7273049645390071
frequency_resolution_grid,phase,12,6,0.2,False,,1,26,0.2859740378797477,0.9098305752561072,0.9667888406320666,0.725531914893617
frequency_resolution_grid,phase,12,6,0.2,False,,1,27,0.2702574708970914,0.9157998423955871,0.9777511948389365,0.7320035460992907
frequency_resolution_grid,phase,12,6,0.2,False,,1,28,0.2572038008811626,0.9188731284475965,0.9908634879064898,0.72677304964539
frequency_resolution_grid,phase,12,6,0.2,False,,1,29,0.24469952794559552,0.9241430260047281,0.9981415889787336,0.7271276595744681
frequency_resolution_grid,phase,12,6,0.2,False,,1,30,0.23371788488775844,0.9274625689519307,1.004399254305143,0.7281028368794327
frequency_resolution_grid,phase,12,6,0.2,False,,1,31,0.22178028706164696,0.9320232466509062,1.0227322061011133,0.7266843971631206
frequency_resolution_grid,phase,12,6,0.2,False,,1,32,0.21119227945287927,0.9345055161544523,1.0279143783217626,0.7297872340425532
frequency_resolution_grid,phase,12,6,0.2,False,,1,33,0.20111443772853313,0.9394109535066982,1.0500652176268557,0.7266843971631206
frequency_resolution_grid,phase,12,6,0.2,False,,1,34,0.19202429158092016,0.942011426319937,1.0505130149793962,0.7252659574468086
frequency_resolution_grid,phase,12,6,0.2,False,,1,35,0.1817467551845749,0.945665878644602,1.0737663668098179,0.7279255319148936
frequency_resolution_grid,phase,12,6,0.2,False,,2,1,3.0168211562319756,0.24884751773049646,2.6333569394781233,0.3365248226950355
frequency_resolution_grid,phase,12,6,0.2,False,,2,2,2.2356595518083626,0.4300827423167849,2.006387820142381,0.474468085106383
frequency_resolution_grid,phase,12,6,0.2,False,,2,3,1.6837257090471598,0.5521276595744681,1.5767099116710905,0.5694148936170212
frequency_resolution_grid,phase,12,6,0.2,False,,2,4,1.3404770529861991,0.6279353821907013,1.3535277767384306,0.6177304964539007
frequency_resolution_grid,phase,12,6,0.2,False,,2,5,1.131302430180699,0.6803684003152088,1.2194869924098888,0.6495567375886525
frequency_resolution_grid,phase,12,6,0.2,False,,2,6,0.9917719907794439,0.7131501182033096,1.1310324522620396,0.6687056737588652
frequency_resolution_grid,phase,12,6,0.2,False,,2,7,0.8903940919349286,0.7394405043341213,1.0704459328177973,0.6839539007092199
frequency_resolution_grid,phase,12,6,0.2,False,,2,8,0.8103912677043437,0.7594365642237982,1.0169056679340118,0.698936170212766
frequency_resolution_grid,phase,12,6,0.2,False,,2,9,0.7458234123961958,0.7752758077226163,0.9871591897720986,0.7068262411347518
frequency_resolution_grid,phase,12,6,0.2,False,,2,10,0.6918489665474076,0.790130023640662,0.9664493493154539,0.7124113475177305
frequency_resolution_grid,phase,12,6,0.2,False,,2,11,0.6443557646915234,0.8036643026004728,0.9501537189416006,0.7163120567375887
frequency_resolution_grid,phase,12,6,0.2,False,,2,12,0.6011680816411032,0.814952718676123,0.9392246182928694,0.7195921985815603
frequency_resolution_grid,phase,12,6,0.2,False,,2,13,0.5661066299540682,0.8253743104806934,0.9268545599693948,0.724113475177305
frequency_resolution_grid,phase,12,6,0.2,False,,2,14,0.5313765015913992,0.8348404255319148,0.9190670473355773,0.7283687943262411
frequency_resolution_grid,phase,12,6,0.2,False,,2,15,0.5009794638136225,0.8440996847911741,0.9234605463684028,0.7261524822695036
frequency_resolution_grid,phase,12,6,0.2,False,,2,16,0.47336733202186504,0.8511130811662726,0.9181559376682795,0.7293439716312057
frequency_resolution_grid,phase,12,6,0.2,False,,2,17,0.4487475747851709,0.8589637509850275,0.921954322495359,0.7276595744680852
frequency_resolution_grid,phase,12,6,0.2,False,,2,18,0.42492329475915364,0.8650610717100079,0.9230374200124267,0.7306737588652482
frequency_resolution_grid,phase,12,6,0.2,False,,2,19,0.4024566787448429,0.8733254531126872,0.9299528951340533,0.7308510638297873
frequency_resolution_grid,phase,12,6,0.2,False,,2,20,0.3812859121507505,0.8807033096926714,0.9411911970334695,0.7261524822695036
frequency_resolution_grid,phase,12,6,0.2,False,,2,21,0.36232113225709933,0.8847714736012608,0.9415402767506051,0.7304078014184398
frequency_resolution_grid,phase,12,6,0.2,False,,2,22,0.34520460199520664,0.8901497241922773,0.954367339484235,0.7285460992907802
frequency_resolution_grid,phase,12,6,0.2,False,,2,23,0.32536239315432014,0.8972025216706068,0.9632849603680008,0.7312056737588652
frequency_resolution_grid,phase,12,6,0.2,False,,2,24,0.31004299117036466,0.901881402679275,0.9730652608347278,0.7280141843971631
frequency_resolution_grid,phase,12,6,0.2,False,,2,25,0.2941749164116862,0.9064125295508274,0.9822686052491479,0.7263297872340425
frequency_resolution_grid,phase,12,6,0.2,False,,2,26,0.27892426895851036,0.9114854215918046,0.9987958827340011,0.724822695035461
frequency_resolution_grid,phase,12,6,0.2,False,,2,27,0.26535898415566994,0.9161052009456265,1.0092799553634426,0.7268617021276595
frequency_resolution_grid,phase,12,6,0.2,False,,2,28,0.25369597834992164,0.9197301024428683,1.009309076924696,0.7287234042553191
frequency_resolution_grid,phase,12,6,0.2,False,,2,29,0.24068987895598837,0.9247438928289992,1.0245216645247548,0.7233156028368795
frequency_resolution_grid,phase,12,6,0.2,False,,2,30,0.22841903474313993,0.9284377462568952,1.0390632729158333,0.7234929078014184
frequency_resolution_grid,phase,12,6,0.2,False,,2,31,0.21853068786122087,0.932456658786446,1.050870433174972,0.7252659574468086
frequency_resolution_grid,phase,12,6,0.2,False,,2,32,0.20785852017085132,0.935372340425532,1.0588274081125326,0.724290780141844
frequency_resolution_grid,phase,12,6,0.2,False,,2,33,0.19870405387371146,0.939026792750197,1.0649355086874455,0.7213652482269504
frequency_resolution_grid,phase,12,6,0.2,False,,2,34,0.18841327093688404,0.9421985815602837,1.0801359403217938,0.725886524822695
frequency_resolution_grid,phase,12,6,0.2,False,,2,35,0.1784277886880299,0.9458628841607565,1.091061517659654,0.723758865248227
frequency_resolution_grid,phase,12,8,0.2,False,,0,1,2.735271974808593,0.30642237982663517,2.4281421140576085,0.38129432624113474
frequency_resolution_grid,phase,12,8,0.2,False,,0,2,2.188914219951705,0.43390464933018125,2.005541584339548,0.47712765957446807
frequency_resolution_grid,phase,12,8,0.2,False,,0,3,1.7749489384809753,0.5276201733648542,1.6852760597323695,0.5453014184397164
frequency_resolution_grid,phase,12,8,0.2,False,,0,4,1.4675006047114318,0.5965819542947203,1.4493984986704291,0.5989361702127659
frequency_resolution_grid,phase,12,8,0.2,False,,0,5,1.2353075638824416,0.6504137115839244,1.2909751103279439,0.6322695035460993
frequency_resolution_grid,phase,12,8,0.2,False,,0,6,1.0861323210834235,0.6863967691095351,1.1868037660916646,0.6547872340425532
frequency_resolution_grid,phase,12,8,0.2,False,,0,7,0.9748384365047217,0.7152285263987391,1.117376336391936,0.6712765957446809
frequency_resolution_grid,phase,12,8,0.2,False,,0,8,0.8900683122699518,0.7356973995271867,1.0683714563964952,0.6843085106382979
frequency_resolution_grid,phase,12,8,0.2,False,,0,9,0.8184763498809791,0.7538613081166272,1.0342618101032068,0.6921985815602837
frequency_resolution_grid,phase,12,8,0.2,False,,0,10,0.7620493785521475,0.7688534278959811,1.0117964335367189,0.6969858156028369
frequency_resolution_grid,phase,12,8,0.2,False,,0,11,0.7106204854681136,0.7819345941686368,0.9910417227880329,0.7063829787234043
frequency_resolution_grid,phase,12,8,0.2,False,,0,12,0.663255450331479,0.7949566587864461,0.9730026416744746,0.7115248226950355
frequency_resolution_grid,phase,12,8,0.2,False,,0,13,0.6224603226280663,0.8048758865248227,0.9640376030976046,0.7103723404255319
frequency_resolution_grid,phase,12,8,0.2,False,,0,14,0.5882937676752524,0.8153073286052009,0.9566662079053567,0.711968085106383
frequency_resolution_grid,phase,12,8,0.2,False,,0,15,0.5518485717833559,0.8246256895193066,0.9559480492527603,0.713209219858156
frequency_resolution_grid,phase,12,8,0.2,False,,0,16,0.520403163756227,0.8342691095350669,0.9525029290652444,0.7180851063829787
frequency_resolution_grid,phase,12,8,0.2,False,,0,17,0.4928831897540953,0.8424842395587077,0.957470755162814,0.7165780141843971
frequency_resolution_grid,phase,12,8,0.2,False,,0,18,0.46495565501040975,0.8515760441292356,0.9557811693519566,0.7194148936170213
frequency_resolution_grid,phase,12,8,0.2,False,,0,19,0.44229783354968516,0.8577324665090622,0.9644843093046905,0.7186170212765958
frequency_resolution_grid,phase,12,8,0.2,False,,0,20,0.4182272888995983,0.8654255319148936,0.9674270040177284,0.722872340425532
frequency_resolution_grid,phase,12,8,0.2,False,,0,21,0.3988630522409464,0.8707249802994483,0.9733655491196518,0.7224290780141844
frequency_resolution_grid,phase,12,8,0.2,False,,0,22,0.3768771396813381,0.877698975571316,0.9794048079362152,0.7243794326241135
frequency_resolution_grid,phase,12,8,0.2,False,,0,23,0.3581103438744872,0.8831461780929866,0.9899009170261681,0.7215425531914894
frequency_resolution_grid,phase,12,8,0.2,False,,0,24,0.34001625207017216,0.889804964539007,1.0052978617079715,0.7208333333333333
frequency_resolution_grid,phase,12,8,0.2,False,,0,25,0.3229485567016241,0.8945823483057526,1.019376750406644,0.7225177304964538
frequency_resolution_grid,phase,12,8,0.2,False,,0,26,0.3066290415700164,0.8996256895193065,1.0254917623303461,0.7247340425531915
frequency_resolution_grid,phase,12,8,0.2,False,,0,27,0.29302662978311333,0.9038613081166272,1.0331465801871416,0.7230496453900709
frequency_resolution_grid,phase,12,8,0.2,False,,0,28,0.2768681737782919,0.9086879432624113,1.0549610344230707,0.7213652482269504
frequency_resolution_grid,phase,12,8,0.2,False,,0,29,0.2643544931736774,0.9147458628841607,1.0669534733532169,0.7183510638297872
frequency_resolution_grid,phase,12,8,0.2,False,,0,30,0.250997545833753,0.9193754925137904,1.0680619207257074,0.7226063829787234
frequency_resolution_grid,phase,12,8,0.2,False,,0,31,0.2381088830524772,0.9232171000788022,1.0948249261007241,0.7198581560283688
frequency_resolution_grid,phase,12,8,0.2,False,,0,32,0.22757940892397277,0.9257683215130024,1.1061753354174026,0.7210106382978724
frequency_resolution_grid,phase,12,8,0.2,False,,0,33,0.215688676907849,0.9301516942474389,1.114169477570987,0.7189716312056738
frequency_resolution_grid,phase,12,8,0.2,False,,0,34,0.20579657575175742,0.9328309692671395,1.1357467423939536,0.7163120567375887
frequency_resolution_grid,phase,12,8,0.2,False,,0,35,0.19640214274585294,0.9364755713159969,1.1516965413347204,0.7157801418439717
frequency_resolution_grid,phase,12,8,0.2,False,,1,1,2.7268828745617277,0.30699369582348307,2.4455774625142417,0.3776595744680851
frequency_resolution_grid,phase,12,8,0.2,False,,1,2,2.173953751882669,0.43617021276595747,2.034442748414709,0.47384751773049644
frequency_resolution_grid,phase,12,8,0.2,False,,1,3,1.7809580695074876,0.5272655634357762,1.7043771365010147,0.5415780141843972
frequency_resolution_grid,phase,12,8,0.2,False,,1,4,1.463397390678983,0.5991627265563436,1.4611757034951067,0.5939716312056738
frequency_resolution_grid,phase,12,8,0.2,False,,1,5,1.25097267430443,0.6462273443656422,1.3049288120675595,0.6274822695035461
frequency_resolution_grid,phase,12,8,0.2,False,,1,6,1.1043376850837605,0.6825256107171,1.2158278461889171,0.649822695035461
frequency_resolution_grid,phase,12,8,0.2,False,,1,7,0.9992190038058775,0.707919621749409,1.1507745043605777,0.6684397163120568
frequency_resolution_grid,phase,12,8,0.2,False,,1,8,0.9141505508370246,0.7281816390858944,1.0964610963848467,0.6785460992907801
frequency_resolution_grid,phase,12,8,0.2,False,,1,9,0.8428217213110627,0.7470744680851064,1.0539169700433177,0.6908687943262412
frequency_resolution_grid,phase,12,8,0.2,False,,1,10,0.7832563649490182,0.7624605988967691,1.0299530856152799,0.6965425531914894
frequency_resolution_grid,phase,12,8,0.2,False,,1,11,0.7347636460694297,0.7758766745468874,1.0040977045153896,0.7051418439716312
frequency_resolution_grid,phase,12,8,0.2,False,,1,12,0.688357317936148,0.7869976359338061,0.9885951693176378,0.7086879432624114
frequency_resolution_grid,phase,12,8,0.2,False,,1,13,0.6455103944285447,0.7997931442080378,0.982347703487315,0.712677304964539
frequency_resolution_grid,phase,12,8,0.2,False,,1,14,0.6072103894254746,0.8108845547675335,0.9741681046519719,0.7085106382978723
frequency_resolution_grid,phase,12,8,0.2,False,,1,15,0.573458122220727,0.8198680063041766,0.9709100672539245,0.7139184397163121
frequency_resolution_grid,phase,12,8,0.2,False,,1,16,0.5391202624432209,0.8295114263199369,0.969673775569767,0.7171985815602837
frequency_resolution_grid,phase,12,8,0.2,False,,1,17,0.5104654784837607,0.8374605988967692,0.9674661535743281,0.7187056737588653
frequency_resolution_grid,phase,12,8,0.2,False,,1,18,0.4823654046342352,0.8460992907801419,0.9649791000582648,0.7225177304964538
frequency_resolution_grid,phase,12,8,0.2,False,,1,19,0.4569223294209269,0.8536938534278959,0.9745608689091729,0.7213652482269504
frequency_resolution_grid,phase,12,8,0.2,False,,1,20,0.4344381951787887,0.8597813238770685,0.979897447173477,0.7219858156028369
frequency_resolution_grid,phase,12,8,0.2,False,,1,21,0.413028420215521,0.8662037037037037,0.9889418569016963,0.7201241134751774
frequency_resolution_grid,phase,12,8,0.2,False,,1,22,0.3922281646935183,0.872901891252955,0.9898029158301387,0.7195035460992908
frequency_resolution_grid,phase,12,8,0.2,False,,1,23,0.37218835038214426,0.8798561859732072,0.9962405803355765,0.7218085106382979
frequency_resolution_grid,phase,12,8,0.2,False,,1,24,0.35320761501554243,0.8857466509062254,1.0035941933909207,0.7233156028368795
frequency_resolution_grid,phase,12,8,0.2,False,,1,25,0.3367992373176031,0.8906323877068558,1.0141828835433258,0.7233156028368795
frequency_resolution_grid,phase,12,8,0.2,False,,1,26,0.3205441104416964,0.8957840819542947,1.0206197824038512,0.7173758865248226
frequency_resolution_grid,phase,12,8,0.2,False,,1,27,0.3039086383426161,0.9007880220646178,1.0418630267288669,0.7208333333333333
frequency_resolution_grid,phase,12,8,0.2,False,,1,28,0.28959957554736787,0.9054275019700552,1.0575507710166012,0.7202127659574468
frequency_resolution_grid,phase,12,8,0.2,False,,1,29,0.27512733123967553,0.9102147360126084,1.0596655837610258,0.7231382978723404
frequency_resolution_grid,phase,12,8,0.2,False,,1,30,0.26126903855866385,0.9158589440504334,1.081128527171223,0.7187056737588653
frequency_resolution_grid,phase,12,8,0.2,False,,1,31,0.24939747153538433,0.9194542947202522,1.0999274592873052,0.7171099290780142
frequency_resolution_grid,phase,12,8,0.2,False,,1,32,0.2360586000014892,0.9237884160756501,1.1128222919947712,0.7161347517730496
frequency_resolution_grid,phase,12,8,0.2,False,,1,33,0.22543172386568114,0.9285559495665878,1.1286732223016995,0.7218085106382979
frequency_resolution_grid,phase,12,8,0.2,False,,1,34,0.2156445409988117,0.9304472025216706,1.1436565561497465,0.7188829787234042
frequency_resolution_grid,phase,12,8,0.2,False,,1,35,0.2041581306380489,0.9346828211189914,1.1632470946785407,0.7144503546099291
frequency_resolution_grid,phase,12,8,0.2,False,,2,1,2.718808169473899,0.3126970055161544,2.441707209661497,0.3752659574468085
frequency_resolution_grid,phase,12,8,0.2,False,,2,2,2.188703276737174,0.4343183609141056,2.0502045822481736,0.461968085106383
frequency_resolution_grid,phase,12,8,0.2,False,,2,3,1.7824176933372744,0.5279058313632782,1.7146093534239641,0.5395390070921986
frequency_resolution_grid,phase,12,8,0.2,False,,2,4,1.4701197293163568,0.5989558707643814,1.4678965212605524,0.5916666666666667
frequency_resolution_grid,phase,12,8,0.2,False,,2,5,1.2453961471763533,0.6492612293144208,1.3123673282616528,0.625886524822695
frequency_resolution_grid,phase,12,8,0.2,False,,2,6,1.093228104360654,0.684554767533491,1.2103870066345161,0.6469858156028369
frequency_resolution_grid,phase,12,8,0.2,False,,2,7,0.9837709062018669,0.7123128447596533,1.1414626687131029,0.6682624113475177
frequency_resolution_grid,phase,12,8,0.2,False,,2,8,0.8996125089173433,0.7327718676122932,1.0895217356106914,0.6842198581560284
frequency_resolution_grid,phase,12,8,0.2,False,,2,9,0.8284962852889858,0.7510736800630418,1.0485519361834155,0.6921099290780142
frequency_resolution_grid,phase,12,8,0.2,False,,2,10,0.7672502832585568,0.7669326241134752,1.021834107662769,0.6966312056737589
frequency_resolution_grid,phase,12,8,0.2,False,,2,11,0.716490117708842,0.7810283687943262,1.0091294450962798,0.7
frequency_resolution_grid,phase,12,8,0.2,False,,2,12,0.6729668187052363,0.7922379826635145,0.9945710906745694,0.7064716312056738
frequency_resolution_grid,phase,12,8,0.2,False,,2,13,0.632528918587006,0.8030831363278171,0.9902291804340714,0.7060283687943263
frequency_resolution_grid,phase,12,8,0.2,False,,2,14,0.5941039680964934,0.8134653270291569,0.9814457378066178,0.7078900709219859
frequency_resolution_grid,phase,12,8,0.2,False,,2,15,0.5596319959424818,0.8234239558707643,0.9820702845745898,0.7097517730496454
frequency_resolution_grid,phase,12,8,0.2,False,,2,16,0.5290482375638704,0.8318656422379826,0.9729841666018709,0.7109929078014184
frequency_resolution_grid,phase,12,8,0.2,False,,2,17,0.5001795285935473,0.8409968479117416,0.97876709152198,0.711968085106383
frequency_resolution_grid,phase,12,8,0.2,False,,2,18,0.4737322536296409,0.8482171000788022,0.9774564743041992,0.7109929078014184
frequency_resolution_grid,phase,12,8,0.2,False,,2,19,0.4498283885800998,0.8559495665878645,0.9802001625299454,0.7166666666666667
frequency_resolution_grid,phase,12,8,0.2,False,,2,20,0.42505635069147446,0.8635835303388495,0.9902175413801315,0.7181737588652483
frequency_resolution_grid,phase,12,8,0.2,False,,2,21,0.4025479421360085,0.8704984239558707,0.9860336012028633,0.7165780141843971
frequency_resolution_grid,phase,12,8,0.2,False,,2,22,0.3830653793798647,0.8755713159968479,1.0049237627509637,0.7172872340425532
frequency_resolution_grid,phase,12,8,0.2,False,,2,23,0.3633955800692992,0.88274231678487,1.0136623345368296,0.7143617021276596
frequency_resolution_grid,phase,12,8,0.2,False,,2,24,0.34478467442653044,0.8883372734436564,1.0132074834184444,0.7181737588652483
frequency_resolution_grid,phase,12,8,0.2,False,,2,25,0.32790767619983713,0.893144208037825,1.0300891548606521,0.7172872340425532
frequency_resolution_grid,phase,12,8,0.2,False,,2,26,0.31195579240226295,0.8986603624901497,1.0432764933887102,0.7200354609929078
frequency_resolution_grid,phase,12,8,0.2,False,,2,27,0.2972501350867645,0.9036840031520883,1.0490430027880566,0.7188829787234042
frequency_resolution_grid,phase,12,8,0.2,False,,2,28,0.2810944157852912,0.9087765957446808,1.0592325257916821,0.7192375886524822
frequency_resolution_grid,phase,12,8,0.2,False,,2,29,0.2678728147648375,0.9138593380614657,1.0757569518072385,0.7171099290780142
frequency_resolution_grid,phase,12,8,0.2,False,,2,30,0.2527118424527564,0.9187352245862884,1.0920128682826429,0.7170212765957447
frequency_resolution_grid,phase,12,8,0.2,False,,2,31,0.2406562160562586,0.9228230890464934,1.103427028444642,0.7145390070921985
frequency_resolution_grid,phase,12,8,0.2,False,,2,32,0.2285878160644038,0.9260933806146572,1.1127515834696748,0.7178191489361702
frequency_resolution_grid,phase,12,8,0.2,False,,2,33,0.2176363550484697,0.9298561859732073,1.1294350494518348,0.7179964539007092
frequency_resolution_grid,phase,12,8,0.2,False,,2,34,0.20767984752160906,0.9336386918833728,1.143469122707421,0.7169326241134751
frequency_resolution_grid,phase,12,8,0.2,False,,2,35,0.1970260478926043,0.9372438928289992,1.1610771227390209,0.7165780141843971
frequency_resolution_grid,phase,12,12,0.2,False,,0,1,2.78725776476969,0.29935973207249805,2.7178110257953616,0.3221631205673759
frequency_resolution_grid,phase,12,12,0.2,False,,0,2,2.494351667865606,0.36858747044917256,2.194685221732931,0.43696808510638296
frequency_resolution_grid,phase,12,12,0.2,False,,0,3,1.8380549299143918,0.5108353033884949,1.6513997926779673,0.5435283687943262
frequency_resolution_grid,phase,12,12,0.2,False,,0,4,1.4091993092551205,0.6069050433412135,1.3832488679716772,0.6116134751773049
frequency_resolution_grid,phase,12,12,0.2,False,,0,5,1.1929205005426309,0.6564223798266351,1.2473287865625207,0.6408687943262411
frequency_resolution_grid,phase,12,12,0.2,False,,0,6,1.0677279717533301,0.6857368006304176,1.1804470057183123,0.6593085106382979
frequency_resolution_grid,phase,12,12,0.2,False,,0,7,0.9820808496881038,0.7089933018124508,1.124650674804728,0.6706560283687943
frequency_resolution_grid,phase,12,12,0.2,False,,0,8,0.9165793594739116,0.7255811662726557,1.0856581013253395,0.6822695035460993
frequency_resolution_grid,phase,12,12,0.2,False,,0,9,0.8594508682676335,0.7406422379826635,1.0638607749702238,0.68572695035461
frequency_resolution_grid,phase,12,12,0.2,False,,0,10,0.8163807446041663,0.7515957446808511,1.0444859230771977,0.6933510638297873
frequency_resolution_grid,phase,12,12,0.2,False,,0,11,0.7756957388562983,0.763031914893617,1.0163957881589307,0.7008865248226951
frequency_resolution_grid,phase,12,12,0.2,False,,0,12,0.7387008736883213,0.7727245862884161,1.0081535156736983,0.7016843971631206
frequency_resolution_grid,phase,12,12,0.2,False,,0,13,0.7033379241178316,0.7817572892040977,0.9821307313357684,0.7080673758865248
frequency_resolution_grid,phase,12,12,0.2,False,,0,14,0.6725130821890113,0.7898246650906225,0.9865058101660816,0.712322695035461
frequency_resolution_grid,phase,12,12,0.2,False,,0,15,0.6428305193793595,0.7984042553191489,0.9912011688482677,0.7074468085106383
frequency_resolution_grid,phase,12,12,0.2,False,,0,16,0.6155796002270764,0.8057722616233255,0.9723136889173629,0.713741134751773
frequency_resolution_grid,phase,12,12,0.2,False,,0,17,0.5887653693427619,0.813849487785658,0.9797171268057316,0.7140070921985816
frequency_resolution_grid,phase,12,12,0.2,False,,0,18,0.566055590924172,0.8195527974783294,0.9709502052753529,0.7187943262411347
frequency_resolution_grid,phase,12,12,0.2,False,,0,19,0.5444104413907767,0.8253743104806934,0.9737105356040576,0.7164893617021276
frequency_resolution_grid,phase,12,12,0.2,False,,0,20,0.5210605695080438,0.8316686367218282,0.9824175688391882,0.7160460992907801
frequency_resolution_grid,phase,12,12,0.2,False,,0,21,0.5042925869930063,0.8360914105594957,0.9774159139775215,0.724113475177305
frequency_resolution_grid,phase,12,12,0.2,False,,0,22,0.48510297698426,0.8422379826635146,0.9894230974904189,0.7197695035460993
frequency_resolution_grid,phase,12,12,0.2,False,,0,23,0.4666426531999857,0.847547281323877,0.9812399505723453,0.7261524822695036
frequency_resolution_grid,phase,12,12,0.2,False,,0,24,0.4480224427695909,0.8539598108747045,0.9958838472975061,0.7202127659574468
frequency_resolution_grid,phase,12,12,0.2,False,,0,25,0.4316699862198345,0.8586682427107959,0.9992362626900909,0.7205673758865249
frequency_resolution_grid,phase,12,12,0.2,False,,0,26,0.41457946153960895,0.864095744680851,1.017665673147702,0.7195921985815603
frequency_resolution_grid,phase,12,12,0.2,False,,0,27,0.4011427402308459,0.8679767533490937,1.0194485073393964,0.7203014184397163
frequency_resolution_grid,phase,12,12,0.2,False,,0,28,0.3844955415355586,0.8726162332545311,1.0230380618825872,0.7233156028368795
frequency_resolution_grid,phase,12,12,0.2,False,,0,29,0.37358347038005263,0.8759456264775414,1.030315206913238,0.7240248226950354
frequency_resolution_grid,phase,12,12,0.2,False,,0,30,0.3581490701535633,0.880043341213554,1.0337102019195015,0.7254432624113475
frequency_resolution_grid,phase,12,12,0.2,False,,0,31,0.34576304295196414,0.8848699763593381,1.0464680349573177,0.7278368794326241
frequency_resolution_grid,phase,12,12,0.2,False,,0,32,0.33085057741549184,0.8885145784081955,1.0644794807366444,0.7199468085106383
frequency_resolution_grid,phase,12,12,0.2,False,,0,33,0.31947501587576527,0.8926122931442081,1.0758950522605408,0.7243794326241135
frequency_resolution_grid,phase,12,12,0.2,False,,0,34,0.3066521823147886,0.8964539007092198,1.0737454732259115,0.7259751773049645
frequency_resolution_grid,phase,12,12,0.2,False,,0,35,0.29701358623820273,0.8992218282111899,1.0936916772355425,0.7210992907801419
frequency_resolution_grid,phase,12,12,0.2,False,,1,1,2.783059526523142,0.30119188337273445,2.75050949340171,0.31046099290780144
frequency_resolution_grid,phase,12,12,0.2,False,,1,2,2.5129024053953875,0.364204097714736,2.258089625581782,0.4224290780141844
frequency_resolution_grid,phase,12,12,0.2,False,,1,3,1.867387705209971,0.5046985815602837,1.678781732599786,0.5460992907801419
frequency_resolution_grid,phase,12,12,0.2,False,,1,4,1.4208332085534285,0.6062746256895193,1.3703944027001131,0.6143617021276596
frequency_resolution_grid,phase,12,12,0.2,False,,1,5,1.1963453775320212,0.6578408195429472,1.2379197348939612,0.6480496453900709
frequency_resolution_grid,phase,12,12,0.2,False,,1,6,1.0657348753806641,0.6903171788810086,1.1906897504278955,0.6539007092198581
frequency_resolution_grid,phase,12,12,0.2,False,,1,7,0.9791321571273442,0.7113081166272656,1.1074453218608884,0.6804964539007092
frequency_resolution_grid,phase,12,12,0.2,False,,1,8,0.9091963982563305,0.7293144208037825,1.0756125534679872,0.6852836879432624
frequency_resolution_grid,phase,12,12,0.2,False,,1,9,0.8560359236666121,0.7443557919621749,1.0603191845805933,0.6889184397163121
frequency_resolution_grid,phase,12,12,0.2,False,,1,10,0.8083688995235073,0.755220646178093,1.040040262032908,0.6913120567375887
frequency_resolution_grid,phase,12,12,0.2,False,,1,11,0.7659965984693562,0.7657210401891253,1.0276883184487093,0.6925531914893617
frequency_resolution_grid,phase,12,12,0.2,False,,1,12,0.7306117773619668,0.7739755713159968,1.0126005752712277,0.6988475177304965
frequency_resolution_grid,phase,12,12,0.2,False,,1,13,0.6965989768927825,0.7851753349093774,0.9969141957607676,0.7067375886524823
frequency_resolution_grid,phase,12,12,0.2,False,,1,14,0.6679817851647512,0.7925728920409771,0.9855617866448477,0.7069148936170213
frequency_resolution_grid,phase,12,12,0.2,False,,1,15,0.6383589768616396,0.7986899133175729,0.9853593658048211,0.7101950354609929
frequency_resolution_grid,phase,12,12,0.2,False,,1,16,0.6137980252011166,0.8071513002364066,0.9760803488974875,0.7106382978723405
frequency_resolution_grid,phase,12,12,0.2,False,,1,17,0.5887199281800723,0.8134456264775414,0.9780630610513349,0.7132978723404255
frequency_resolution_grid,phase,12,12,0.2,False,,1,18,0.5656699079242252,0.8194641449960599,0.9754667383559207,0.7173758865248226
frequency_resolution_grid,phase,12,12,0.2,False,,1,19,0.5440072557698844,0.8253349093774626,0.9798439277824781,0.7129432624113475
frequency_resolution_grid,phase,12,12,0.2,False,,1,20,0.5206498601570009,0.8320724980299449,0.9818911910902524,0.7175531914893617
frequency_resolution_grid,phase,12,12,0.2,False,,1,21,0.49992978578481834,0.8368498817966903,0.9855935575268793,0.7173758865248226
frequency_resolution_grid,phase,12,12,0.2,False,,1,22,0.48128936451377596,0.8423561859732073,0.9906725166537238,0.7152482269503546
frequency_resolution_grid,phase,12,12,0.2,False,,1,23,0.4643677170395006,0.8482860520094563,1.0024249287784521,0.7171099290780142
frequency_resolution_grid,phase,12,12,0.2,False,,1,24,0.4468772582410357,0.8532505910165484,0.9972460264009787,0.7187943262411347
frequency_resolution_grid,phase,12,12,0.2,False,,1,25,0.4298318015110596,0.8570035460992907,1.0109424858651264,0.7188829787234042
frequency_resolution_grid,phase,12,12,0.2,False,,1,26,0.4162855495985706,0.8631895193065405,1.0215767509125648,0.7167553191489362
frequency_resolution_grid,phase,12,12,0.2,False,,1,27,0.39903320203718,0.867366036249015,1.017896129518536,0.7210106382978724
frequency_resolution_grid,phase,12,12,0.2,False,,1,28,0.3851751766869926,0.8728132387706856,1.0336577018947466,0.7204787234042553
frequency_resolution_grid,phase,12,12,0.2,False,,1,29,0.372907637013893,0.8755614657210402,1.0462783201366452,0.7202127659574468
frequency_resolution_grid,phase,12,12,0.2,False,,1,30,0.35818032404162736,0.8801812450748621,1.0421819035465836,0.7230496453900709
frequency_resolution_grid,phase,12,12,0.2,False,,1,31,0.3455836327457353,0.8845350669818755,1.0639622347997435,0.7190602836879433
frequency_resolution_grid,phase,12,12,0.2,False,,1,32,0.33447220158257573,0.8871847911741528,1.0830558744728143,0.7165780141843971
frequency_resolution_grid,phase,12,12,0.2,False,,1,33,0.32255677657394166,0.8907210401891253,1.093496374416013,0.7161347517730496
frequency_resolution_grid,phase,12,12,0.2,False,,1,34,0.31184666838535086,0.893892828999212,1.1051104936828005,0.7138297872340426
frequency_resolution_grid,phase,12,12,0.2,False,,1,35,0.298541720351241,0.8989755713159968,1.1161930785111502,0.7154255319148937
frequency_resolution_grid,phase,12,12,0.2,False,,2,1,2.786008087380652,0.30228526398739164,2.7426390532906173,0.30895390070921985
frequency_resolution_grid,phase,12,12,0.2,False,,2,2,2.5000861491999165,0.36778959810874706,2.229665465557829,0.42641843971631205
frequency_resolution_grid,phase,12,12,0.2,False,,2,3,1.8329711707583367,0.5147951142631993,1.649795671726795,0.5488475177304964
frequency_resolution_grid,phase,12,12,0.2,False,,2,4,1.4059319013681253,0.6093577620173365,1.3744633235829942,0.6148936170212767
frequency_resolution_grid,phase,12,12,0.2,False,,2,5,1.1893153936680703,0.6605397951142632,1.2699995483912474,0.6344858156028369
frequency_resolution_grid,phase,12,12,0.2,False,,2,6,1.0604183546288732,0.6914696611505122,1.1716673585540014,0.6593085106382979
frequency_resolution_grid,phase,12,12,0.2,False,,2,7,0.9706987750727516,0.714026792750197,1.1412227063314289,0.6683510638297873
frequency_resolution_grid,phase,12,12,0.2,False,,2,8,0.9048965660768573,0.730506304176517,1.0999847912196572,0.6788120567375886
frequency_resolution_grid,phase,12,12,0.2,False,,2,9,0.8526241006909439,0.7432033096926713,1.0695846960054223,0.688031914893617
frequency_resolution_grid,phase,12,12,0.2,False,,2,10,0.8019540205445226,0.755506304176517,1.052413311072275,0.6902482269503546
frequency_resolution_grid,phase,12,12,0.2,False,,2,11,0.7615113054090263,0.7665780141843972,1.048080502503307,0.6925531914893617
frequency_resolution_grid,phase,12,12,0.2,False,,2,12,0.7244776522859614,0.7753053585500393,1.028252282548458,0.6995567375886524
frequency_resolution_grid,phase,12,12,0.2,False,,2,13,0.6917085039888056,0.784091804570528,1.0133692021911025,0.7049645390070922
frequency_resolution_grid,phase,12,12,0.2,False,,2,14,0.660760465224396,0.7929866036249015,0.9980948874290954,0.7103723404255319
frequency_resolution_grid,phase,12,12,0.2,False,,2,15,0.6312448239307689,0.8010539795114263,0.9956048384203133,0.7084219858156028
frequency_resolution_grid,phase,12,12,0.2,False,,2,16,0.6035266141096751,0.8083234830575257,0.9902587357142293,0.7108156028368794
frequency_resolution_grid,phase,12,12,0.2,False,,2,17,0.5791395890797284,0.8156422379826636,0.9796177774456376,0.7138297872340426
frequency_resolution_grid,phase,12,12,0.2,False,,2,18,0.555606365297797,0.8222517730496454,0.9830344407270987,0.7132978723404255
frequency_resolution_grid,phase,12,12,0.2,False,,2,19,0.5318963709546413,0.829048463356974,0.9788204268360814,0.7160460992907801
frequency_resolution_grid,phase,12,12,0.2,False,,2,20,0.5102297137862026,0.8345449172576832,0.9866421611596506,0.7174645390070922
frequency_resolution_grid,phase,12,12,0.2,False,,2,21,0.49185413272480405,0.8401595744680851,0.9797984170998242,0.7197695035460993
frequency_resolution_grid,phase,12,12,0.2,False,,2,22,0.4714104569737981,0.8461189913317573,1.004844748255209,0.7132978723404255
frequency_resolution_grid,phase,12,12,0.2,False,,2,23,0.45480458947783664,0.8505516154452325,1.0059043279142243,0.7143617021276596
frequency_resolution_grid,phase,12,12,0.2,False,,2,24,0.43753144321148557,0.8553881008668243,1.0003308914231916,0.7174645390070922
frequency_resolution_grid,phase,12,12,0.2,False,,2,25,0.42061081562012176,0.8612884160756501,1.015462032045033,0.7163120567375887
frequency_resolution_grid,phase,12,12,0.2,False,,2,26,0.4031732769816574,0.8667947202521671,1.0227445022011479,0.7195035460992908
frequency_resolution_grid,phase,12,12,0.2,False,,2,27,0.39020677724628583,0.8697005516154452,1.0275699413837271,0.7187056737588653
frequency_resolution_grid,phase,12,12,0.2,False,,2,28,0.3744797954134719,0.8747832939322301,1.0370639150447034,0.7195921985815603
frequency_resolution_grid,phase,12,12,0.2,False,,2,29,0.3614658256477498,0.8785263987391647,1.0450049357634064,0.7173758865248226
frequency_resolution_grid,phase,12,12,0.2,False,,2,30,0.3477271923030616,0.8829097714736013,1.0618943249925654,0.7175531914893617
frequency_resolution_grid,phase,12,12,0.2,False,,2,31,0.33678893795907733,0.8870468873128448,1.0669156967959506,0.7154255319148937
frequency_resolution_grid,phase,12,12,0.2,False,,2,32,0.32452023369388566,0.8893321513002365,1.0708844160357265,0.7140070921985816
frequency_resolution_grid,phase,12,12,0.2,False,,2,33,0.31227041681607565,0.8940208825847124,1.0925701682026505,0.7130319148936171
frequency_resolution_grid,phase,12,12,0.2,False,,2,34,0.30017784237391937,0.8975768321513002,1.1107231733012706,0.713741134751773
frequency_resolution_grid,phase,12,12,0.2,False,,2,35,0.2895526088063786,0.9005516154452324,1.1150670198261314,0.7159574468085106
frequency_resolution_grid,phase,12,16,0.2,False,,0,1,2.7325553768915487,0.31760244286840034,2.9186091615798624,0.2756205673758865
frequency_resolution_grid,phase,12,16,0.2,False,,0,2,2.732776329515486,0.30377265563435774,2.3798681475591996,0.38120567375886527
frequency_resolution_grid,phase,12,16,0.2,False,,0,3,1.9594124653097023,0.47132584712371944,1.7514250542255159,0.5046985815602837
frequency_resolution_grid,phase,12,16,0.2,False,,0,4,1.5171947887133574,0.5731382978723404,1.508622975721427,0.5718971631205674
frequency_resolution_grid,phase,12,16,0.2,False,,0,5,1.3071293742192647,0.6243400315208826,1.3586776545707215,0.6107269503546099
frequency_resolution_grid,phase,12,16,0.2,False,,0,6,1.172693475669909,0.6575748620961387,1.2775525658688647,0.6359929078014185
frequency_resolution_grid,phase,12,16,0.2,False,,0,7,1.0786424004064008,0.6826339637509851,1.2266979659702761,0.6444148936170213
frequency_resolution_grid,phase,12,16,0.2,False,,0,8,1.0109160030799367,0.6986800630417652,1.1747351467186677,0.6549645390070922
frequency_resolution_grid,phase,12,16,0.2,False,,0,9,0.9485181886065749,0.7165878644602048,1.1386102206318092,0.6631205673758865
frequency_resolution_grid,phase,12,16,0.2,False,,0,10,0.8977472344470644,0.7291666666666666,1.133863264110917,0.6665780141843972
frequency_resolution_grid,phase,12,16,0.2,False,,0,11,0.8531758839638802,0.7404649330181245,1.1048484680500437,0.6766843971631206
frequency_resolution_grid,phase,12,16,0.2,False,,0,12,0.8140116361579715,0.7492809298660362,1.0711552635152288,0.6902482269503546
frequency_resolution_grid,phase,12,16,0.2,False,,0,13,0.7737216792114143,0.7598798266351457,1.0392586981996577,0.6977836879432624
frequency_resolution_grid,phase,12,16,0.2,False,,0,14,0.7412259573726038,0.7687253743104807,1.0391282221104237,0.6983156028368794
frequency_resolution_grid,phase,12,16,0.2,False,,0,15,0.7116653588176994,0.7766646966115052,1.0393790714284208,0.7006205673758865
frequency_resolution_grid,phase,12,16,0.2,False,,0,16,0.6836791751138613,0.783382584712372,1.0196887267396806,0.7011524822695036
frequency_resolution_grid,phase,12,16,0.2,False,,0,17,0.6552341220038814,0.7910953506698187,1.0199114491753545,0.7027482269503547
frequency_resolution_grid,phase,12,16,0.2,False,,0,18,0.6318186703397121,0.7974290780141844,1.001746757994307,0.7103723404255319
frequency_resolution_grid,phase,12,16,0.2,False,,0,19,0.6072258363472749,0.8045902285263987,1.0061471876523174,0.7085106382978723
frequency_resolution_grid,phase,12,16,0.2,False,,0,20,0.5839452377917543,0.8115346729708431,0.9907138056788884,0.7139184397163121
frequency_resolution_grid,phase,12,16,0.2,False,,0,21,0.5647148452376267,0.8164598108747045,0.9925063536522236,0.714095744680851
frequency_resolution_grid,phase,12,16,0.2,False,,0,22,0.5442100337305061,0.8228920409771474,0.9895479229325098,0.7172872340425532
frequency_resolution_grid,phase,12,16,0.2,False,,0,23,0.5260483300244366,0.8275019700551616,0.9877911109450861,0.7198581560283688
frequency_resolution_grid,phase,12,16,0.2,False,,0,24,0.5069054895399874,0.8321611505122143,0.9882902456513534,0.7196808510638298
frequency_resolution_grid,phase,12,16,0.2,False,,0,25,0.4922997237191227,0.8374704491725768,1.0022706114654,0.7159574468085106
frequency_resolution_grid,phase,12,16,0.2,False,,0,26,0.4758464145322218,0.8421985815602837,1.0028542555815785,0.7199468085106383
frequency_resolution_grid,phase,12,16,0.2,False,,0,27,0.46086865351649137,0.846700157604413,1.0257724958108672,0.7156028368794326
frequency_resolution_grid,phase,12,16,0.2,False,,0,28,0.4445185741634234,0.8504334121355398,1.022855096252252,0.7195035460992908
frequency_resolution_grid,phase,12,16,0.2,False,,0,29,0.43289115786481974,0.8523246650906225,1.0351702685051776,0.7206560283687943
frequency_resolution_grid,phase,12,16,0.2,False,,0,30,0.4179115823538309,0.8588258471237195,1.0312695910744634,0.725
frequency_resolution_grid,phase,12,16,0.2,False,,0,31,0.4047801070555258,0.8625591016548463,1.0382553249386186,0.7256205673758865
frequency_resolution_grid,phase,12,16,0.2,False,,0,32,0.39032950033063113,0.8677009456264776,1.0464312905115438,0.7277482269503546
frequency_resolution_grid,phase,12,16,0.2,False,,0,33,0.3787789752673126,0.8707446808510638,1.0674391731302788,0.7215425531914894
frequency_resolution_grid,phase,12,16,0.2,False,,0,34,0.3688630001248103,0.8719661150512215,1.0767781217892964,0.7211879432624113
frequency_resolution_grid,phase,12,16,0.2,False,,0,35,0.3585542392881016,0.8760539795114263,1.0804198473903304,0.7226950354609929
frequency_resolution_grid,phase,12,16,0.2,False,,1,1,2.7435762943481254,0.3147951142631994,2.9762623864708218,0.2661347517730496
frequency_resolution_grid,phase,12,16,0.2,False,,1,2,2.751240941198723,0.3024822695035461,2.4249273929190127,0.37898936170212766
frequency_resolution_grid,phase,12,16,0.2,False,,1,3,1.9945680335715965,0.4650709219858156,1.7883097636784222,0.5178191489361702
frequency_resolution_grid,phase,12,16,0.2,False,,1,4,1.536927610950455,0.5703605200945626,1.4756480353943846,0.5901595744680851
frequency_resolution_grid,phase,12,16,0.2,False,,1,5,1.303383916996895,0.6269405043341214,1.3477065301110558,0.6174645390070922
frequency_resolution_grid,phase,12,16,0.2,False,,1,6,1.1648195610730268,0.6619089834515366,1.2855166771733169,0.625886524822695
frequency_resolution_grid,phase,12,16,0.2,False,,1,7,1.0733466113430952,0.6843676122931442,1.2020451895734097,0.6504432624113475
frequency_resolution_grid,phase,12,16,0.2,False,,1,8,1.0018328015498048,0.7020094562647754,1.1450649718020824,0.6625886524822695
frequency_resolution_grid,phase,12,16,0.2,False,,1,9,0.9412728020579351,0.7160066981875493,1.1221020020491688,0.6725177304964539
frequency_resolution_grid,phase,12,16,0.2,False,,1,10,0.8927285445403451,0.729294720252167,1.1095503587249322,0.6727836879432624
frequency_resolution_grid,phase,12,16,0.2,False,,1,11,0.8501871276315128,0.7396473601260836,1.0912713066060493,0.6790780141843972
frequency_resolution_grid,phase,12,16,0.2,False,,1,12,0.8101816374453341,0.7505614657210402,1.0661957505746935,0.6806737588652483
frequency_resolution_grid,phase,12,16,0.2,False,,1,13,0.7751702281600195,0.7591213553979511,1.0444401423136394,0.6955673758865248
frequency_resolution_grid,phase,12,16,0.2,False,,1,14,0.7423711280732572,0.7681245074862096,1.0358514226920217,0.6939716312056737
frequency_resolution_grid,phase,12,16,0.2,False,,1,15,0.7117271978146829,0.7769700551615445,1.020940896720751,0.6991134751773049
frequency_resolution_grid,phase,12,16,0.2,False,,1,16,0.6836926980503344,0.7845153664302601,1.0188922869398238,0.6981382978723404
frequency_resolution_grid,phase,12,16,0.2,False,,1,17,0.6580381424620548,0.7903565799842396,1.013319835003386,0.6982269503546099
frequency_resolution_grid,phase,12,16,0.2,False,,1,18,0.6318713917611997,0.7976063829787234,1.0124564483656104,0.7047872340425532
frequency_resolution_grid,phase,12,16,0.2,False,,1,19,0.6095301727688717,0.8031422379826635,1.0123570801518487,0.7042553191489361
frequency_resolution_grid,phase,12,16,0.2,False,,1,20,0.5875256254130033,0.8094070133963751,1.0042264952727245,0.7101063829787234
frequency_resolution_grid,phase,12,16,0.2,False,,1,21,0.5645891123441752,0.8166371158392435,1.0015561608558006,0.7120567375886525
frequency_resolution_grid,phase,12,16,0.2,False,,1,22,0.5472053000831153,0.8203014184397163,1.005952103002697,0.7098404255319148
frequency_resolution_grid,phase,12,16,0.2,False,,1,23,0.5282318785962765,0.8255417651694248,1.0188386907814242,0.7104609929078014
frequency_resolution_grid,phase,12,16,0.2,False,,1,24,0.5130300344868473,0.8302107959022853,1.0012006601120562,0.7148936170212766
frequency_resolution_grid,phase,12,16,0.2,False,,1,25,0.4929288026758589,0.8368104806934594,1.0101008641804363,0.7162234042553192
frequency_resolution_grid,phase,12,16,0.2,False,,1,26,0.47990219557351066,0.8394405043341213,1.0060233166031805,0.7161347517730496
frequency_resolution_grid,phase,12,16,0.2,False,,1,27,0.4626230411213904,0.8457052797478329,0.9925359053814665,0.7219858156028369
frequency_resolution_grid,phase,12,16,0.2,False,,1,28,0.4502071708980933,0.84922182821119,0.9940613970688894,0.7244680851063829
frequency_resolution_grid,phase,12,16,0.2,False,,1,29,0.43321871128582035,0.853940110323089,1.0056773144725366,0.7217198581560283
frequency_resolution_grid,phase,12,16,0.2,False,,1,30,0.41936456544179446,0.8574369582348306,1.0159318487694924,0.7233156028368795
frequency_resolution_grid,phase,12,16,0.2,False,,1,31,0.40594789167386136,0.8614460204885737,1.0186612864758107,0.7263297872340425
frequency_resolution_grid,phase,12,16,0.2,False,,1,32,0.3951229747023706,0.8647655634357762,1.0441144788518866,0.7212765957446808
frequency_resolution_grid,phase,12,16,0.2,False,,1,33,0.3816951442084226,0.8692671394799054,1.0401719022304454,0.7244680851063829
frequency_resolution_grid,phase,12,16,0.2,False,,1,34,0.37099819046667565,0.8723601260835303,1.0412658796665517,0.7180851063829787
frequency_resolution_grid,phase,12,16,0.2,False,,1,35,0.36000567691076263,0.8766252955082743,1.0536732806381603,0.7187056737588653
frequency_resolution_grid,phase,12,16,0.2,False,,2,1,2.7519951015499466,0.3142336485421592,2.9320692945033944,0.2696808510638298
frequency_resolution_grid,phase,12,16,0.2,False,,2,2,2.6694566817993812,0.32123719464144995,2.33531294071928,0.3949468085106383
frequency_resolution_grid,phase,12,16,0.2,False,,2,3,1.9225902471700176,0.4847222222222222,1.739347933370171,0.5236702127659575
frequency_resolution_grid,phase,12,16,0.2,False,,2,4,1.4969986529872585,0.5802107959022853,1.4618120807282469,0.5868794326241135
frequency_resolution_grid,phase,12,16,0.2,False,,2,5,1.2741954103241389,0.6351851851851852,1.3758176303078942,0.6023049645390071
frequency_resolution_grid,phase,12,16,0.2,False,,2,6,1.1454144143419438,0.6658884948778566,1.259336685796156,0.6360815602836879
frequency_resolution_grid,phase,12,16,0.2,False,,2,7,1.056845494740774,0.6880811662726556,1.2092551582248499,0.6436170212765957
frequency_resolution_grid,phase,12,16,0.2,False,,2,8,0.9884389194660622,0.7049842395587076,1.1738976607085965,0.6537234042553192
frequency_resolution_grid,phase,12,16,0.2,False,,2,9,0.9348896792594422,0.7201044129235619,1.1401998016005712,0.6709219858156028
frequency_resolution_grid,phase,12,16,0.2,False,,2,10,0.8853713003644049,0.7322498029944838,1.1125429084114995,0.6723404255319149
frequency_resolution_grid,phase,12,16,0.2,False,,2,11,0.844368158638994,0.7430949566587864,1.1099930096179882,0.6788120567375886
frequency_resolution_grid,phase,12,16,0.2,False,,2,12,0.8046437416985995,0.7539007092198582,1.0836753698950963,0.6850177304964539
frequency_resolution_grid,phase,12,16,0.2,False,,2,13,0.7732645890391465,0.761790780141844,1.0663726290067037,0.6870567375886525
frequency_resolution_grid,phase,12,16,0.2,False,,2,14,0.7409852127844748,0.7696808510638298,1.0511949766612223,0.6898049645390071
frequency_resolution_grid,phase,12,16,0.2,False,,2,15,0.7102497515103495,0.7784968479117416,1.0483414247949072,0.6971631205673758
frequency_resolution_grid,phase,12,16,0.2,False,,2,16,0.6815210336958732,0.7861997635933806,1.0363099027609994,0.7007978723404256
frequency_resolution_grid,phase,12,16,0.2,False,,2,17,0.654777726167013,0.7918538219070134,1.030051487641977,0.6962765957446808
frequency_resolution_grid,phase,12,16,0.2,False,,2,18,0.6308200764693642,0.7994582348305752,1.0249601024685178,0.7062943262411348
frequency_resolution_grid,phase,12,16,0.2,False,,2,19,0.609322632251526,0.8057131599684791,1.016967420459639,0.7065602836879432
frequency_resolution_grid,phase,12,16,0.2,False,,2,20,0.5870877416891034,0.8116331757289205,1.0247605023231912,0.7036347517730497
frequency_resolution_grid,phase,12,16,0.2,False,,2,21,0.5661599772572048,0.8166174152876281,1.0216288761044225,0.7086879432624114
frequency_resolution_grid,phase,12,16,0.2,False,,2,22,0.5471894293906089,0.8220055161544523,1.0332048186173677,0.7056737588652482
frequency_resolution_grid,phase,12,16,0.2,False,,2,23,0.5278451877141958,0.8272064617809298,1.0278132428514197,0.7058510638297872
frequency_resolution_grid,phase,12,16,0.2,False,,2,24,0.509441254494038,0.833165878644602,1.0251807955139918,0.7073581560283688
frequency_resolution_grid,phase,12,16,0.2,False,,2,25,0.49418406724178293,0.8371158392434989,1.0340696142920365,0.7072695035460993
frequency_resolution_grid,phase,12,16,0.2,False,,2,26,0.4745053988446205,0.8423561859732073,1.047133668728754,0.7093971631205673
frequency_resolution_grid,phase,12,16,0.2,False,,2,27,0.4616527153808738,0.8466706067769898,1.0438588424777309,0.7098404255319148
frequency_resolution_grid,phase,12,16,0.2,False,,2,28,0.44603488049796475,0.8511918833727344,1.036743216734406,0.7109929078014184
frequency_resolution_grid,phase,12,16,0.2,False,,2,29,0.4309638636519911,0.855575256107171,1.051470737254366,0.7117021276595744
frequency_resolution_grid,phase,12,16,0.2,False,,2,30,0.4181057831731906,0.8584613869188338,1.0744539787583318,0.7072695035460993
frequency_resolution_grid,phase,12,16,0.2,False,,2,31,0.40458444421149503,0.8639873916469661,1.074383592774682,0.7066489361702127
frequency_resolution_grid,phase,12,16,0.2,False,,2,32,0.39126496661991655,0.8670409771473602,1.0694400375616466,0.7150709219858156
frequency_resolution_grid,phase,12,16,0.2,False,,2,33,0.37637620860897153,0.8712765957446809,1.087219105375574,0.711436170212766
frequency_resolution_grid,phase,12,16,0.2,False,,2,34,0.3666005988962731,0.8744779353821907,1.103749794021566,0.7095744680851064
frequency_resolution_grid,phase,12,16,0.2,False,,2,35,0.3558648456213886,0.8781126871552404,1.0945648817305869,0.7142730496453901
frequency_resolution_grid,phase,16,4,0.2,False,,0,1,2.8363784304183706,0.29343971631205673,2.1767881647069403,0.4394503546099291
frequency_resolution_grid,phase,16,4,0.2,False,,0,2,1.7965785388029683,0.5244286840031521,1.59733291061212,0.5647163120567376
frequency_resolution_grid,phase,16,4,0.2,False,,0,3,1.374191265654808,0.6212765957446809,1.3456516473851305,0.624468085106383
frequency_resolution_grid,phase,16,4,0.2,False,,0,4,1.1526814664039582,0.6759357762017336,1.2038016177238302,0.6526595744680851
frequency_resolution_grid,phase,16,4,0.2,False,,0,5,1.0089366292465005,0.7110618597320725,1.114509274942655,0.6765070921985815
frequency_resolution_grid,phase,16,4,0.2,False,,0,6,0.9057129823757589,0.7369483845547675,1.0561108060762392,0.6854609929078014
frequency_resolution_grid,phase,16,4,0.2,False,,0,7,0.8251497772568507,0.7572892040977147,1.0170809795670475,0.6954787234042553
frequency_resolution_grid,phase,16,4,0.2,False,,0,8,0.7597622830441282,0.7746749408983451,0.980005100771045,0.7063829787234043
frequency_resolution_grid,phase,16,4,0.2,False,,0,9,0.7055495291643015,0.7885441292356186,0.9543023149595193,0.7109042553191489
frequency_resolution_grid,phase,16,4,0.2,False,,0,10,0.6580347728691672,0.8018420015760441,0.93459426223809,0.7172872340425532
frequency_resolution_grid,phase,16,4,0.2,False,,0,11,0.6168336072195413,0.8124113475177305,0.918027390317714,0.7213652482269504
frequency_resolution_grid,phase,16,4,0.2,False,,0,12,0.5798100896385169,0.8236899133175729,0.9076502876924285,0.7242021276595745
frequency_resolution_grid,phase,16,4,0.2,False,,0,13,0.5464600431627885,0.8336583924349882,0.8988602196071165,0.7257978723404256
frequency_resolution_grid,phase,16,4,0.2,False,,0,14,0.5168897134803053,0.8408983451536644,0.8935773088576946,0.72677304964539
frequency_resolution_grid,phase,16,4,0.2,False,,0,15,0.48850387858066907,0.8494582348305753,0.8916849477916745,0.7257092198581561
frequency_resolution_grid,phase,16,4,0.2,False,,0,16,0.4653825089722942,0.8560480693459417,0.8920309543609619,0.7281914893617021
frequency_resolution_grid,phase,16,4,0.2,False,,0,17,0.4393809453251796,0.864775413711584,0.8937760627016108,0.7320921985815603
frequency_resolution_grid,phase,16,4,0.2,False,,0,18,0.4195143160902674,0.8701930654058314,0.8927752521866602,0.7298758865248227
frequency_resolution_grid,phase,16,4,0.2,False,,0,19,0.39781875168365977,0.8775512214342002,0.8927763340320993,0.7318262411347518
frequency_resolution_grid,phase,16,4,0.2,False,,0,20,0.3797016188420115,0.882919621749409,0.8983080989925574,0.7318262411347518
frequency_resolution_grid,phase,16,4,0.2,False,,0,21,0.36070614805411316,0.8879038613081166,0.9012567636814524,0.7326241134751773
frequency_resolution_grid,phase,16,4,0.2,False,,0,22,0.3426935753172265,0.8946414499605989,0.9059974315318655,0.7324468085106383
frequency_resolution_grid,phase,16,4,0.2,False,,0,23,0.32587909817789557,0.8995468873128447,0.9080844956932338,0.7343971631205674
frequency_resolution_grid,phase,16,4,0.2,False,,0,24,0.31119659733265004,0.9036840031520883,0.9184845988632094,0.7325354609929078
frequency_resolution_grid,phase,16,4,0.2,False,,0,25,0.2961704710414787,0.9091509062253743,0.9230015332817186,0.7348404255319149
frequency_resolution_grid,phase,16,4,0.2,False,,0,26,0.28290375852509686,0.9134456264775414,0.9366267026738918,0.7348404255319149
frequency_resolution_grid,phase,16,4,0.2,False,,0,27,0.2702692265253165,0.9174743892828999,0.9396900787421152,0.7368794326241135
frequency_resolution_grid,phase,16,4,0.2,False,,0,28,0.2567971774966253,0.9209909377462568,0.9475606438961435,0.7343971631205674
frequency_resolution_grid,phase,16,4,0.2,False,,0,29,0.24497498427675501,0.9260539795114263,0.9648838394922568,0.7354609929078014
frequency_resolution_grid,phase,16,4,0.2,False,,0,30,0.23319806664641962,0.9304964539007092,0.9673419306464229,0.7306737588652482
frequency_resolution_grid,phase,16,4,0.2,False,,0,31,0.22439946510173656,0.9321414499605989,0.9847619751666454,0.7296099290780141
frequency_resolution_grid,phase,16,4,0.2,False,,0,32,0.2128012788680898,0.9367415287628054,0.9954552340169325,0.7303191489361702
frequency_resolution_grid,phase,16,4,0.2,False,,0,33,0.2036343794048913,0.9392139479905437,1.0161973197409446,0.7294326241134752
frequency_resolution_grid,phase,16,4,0.2,False,,0,34,0.19411207777928705,0.942897951142632,1.015821040606668,0.7279255319148936
frequency_resolution_grid,phase,16,4,0.2,False,,0,35,0.18382098579425526,0.9466016548463357,1.0336595941097177,0.7291666666666666
frequency_resolution_grid,phase,16,4,0.2,False,,1,1,2.8297694200977177,0.2970843183609141,2.1574444280448537,0.4504432624113475
frequency_resolution_grid,phase,16,4,0.2,False,,1,2,1.7822953157485049,0.527698975571316,1.593315079533462,0.5729609929078014
frequency_resolution_grid,phase,16,4,0.2,False,,1,3,1.3821005692530843,0.6201142631993696,1.3490726033001081,0.6259751773049645
frequency_resolution_grid,phase,16,4,0.2,False,,1,4,1.1689408775574583,0.6714342001576045,1.2064895247736722,0.6564716312056738
frequency_resolution_grid,phase,16,4,0.2,False,,1,5,1.0305955702343543,0.7043045705279748,1.1165377583064087,0.6779255319148936
frequency_resolution_grid,phase,16,4,0.2,False,,1,6,0.9235051165423682,0.7318656422379827,1.056729175604827,0.6901595744680851
frequency_resolution_grid,phase,16,4,0.2,False,,1,7,0.8423030313306948,0.7524625689519306,1.0117519292425603,0.7009751773049645
frequency_resolution_grid,phase,16,4,0.2,False,,1,8,0.7751584914653108,0.7690898345153664,0.9751819684150371,0.7101950354609929
frequency_resolution_grid,phase,16,4,0.2,False,,1,9,0.7196081132377763,0.7844858156028369,0.9516732167690358,0.7149822695035462
frequency_resolution_grid,phase,16,4,0.2,False,,1,10,0.6710205658013845,0.797655634357762,0.9357111966356318,0.7186170212765958
frequency_resolution_grid,phase,16,4,0.2,False,,1,11,0.6293147887650017,0.8094759653270291,0.9203536529067561,0.7279255319148936
frequency_resolution_grid,phase,16,4,0.2,False,,1,12,0.5907620394765344,0.8196118991331758,0.9118730068206787,0.7224290780141844
frequency_resolution_grid,phase,16,4,0.2,False,,1,13,0.5566947146228582,0.8292060677698976,0.9030435099669382,0.7275709219858156
frequency_resolution_grid,phase,16,4,0.2,False,,1,14,0.5267742483610239,0.8370862884160757,0.8920192752324098,0.7310283687943262
frequency_resolution_grid,phase,16,4,0.2,False,,1,15,0.4983927173817411,0.8460106382978724,0.8919545294545221,0.7317375886524823
frequency_resolution_grid,phase,16,4,0.2,False,,1,16,0.4723440619319137,0.8528861308116628,0.8822590470314026,0.7337765957446809
frequency_resolution_grid,phase,16,4,0.2,False,,1,17,0.44800952258684956,0.8610323089046493,0.8878831868476056,0.7347517730496453
frequency_resolution_grid,phase,16,4,0.2,False,,1,18,0.4264377273754213,0.866617415287628,0.892596032856204,0.7315602836879432
frequency_resolution_grid,phase,16,4,0.2,False,,1,19,0.4040602026538082,0.8738081166272655,0.8891232134602594,0.7343971631205674
frequency_resolution_grid,phase,16,4,0.2,False,,1,20,0.38502429867467136,0.8808806146572103,0.8987918300408844,0.7375
frequency_resolution_grid,phase,16,4,0.2,False,,1,21,0.3651865037526551,0.8878349093774626,0.9060051750629506,0.7343971631205674
frequency_resolution_grid,phase,16,4,0.2,False,,1,22,0.34816723816314016,0.8927797478329393,0.9053229881516585,0.7313829787234043
frequency_resolution_grid,phase,16,4,0.2,False,,1,23,0.33127628614622556,0.8981776989755713,0.9111532769304641,0.735549645390071
frequency_resolution_grid,phase,16,4,0.2,False,,1,24,0.31520275003427217,0.903624901497242,0.9137278727605833,0.7328014184397164
frequency_resolution_grid,phase,16,4,0.2,False,,1,25,0.30117639100297966,0.9080673758865249,0.9301149770723167,0.7322695035460993
frequency_resolution_grid,phase,16,4,0.2,False,,1,26,0.2867360550449344,0.9132486209613869,0.9340218139032945,0.7342198581560284
frequency_resolution_grid,phase,16,4,0.2,False,,1,27,0.272056091636114,0.9172182821118992,0.9398569575438263,0.7349290780141844
frequency_resolution_grid,phase,16,4,0.2,False,,1,28,0.25889623804389256,0.9203999211977936,0.9441853518181659,0.7349290780141844
frequency_resolution_grid,phase,16,4,0.2,False,,1,29,0.24738588633501596,0.9261327817178882,0.9554337274943683,0.7344858156028369
frequency_resolution_grid,phase,16,4,0.2,False,,1,30,0.23554317137685885,0.9299054373522458,0.9692536650819982,0.7293439716312057
frequency_resolution_grid,phase,16,4,0.2,False,,1,31,0.2248590130520393,0.9324468085106383,0.9795798053132727,0.7316489361702128
frequency_resolution_grid,phase,16,4,0.2,False,,1,32,0.21470261153693834,0.9360815602836879,0.9918262556089578,0.7289893617021277
frequency_resolution_grid,phase,16,4,0.2,False,,1,33,0.20516940464623054,0.9395193065405831,0.9966738498802726,0.7313829787234043
frequency_resolution_grid,phase,16,4,0.2,False,,1,34,0.19509441753111081,0.9422379826635146,1.0045123394499433,0.7317375886524823
frequency_resolution_grid,phase,16,4,0.2,False,,1,35,0.18650426698820716,0.9461189913317573,1.0268217627038347,0.7289893617021277
frequency_resolution_grid,phase,16,4,0.2,False,,2,1,2.8147102815133556,0.29950748620961387,2.128231791063403,0.4495567375886525
frequency_resolution_grid,phase,16,4,0.2,False,,2,2,1.7339510592820608,0.5364854215918046,1.5783899770560839,0.5663120567375887
frequency_resolution_grid,phase,16,4,0.2,False,,2,3,1.3460857562891042,0.6268912529550827,1.343582340673352,0.6206560283687943
frequency_resolution_grid,phase,16,4,0.2,False,,2,4,1.1416087610877528,0.6780634357762018,1.2182596584583851,0.6515070921985816
frequency_resolution_grid,phase,16,4,0.2,False,,2,5,1.0050270275584914,0.7124901497241922,1.1375383441329847,0.6655141843971631
frequency_resolution_grid,phase,16,4,0.2,False,,2,6,0.9019831154833073,0.7375492513790386,1.0715061514090138,0.6838652482269504
frequency_resolution_grid,phase,16,4,0.2,False,,2,7,0.8215257582183519,0.7582249802994484,1.0232868070298053,0.6977836879432624
frequency_resolution_grid,phase,16,4,0.2,False,,2,8,0.7568522014234647,0.7754137115839244,0.988580116650737,0.7022163120567376
frequency_resolution_grid,phase,16,4,0.2,False,,2,9,0.7033366777090879,0.7888987391646967,0.9562160826743917,0.7140070921985816
frequency_resolution_grid,phase,16,4,0.2,False,,2,10,0.656231845975204,0.8015366430260047,0.9397110173042784,0.7141843971631205
frequency_resolution_grid,phase,16,4,0.2,False,,2,11,0.6153001814211702,0.8132387706855791,0.9278047736654891,0.7171985815602837
frequency_resolution_grid,phase,16,4,0.2,False,,2,12,0.5773437662468452,0.8252561071710008,0.9116037005228353,0.7272163120567375
frequency_resolution_grid,phase,16,4,0.2,False,,2,13,0.5432974655530507,0.8342100078802206,0.9093370188212564,0.7279255319148936
frequency_resolution_grid,phase,16,4,0.2,False,,2,14,0.5135022475082541,0.8423069345941686,0.8993403007798161,0.7316489361702128
frequency_resolution_grid,phase,16,4,0.2,False,,2,15,0.48618138008365674,0.8502659574468086,0.9031233133999168,0.7330673758865248
frequency_resolution_grid,phase,16,4,0.2,False,,2,16,0.45829500828416825,0.8591804570527974,0.9004481948859303,0.7331560283687943
frequency_resolution_grid,phase,16,4,0.2,False,,2,17,0.4341233833555728,0.8664302600472813,0.8965031441010481,0.7320035460992907
frequency_resolution_grid,phase,16,4,0.2,False,,2,18,0.41306121065637275,0.8726063829787234,0.9002125274416403,0.7313829787234043
frequency_resolution_grid,phase,16,4,0.2,False,,2,19,0.39203513026519304,0.8791371158392435,0.9023514214559649,0.7328900709219858
frequency_resolution_grid,phase,16,4,0.2,False,,2,20,0.37352995738164,0.8845547675334909,0.9104525824387868,0.7328014184397164
frequency_resolution_grid,phase,16,4,0.2,False,,2,21,0.35461296824792693,0.889736012608353,0.9048958044314216,0.7346631205673759
frequency_resolution_grid,phase,16,4,0.2,False,,2,22,0.3379450263706505,0.8950157604412924,0.9196955990495411,0.7294326241134752
frequency_resolution_grid,phase,16,4,0.2,False,,2,23,0.32171295908983527,0.9009259259259259,0.9244950199380834,0.7325354609929078
frequency_resolution_grid,phase,16,4,0.2,False,,2,24,0.30623171648423064,0.9054570527974783,0.9372713841445057,0.7295212765957447
frequency_resolution_grid,phase,16,4,0.2,False,,2,25,0.2917932557298782,0.9100965327029157,0.9412044779205999,0.7285460992907802
frequency_resolution_grid,phase,16,4,0.2,False,,2,26,0.27957799785995785,0.9143223010244287,0.9497488929553235,0.7341312056737589
frequency_resolution_grid,phase,16,4,0.2,False,,2,27,0.26569667062813884,0.9191193853427896,0.9639913353725528,0.7320035460992907
frequency_resolution_grid,phase,16,4,0.2,False,,2,28,0.2526005366709967,0.9224980299448384,0.9694036836319782,0.7317375886524823
frequency_resolution_grid,phase,16,4,0.2,False,,2,29,0.24112129576850633,0.9275118203309692,0.9767143749387551,0.7318262411347518
frequency_resolution_grid,phase,16,4,0.2,False,,2,30,0.23008840895243945,0.9305260047281324,0.9911944839548558,0.7280141843971631
frequency_resolution_grid,phase,16,4,0.2,False,,2,31,0.2189546590672411,0.9340721040189125,0.9898701508839926,0.7304078014184398
frequency_resolution_grid,phase,16,4,0.2,False,,2,32,0.2095710233370557,0.9376674546887313,0.9980435088593909,0.7301418439716312
frequency_resolution_grid,phase,16,4,0.2,False,,2,33,0.1998577437643182,0.9410657998423956,1.0069942132801029,0.7331560283687943
frequency_resolution_grid,phase,16,4,0.2,False,,2,34,0.1906602332942405,0.9442671394799055,1.0139253146048133,0.7302304964539007
frequency_resolution_grid,phase,16,4,0.2,False,,2,35,0.18219135996156832,0.9470941686367218,1.0353414579274807,0.7283687943262411
frequency_resolution_grid,phase,16,6,0.2,False,,0,1,2.702078546211417,0.3161544523246651,2.2630069967702773,0.4203014184397163
frequency_resolution_grid,phase,16,6,0.2,False,,0,2,1.9637815231596794,0.485973207249803,1.7775445719982714,0.5242021276595744
frequency_resolution_grid,phase,16,6,0.2,False,,0,3,1.539581794490769,0.5827324665090623,1.4758562945305034,0.5879432624113475
frequency_resolution_grid,phase,16,6,0.2,False,,0,4,1.276710276870487,0.6430949566587865,1.2992312982572731,0.6313829787234042
frequency_resolution_grid,phase,16,6,0.2,False,,0,5,1.1078472495924496,0.6818163908589441,1.1863789604065267,0.6560283687943262
frequency_resolution_grid,phase,16,6,0.2,False,,0,6,0.9840661592611278,0.7129432624113475,1.1157686535771012,0.6689716312056737
frequency_resolution_grid,phase,16,6,0.2,False,,0,7,0.886665686817034,0.7377758077226162,1.0624782931720111,0.6856382978723404
frequency_resolution_grid,phase,16,6,0.2,False,,0,8,0.8113417582215053,0.75674743892829,1.0236687174080112,0.6930851063829787
frequency_resolution_grid,phase,16,6,0.2,False,,0,9,0.7462620277119209,0.7729314420803782,0.9907273988351755,0.7009751773049645
frequency_resolution_grid,phase,16,6,0.2,False,,0,10,0.6917524122271226,0.7887706855791962,0.9756303613067518,0.7009751773049645
frequency_resolution_grid,phase,16,6,0.2,False,,0,11,0.6426808424875246,0.8019306540583137,0.9562871232100413,0.7147163120567376
frequency_resolution_grid,phase,16,6,0.2,False,,0,12,0.6012728743754192,0.8125197005516155,0.9385527128868915,0.7182624113475178
frequency_resolution_grid,phase,16,6,0.2,False,,0,13,0.5606862723310695,0.824468085106383,0.9385276018727756,0.7181737588652483
frequency_resolution_grid,phase,16,6,0.2,False,,0,14,0.5273945039045727,0.8346138691883372,0.9312734401817863,0.7187056737588653
frequency_resolution_grid,phase,16,6,0.2,False,,0,15,0.49770609681487926,0.8413810086682427,0.9360529511110157,0.7179078014184397
frequency_resolution_grid,phase,16,6,0.2,False,,0,16,0.46919760207100303,0.8514282899921197,0.932898747709626,0.7202127659574468
frequency_resolution_grid,phase,16,6,0.2,False,,0,17,0.4428340953480455,0.8576536643026005,0.9351920326550801,0.7192375886524822
frequency_resolution_grid,phase,16,6,0.2,False,,0,18,0.4176444006727097,0.8666469661150512,0.9389401748670754,0.7206560283687943
frequency_resolution_grid,phase,16,6,0.2,False,,0,19,0.3950025811028161,0.8735126083530339,0.9491372585719359,0.7179078014184397
frequency_resolution_grid,phase,16,6,0.2,False,,0,20,0.3728591162708446,0.8804078014184397,0.959211092384149,0.7193262411347517
frequency_resolution_grid,phase,16,6,0.2,False,,0,21,0.3535416167420229,0.8870567375886524,0.9647413246175076,0.7195035460992908
frequency_resolution_grid,phase,16,6,0.2,False,,0,22,0.33653751894467643,0.8920114263199369,0.9751238313972527,0.7207446808510638
frequency_resolution_grid,phase,16,6,0.2,False,,0,23,0.3182579284582296,0.8976359338061466,0.980020332082789,0.7187056737588653
frequency_resolution_grid,phase,16,6,0.2,False,,0,24,0.3019432851702703,0.9027186761229314,0.9863205178409603,0.7235815602836879
frequency_resolution_grid,phase,16,6,0.2,False,,0,25,0.28617639044685755,0.9086682427107959,1.0042319743768544,0.7211879432624113
frequency_resolution_grid,phase,16,6,0.2,False,,0,26,0.2731698978595418,0.9130122143420015,1.011720687615956,0.7196808510638298
frequency_resolution_grid,phase,16,6,0.2,False,,0,27,0.2592255233591048,0.9172379826635145,1.0296207762779073,0.7195035460992908
frequency_resolution_grid,phase,16,6,0.2,False,,0,28,0.24658331716032456,0.9211977935382191,1.0435257671572638,0.7185283687943262
frequency_resolution_grid,phase,16,6,0.2,False,,0,29,0.2332861489226632,0.9263002364066194,1.0667655343705036,0.7197695035460993
frequency_resolution_grid,phase,16,6,0.2,False,,0,30,0.2222123938296328,0.9300827423167849,1.075126844940456,0.7202127659574468
frequency_resolution_grid,phase,16,6,0.2,False,,0,31,0.21212741311748165,0.9334416863672182,1.0901475244802785,0.7216312056737588
frequency_resolution_grid,phase,16,6,0.2,False,,0,32,0.20113750087923662,0.9368400315208826,1.1123876730600992,0.7167553191489362
frequency_resolution_grid,phase,16,6,0.2,False,,0,33,0.19262482631244088,0.939736012608353,1.1223641333850563,0.7161347517730496
frequency_resolution_grid,phase,16,6,0.2,False,,0,34,0.18219501957637857,0.9433707643814027,1.1396752619996984,0.7162234042553192
frequency_resolution_grid,phase,16,6,0.2,False,,0,35,0.17497479785982317,0.9452718676122931,1.1491273094999028,0.7142730496453901
frequency_resolution_grid,phase,16,6,0.2,False,,1,1,2.692011266735429,0.3197399527186761,2.2680022943104414,0.41906028368794324
frequency_resolution_grid,phase,16,6,0.2,False,,1,2,1.9462215996239485,0.49069148936170215,1.7660663626718183,0.5301418439716312
frequency_resolution_grid,phase,16,6,0.2,False,,1,3,1.5350235199721616,0.5826536643026005,1.4932598655105482,0.5867907801418439
frequency_resolution_grid,phase,16,6,0.2,False,,1,4,1.288506235993688,0.6392533490937746,1.319629242065105,0.6227836879432624
frequency_resolution_grid,phase,16,6,0.2,False,,1,5,1.1176191535495792,0.6793538219070134,1.2036620114712004,0.650354609929078
frequency_resolution_grid,phase,16,6,0.2,False,,1,6,0.9919387231763654,0.7100669818754926,1.1231291907053467,0.6705673758865248
frequency_resolution_grid,phase,16,6,0.2,False,,1,7,0.8964373538210413,0.733914499605989,1.0651080124767114,0.6890070921985816
frequency_resolution_grid,phase,16,6,0.2,False,,1,8,0.8210999719921861,0.754580378250591,1.0255866763439585,0.6947695035460993
frequency_resolution_grid,phase,16,6,0.2,False,,1,9,0.7586635414402347,0.7695823483057526,0.986408505963941,0.702304964539007
frequency_resolution_grid,phase,16,6,0.2,False,,1,10,0.7052242999193328,0.7838455476753349,0.9653421564305082,0.7054964539007093
frequency_resolution_grid,phase,16,6,0.2,False,,1,11,0.6567652167815501,0.7988967691095351,0.9517634320766368,0.7144503546099291
frequency_resolution_grid,phase,16,6,0.2,False,,1,12,0.6124437588232535,0.8099980299448385,0.9424539021566405,0.7143617021276596
frequency_resolution_grid,phase,16,6,0.2,False,,1,13,0.5756476070582162,0.8200354609929078,0.9299304508148356,0.7174645390070922
frequency_resolution_grid,phase,16,6,0.2,False,,1,14,0.5414274675626282,0.8305358550039401,0.9298395550842826,0.7201241134751774
frequency_resolution_grid,phase,16,6,0.2,False,,1,15,0.5102573890494398,0.8396572104018912,0.9329796900985934,0.7227836879432624
frequency_resolution_grid,phase,16,6,0.2,False,,1,16,0.4807225412416872,0.8487490149724193,0.92345549603726,0.722872340425532
frequency_resolution_grid,phase,16,6,0.2,False,,1,17,0.4558244788430637,0.8550334909377463,0.9303423414839075,0.723758865248227
frequency_resolution_grid,phase,16,6,0.2,False,,1,18,0.42971034366564076,0.8632781717888101,0.9350106609628556,0.725886524822695
frequency_resolution_grid,phase,16,6,0.2,False,,1,19,0.40666511753960044,0.8714637509850276,0.9352005072519289,0.7244680851063829
frequency_resolution_grid,phase,16,6,0.2,False,,1,20,0.3847042092100854,0.8781225374310481,0.9532482012789301,0.725354609929078
frequency_resolution_grid,phase,16,6,0.2,False,,1,21,0.3638312637148362,0.8843183609141057,0.9612548076514656,0.7221631205673759
frequency_resolution_grid,phase,16,6,0.2,False,,1,22,0.3433826365275492,0.8904747832939323,0.9696360036836448,0.7187056737588653
frequency_resolution_grid,phase,16,6,0.2,False,,1,23,0.32707813341285036,0.8955772261623326,0.9779569582736238,0.7249113475177305
frequency_resolution_grid,phase,16,6,0.2,False,,1,24,0.31200033553103185,0.9008963750985027,0.9867735541458671,0.7233156028368795
frequency_resolution_grid,phase,16,6,0.2,False,,1,25,0.294388790892465,0.9065110323089046,0.9970617940239872,0.7210106382978724
frequency_resolution_grid,phase,16,6,0.2,False,,1,26,0.2803255559023766,0.91051024428684,1.0025251024158288,0.7213652482269504
frequency_resolution_grid,phase,16,6,0.2,False,,1,27,0.2661825181462804,0.9158589440504334,1.011311893344771,0.7232269503546099
frequency_resolution_grid,phase,16,6,0.2,False,,1,28,0.2514572242848792,0.9204294720252167,1.036967028962805,0.7183510638297872
frequency_resolution_grid,phase,16,6,0.2,False,,1,29,0.23870113062356005,0.9250098502758077,1.0381821200357262,0.7199468085106383
frequency_resolution_grid,phase,16,6,0.2,False,,1,30,0.22730276103654745,0.9285756501182033,1.0583515255163747,0.7218085106382979
frequency_resolution_grid,phase,16,6,0.2,False,,1,31,0.21532659479442592,0.9330279747832939,1.0778767437799603,0.7203014184397163
frequency_resolution_grid,phase,16,6,0.2,False,,1,32,0.20517820245736787,0.936790780141844,1.0860799635555727,0.7188829787234042
frequency_resolution_grid,phase,16,6,0.2,False,,1,33,0.19587480900464235,0.938741134751773,1.1076277730312754,0.7193262411347517
frequency_resolution_grid,phase,16,6,0.2,False,,1,34,0.18528904912859742,0.9432131599684791,1.1187506340919657,0.7160460992907801
frequency_resolution_grid,phase,16,6,0.2,False,,1,35,0.17650569501685945,0.9461682427107959,1.13063244092549,0.7176418439716312
frequency_resolution_grid,phase,16,6,0.2,False,,2,1,2.6959654071934116,0.32175925925925924,2.253670595385504,0.4211879432624113
frequency_resolution_grid,phase,16,6,0.2,False,,2,2,1.948183103505789,0.4933806146572104,1.7903064986492725,0.524822695035461
frequency_resolution_grid,phase,16,6,0.2,False,,2,3,1.5371321746925373,0.5850866824271079,1.4796640820537053,0.5908687943262412
frequency_resolution_grid,phase,16,6,0.2,False,,2,4,1.278051765327664,0.6430949566587865,1.3125309944152832,0.6239361702127659
frequency_resolution_grid,phase,16,6,0.2,False,,2,5,1.106833743297556,0.6841016548463357,1.205025896197515,0.650886524822695
frequency_resolution_grid,phase,16,6,0.2,False,,2,6,0.9856053269877032,0.7126182033096927,1.133087660573053,0.6652482269503546
frequency_resolution_grid,phase,16,6,0.2,False,,2,7,0.8928713855826075,0.7369483845547675,1.078527698280118,0.6823581560283688
frequency_resolution_grid,phase,16,6,0.2,False,,2,8,0.8182854938544656,0.7548463356973996,1.0424979034045063,0.6904255319148936
frequency_resolution_grid,phase,16,6,0.2,False,,2,9,0.7556824367566781,0.772478329393223,1.0082650478004564,0.700709219858156
frequency_resolution_grid,phase,16,6,0.2,False,,2,10,0.6998487550691885,0.7874310480693459,0.9911765615145366,0.7015070921985815
frequency_resolution_grid,phase,16,6,0.2,False,,2,11,0.6506010803488693,0.8002167060677698,0.9766894566251877,0.7048758865248227
frequency_resolution_grid,phase,16,6,0.2,False,,2,12,0.607583414728572,0.8115642237982663,0.9540284480608947,0.7084219858156028
frequency_resolution_grid,phase,16,6,0.2,False,,2,13,0.5708688295761181,0.8215130023640662,0.9504526407160657,0.7136524822695035
frequency_resolution_grid,phase,16,6,0.2,False,,2,14,0.5361504136905415,0.8323286052009456,0.9438735422513164,0.7159574468085106
frequency_resolution_grid,phase,16,6,0.2,False,,2,15,0.5052605749303849,0.8414302600472813,0.9413528535382968,0.7213652482269504
frequency_resolution_grid,phase,16,6,0.2,False,,2,16,0.47448113608585746,0.8507190701339638,0.941414437818189,0.7230496453900709
frequency_resolution_grid,phase,16,6,0.2,False,,2,17,0.4480355820005761,0.8585697399527187,0.9486541264446069,0.7198581560283688
frequency_resolution_grid,phase,16,6,0.2,False,,2,18,0.42360468432131104,0.8650906225374311,0.951007698021882,0.7207446808510638
frequency_resolution_grid,phase,16,6,0.2,False,,2,19,0.40061389836765254,0.8731579984239559,0.9536851559547668,0.7195921985815603
frequency_resolution_grid,phase,16,6,0.2,False,,2,20,0.379702926186993,0.8791469661150513,0.9611948798734246,0.7210106382978724
frequency_resolution_grid,phase,16,6,0.2,False,,2,21,0.3588387230797205,0.8851950354609929,0.9642107793202637,0.7243794326241135
frequency_resolution_grid,phase,16,6,0.2,False,,2,22,0.3404522048666122,0.891016548463357,0.9841433328094212,0.7201241134751774
frequency_resolution_grid,phase,16,6,0.2,False,,2,23,0.323987427454844,0.8953605200945627,0.9847298823349865,0.7254432624113475
frequency_resolution_grid,phase,16,6,0.2,False,,2,24,0.304939308943384,0.902945232466509,0.9977964525104415,0.7247340425531915
frequency_resolution_grid,phase,16,6,0.2,False,,2,25,0.29076261324991476,0.9072695035460993,1.008955131735362,0.7216312056737588
frequency_resolution_grid,phase,16,6,0.2,False,,2,26,0.27587970969149034,0.9115248226950354,1.02629342205981,0.7247340425531915
frequency_resolution_grid,phase,16,6,0.2,False,,2,27,0.2612375254655467,0.9170015760441292,1.0424123973711164,0.7213652482269504
frequency_resolution_grid,phase,16,6,0.2,False,,2,28,0.248289943164122,0.9210106382978723,1.0540945613215156,0.723404255319149
frequency_resolution_grid,phase,16,6,0.2,False,,2,29,0.23810849167682507,0.9243400315208826,1.0648387812976297,0.7194148936170213
frequency_resolution_grid,phase,16,6,0.2,False,,2,30,0.22380912443424794,0.9298955870764382,1.0923832698493985,0.7165780141843971
frequency_resolution_grid,phase,16,6,0.2,False,,2,31,0.21585371801475542,0.9319542947202522,1.095191581113964,0.7171099290780142
frequency_resolution_grid,phase,16,6,0.2,False,,2,32,0.20287058633363933,0.9364755713159969,1.1049037380421416,0.7215425531914894
frequency_resolution_grid,phase,16,6,0.2,False,,2,33,0.19325051208102298,0.93948975571316,1.1306182790309824,0.7178191489361702
frequency_resolution_grid,phase,16,6,0.2,False,,2,34,0.18426994388971488,0.9424842395587076,1.1467080940591527,0.7167553191489362
frequency_resolution_grid,phase,16,6,0.2,False,,2,35,0.17556025792145183,0.9460795902285264,1.1637542051626435,0.7139184397163121
frequency_resolution_grid,phase,16,8,0.2,False,,0,1,2.9351379079645876,0.26461780929866036,2.6125786443128654,0.3384751773049645
frequency_resolution_grid,phase,16,8,0.2,False,,0,2,2.327814332212023,0.4066292356185973,2.1131016169879455,0.45673758865248226
frequency_resolution_grid,phase,16,8,0.2,False,,0,3,1.8268166966284232,0.5211780929866037,1.6694807000194036,0.5495567375886525
frequency_resolution_grid,phase,16,8,0.2,False,,0,4,1.4415409379535251,0.605860914105595,1.4041107485480342,0.6083333333333333
frequency_resolution_grid,phase,16,8,0.2,False,,0,5,1.2085066779191518,0.6591706067769898,1.2490443056356821,0.6425531914893617
frequency_resolution_grid,phase,16,8,0.2,False,,0,6,1.0601397779252795,0.6929078014184397,1.1529404550579423,0.6607269503546099
frequency_resolution_grid,phase,16,8,0.2,False,,0,7,0.9522466007981176,0.7208530338849488,1.0873914353390957,0.6784574468085106
frequency_resolution_grid,phase,16,8,0.2,False,,0,8,0.8715334359823577,0.7401004728132388,1.0468796815855284,0.6879432624113475
frequency_resolution_grid,phase,16,8,0.2,False,,0,9,0.8077797207144699,0.7573680063041766,1.019122907709568,0.6906914893617021
frequency_resolution_grid,phase,16,8,0.2,False,,0,10,0.7534909878968253,0.7724980299448384,0.9955921895960544,0.6974290780141844
frequency_resolution_grid,phase,16,8,0.2,False,,0,11,0.7036925996355037,0.7858353033884948,0.9737991540144522,0.7065602836879432
frequency_resolution_grid,phase,16,8,0.2,False,,0,12,0.6620580681860212,0.7961386918833727,0.9701806199466083,0.7097517730496454
frequency_resolution_grid,phase,16,8,0.2,False,,0,13,0.621288714552602,0.8069838455476753,0.9482107784731169,0.7148049645390071
frequency_resolution_grid,phase,16,8,0.2,False,,0,14,0.5839549014284632,0.8183116627265563,0.9355245382227796,0.7190602836879433
frequency_resolution_grid,phase,16,8,0.2,False,,0,15,0.5534729678204343,0.8270488573680063,0.9426097097971761,0.7185283687943262
frequency_resolution_grid,phase,16,8,0.2,False,,0,16,0.5239111060979706,0.8351457840819543,0.9294334235343528,0.7243794326241135
frequency_resolution_grid,phase,16,8,0.2,False,,0,17,0.4950938869311736,0.8440208825847124,0.9409342962799343,0.7226063829787234
frequency_resolution_grid,phase,16,8,0.2,False,,0,18,0.47169429638707044,0.850108353033885,0.9374983538972571,0.7211879432624113
frequency_resolution_grid,phase,16,8,0.2,False,,0,19,0.4459979401083797,0.859091804570528,0.9463939468065897,0.724822695035461
frequency_resolution_grid,phase,16,8,0.2,False,,0,20,0.4226493252460369,0.8666765169424744,0.953804630971124,0.7234929078014184
frequency_resolution_grid,phase,16,8,0.2,False,,0,21,0.4020943909061528,0.871128841607565,0.9625953622109501,0.7223404255319149
frequency_resolution_grid,phase,16,8,0.2,False,,0,22,0.38222277986195446,0.8768912529550827,0.9678776713973242,0.7231382978723404
frequency_resolution_grid,phase,16,8,0.2,False,,0,23,0.36275108368778153,0.8835697399527187,0.9803215784595368,0.7230496453900709
frequency_resolution_grid,phase,16,8,0.2,False,,0,24,0.3466282699125033,0.8880516154452325,0.9855965808350989,0.7229609929078015
frequency_resolution_grid,phase,16,8,0.2,False,,0,25,0.3306978362483993,0.894424743892829,1.0004349924571125,0.7203014184397163
frequency_resolution_grid,phase,16,8,0.2,False,,0,26,0.31540236937614574,0.8983254531126872,1.012305732356741,0.7223404255319149
frequency_resolution_grid,phase,16,8,0.2,False,,0,27,0.30006054071012306,0.9036741528762805,1.018181648533395,0.7230496453900709
frequency_resolution_grid,phase,16,8,0.2,False,,0,28,0.2849965215762644,0.9080082742316785,1.0214942796433226,0.726418439716312
frequency_resolution_grid,phase,16,8,0.2,False,,0,29,0.27060549933202066,0.9133569739952718,1.0411310260177504,0.7219858156028369
frequency_resolution_grid,phase,16,8,0.2,False,,0,30,0.25901288140280404,0.9162628053585501,1.052143476449006,0.7232269503546099
frequency_resolution_grid,phase,16,8,0.2,False,,0,31,0.2461334140729115,0.9217198581560284,1.0692312784228764,0.7216312056737588
frequency_resolution_grid,phase,16,8,0.2,False,,0,32,0.23505190325309386,0.9251576044129236,1.0858289079463228,0.7211879432624113
frequency_resolution_grid,phase,16,8,0.2,False,,0,33,0.2231308177324897,0.9288022064617809,1.114669770256002,0.714095744680851
frequency_resolution_grid,phase,16,8,0.2,False,,0,34,0.21309473347344485,0.9317178881008669,1.1155015854970782,0.7216312056737588
frequency_resolution_grid,phase,16,8,0.2,False,,0,35,0.20312798171648366,0.935401891252955,1.1381527083139893,0.7158687943262412
frequency_resolution_grid,phase,16,8,0.2,False,,1,1,2.928979768257051,0.2665090622537431,2.6113179829103728,0.3453014184397163
frequency_resolution_grid,phase,16,8,0.2,False,,1,2,2.320652550501181,0.40921985815602835,2.108161986465995,0.4568262411347518
frequency_resolution_grid,phase,16,8,0.2,False,,1,3,1.8190068674237827,0.521197793538219,1.6943916899092655,0.5445921985815603
frequency_resolution_grid,phase,16,8,0.2,False,,1,4,1.4449130177779683,0.6049054373522459,1.4034851381964717,0.612322695035461
frequency_resolution_grid,phase,16,8,0.2,False,,1,5,1.2114484364635085,0.6595744680851063,1.250261367635524,0.6423758865248227
frequency_resolution_grid,phase,16,8,0.2,False,,1,6,1.059869195825007,0.6957151300236407,1.1587898411649338,0.660372340425532
frequency_resolution_grid,phase,16,8,0.2,False,,1,7,0.9550166922164207,0.7207052797478329,1.0980573040373782,0.6797872340425531
frequency_resolution_grid,phase,16,8,0.2,False,,1,8,0.8755315077032415,0.7409672970843184,1.0501125281584178,0.6882978723404255
frequency_resolution_grid,phase,16,8,0.2,False,,1,9,0.8090337930841649,0.7578900709219858,1.0205553064955042,0.699468085106383
frequency_resolution_grid,phase,16,8,0.2,False,,1,10,0.753811589388325,0.7725374310480694,0.9950760374677942,0.7039007092198581
frequency_resolution_grid,phase,16,8,0.2,False,,1,11,0.7061508400314337,0.7841903073286052,0.9736174132807035,0.7079787234042553
frequency_resolution_grid,phase,16,8,0.2,False,,1,12,0.6626036454364951,0.7965228526398739,0.9618292054386004,0.712854609929078
frequency_resolution_grid,phase,16,8,0.2,False,,1,13,0.6246574005242687,0.8059200157604413,0.9554116238939001,0.7142730496453901
frequency_resolution_grid,phase,16,8,0.2,False,,1,14,0.5901994655881931,0.8166075650118203,0.94509665619397,0.7161347517730496
frequency_resolution_grid,phase,16,8,0.2,False,,1,15,0.5574066757967944,0.8241233254531127,0.9415868644173264,0.7208333333333333
frequency_resolution_grid,phase,16,8,0.2,False,,1,16,0.5272304963746157,0.8335204885736801,0.9362784840113728,0.7222517730496454
frequency_resolution_grid,phase,16,8,0.2,False,,1,17,0.5002077442722306,0.8408983451536644,0.9414528577885729,0.7206560283687943
frequency_resolution_grid,phase,16,8,0.2,False,,1,18,0.4733991110202738,0.8488179669030733,0.9360701659047012,0.7281914893617021
frequency_resolution_grid,phase,16,8,0.2,False,,1,19,0.44966531277078636,0.8561170212765957,0.9468401772333375,0.7236702127659574
frequency_resolution_grid,phase,16,8,0.2,False,,1,20,0.428361213289442,0.8612884160756501,0.9541980979713143,0.7235815602836879
frequency_resolution_grid,phase,16,8,0.2,False,,1,21,0.40760425113617105,0.8680949566587864,0.9660278598467509,0.7257092198581561
frequency_resolution_grid,phase,16,8,0.2,False,,1,22,0.38743302483930653,0.8756698187549251,0.9666797949067244,0.7230496453900709
frequency_resolution_grid,phase,16,8,0.2,False,,1,23,0.3678565178263178,0.8817375886524823,0.9822530787464575,0.7226063829787234
frequency_resolution_grid,phase,16,8,0.2,False,,1,24,0.3504692612716398,0.8868794326241135,0.9840394082221579,0.7226063829787234
frequency_resolution_grid,phase,16,8,0.2,False,,1,25,0.3335259534318772,0.8914007092198581,1.0052824340813549,0.7189716312056738
frequency_resolution_grid,phase,16,8,0.2,False,,1,26,0.3177560132504731,0.8976654846335698,1.0115949552955357,0.7185283687943262
frequency_resolution_grid,phase,16,8,0.2,False,,1,27,0.30166809726550503,0.9033195429472025,1.020225586071082,0.7221631205673759
frequency_resolution_grid,phase,16,8,0.2,False,,1,28,0.2883124988881315,0.9070133963750985,1.0224484179882294,0.7222517730496454
frequency_resolution_grid,phase,16,8,0.2,False,,1,29,0.2744581802822268,0.9114558707643814,1.0411554404184329,0.7243794326241135
frequency_resolution_grid,phase,16,8,0.2,False,,1,30,0.26270747490056956,0.9144405043341214,1.0503407817360357,0.7227836879432624
frequency_resolution_grid,phase,16,8,0.2,False,,1,31,0.24978067303286283,0.9197301024428683,1.0651649099715212,0.7196808510638298
frequency_resolution_grid,phase,16,8,0.2,False,,1,32,0.23885371772391858,0.9234929078014185,1.0736067358483659,0.7203900709219858
frequency_resolution_grid,phase,16,8,0.2,False,,1,33,0.2267863210610652,0.9270193065405832,1.077829115441505,0.723758865248227
frequency_resolution_grid,phase,16,8,0.2,False,,1,34,0.21709638964693034,0.9304176516942474,1.0905733422184667,0.7188829787234042
frequency_resolution_grid,phase,16,8,0.2,False,,1,35,0.20804192783843822,0.9331855791962175,1.110790255982825,0.7209219858156029
frequency_resolution_grid,phase,16,8,0.2,False,,2,1,2.9315578925506256,0.2678486997635934,2.632438838904631,0.3330673758865248
frequency_resolution_grid,phase,16,8,0.2,False,,2,2,2.337465592779636,0.4066292356185973,2.1539361087988453,0.4420212765957447
frequency_resolution_grid,phase,16,8,0.2,False,,2,3,1.8526283445275609,0.514775413711584,1.7098353957453518,0.537677304964539
frequency_resolution_grid,phase,16,8,0.2,False,,2,4,1.4490829672185899,0.6057624113475177,1.4197354979548893,0.6054078014184398
frequency_resolution_grid,phase,16,8,0.2,False,,2,5,1.2083285525053669,0.6594168636721828,1.2725782484872967,0.6335106382978724
frequency_resolution_grid,phase,16,8,0.2,False,,2,6,1.0576669851751004,0.6948384554767534,1.1765885927998427,0.6573581560283688
frequency_resolution_grid,phase,16,8,0.2,False,,2,7,0.949737503079564,0.7210697399527187,1.1210209969933151,0.6671985815602837
frequency_resolution_grid,phase,16,8,0.2,False,,2,8,0.8692485856671706,0.7410362490149724,1.0656359770619277,0.6814716312056738
frequency_resolution_grid,phase,16,8,0.2,False,,2,9,0.8013517047778371,0.7576536643026005,1.028720205895444,0.6930851063829787
frequency_resolution_grid,phase,16,8,0.2,False,,2,10,0.7431491126311492,0.7745271867612293,1.006263645405465,0.6986702127659574
frequency_resolution_grid,phase,16,8,0.2,False,,2,11,0.6911957381089152,0.7887411347517731,0.9834578704326711,0.7029255319148936
frequency_resolution_grid,phase,16,8,0.2,False,,2,12,0.6478711128328802,0.7991036249014972,0.9599958900864243,0.7125886524822695
frequency_resolution_grid,phase,16,8,0.2,False,,2,13,0.6089221799627264,0.8094858156028368,0.9491399142336339,0.7149822695035462
frequency_resolution_grid,phase,16,8,0.2,False,,2,14,0.5735675793543306,0.8195527974783294,0.9470605848528815,0.7165780141843971
frequency_resolution_grid,phase,16,8,0.2,False,,2,15,0.5401661766524198,0.8292750197005516,0.9464793725216643,0.7168439716312057
frequency_resolution_grid,phase,16,8,0.2,False,,2,16,0.5096852117678234,0.8384160756501182,0.9381646333856786,0.7215425531914894
frequency_resolution_grid,phase,16,8,0.2,False,,2,17,0.4819627664895204,0.8463258471237195,0.9447502671404088,0.7207446808510638
frequency_resolution_grid,phase,16,8,0.2,False,,2,18,0.4580722070473024,0.8529944838455477,0.9459248735549602,0.7194148936170213
frequency_resolution_grid,phase,16,8,0.2,False,,2,19,0.43498245904161953,0.8593676122931442,0.9494270516625533,0.7211879432624113
frequency_resolution_grid,phase,16,8,0.2,False,,2,20,0.4130605998473246,0.867011426319937,0.9556998279923243,0.7219858156028369
frequency_resolution_grid,phase,16,8,0.2,False,,2,21,0.39174234955868825,0.8731185973207249,0.959828955738257,0.7234929078014184
frequency_resolution_grid,phase,16,8,0.2,False,,2,22,0.37223762455091786,0.8801418439716312,0.9730183216696935,0.7229609929078015
frequency_resolution_grid,phase,16,8,0.2,False,,2,23,0.3538276459707624,0.8862687155240346,0.986907359640649,0.7171099290780142
frequency_resolution_grid,phase,16,8,0.2,False,,2,24,0.33567792029245525,0.8915583136327817,0.9941015007648062,0.7171985815602837
frequency_resolution_grid,phase,16,8,0.2,False,,2,25,0.31953993824356836,0.8964046493301813,1.0103430517176364,0.7145390070921985
frequency_resolution_grid,phase,16,8,0.2,False,,2,26,0.30430778798576036,0.9012214342001577,1.018641994270027,0.7175531914893617
frequency_resolution_grid,phase,16,8,0.2,False,,2,27,0.2904040794446771,0.9045606776989755,1.0318335698006,0.7167553191489362
frequency_resolution_grid,phase,16,8,0.2,False,,2,28,0.27792362606459664,0.9097123719464145,1.0441371376210071,0.7183510638297872
frequency_resolution_grid,phase,16,8,0.2,False,,2,29,0.2641438439382729,0.9145488573680063,1.061108978758467,0.7157801418439717
frequency_resolution_grid,phase,16,8,0.2,False,,2,30,0.25132262586748816,0.9192572892040977,1.076472323752464,0.7127659574468085
frequency_resolution_grid,phase,16,8,0.2,False,,2,31,0.24040350460273435,0.9224487785657999,1.0838654056931218,0.7148049645390071
frequency_resolution_grid,phase,16,8,0.2,False,,2,32,0.22860009140908202,0.92698975571316,1.1104296762469812,0.713741134751773
frequency_resolution_grid,phase,16,8,0.2,False,,2,33,0.219293299303269,0.9307131599684791,1.1214473862174554,0.7142730496453901
frequency_resolution_grid,phase,16,8,0.2,False,,2,34,0.20791337904824903,0.9340031520882585,1.1231459455287203,0.7203014184397163
frequency_resolution_grid,phase,16,8,0.2,False,,2,35,0.19779893280813504,0.9374113475177305,1.1448016775626664,0.7187943262411347
frequency_resolution_grid,phase,16,12,0.2,False,,0,1,2.791869720988052,0.2977738376674547,2.7109247965170136,0.3204787234042553
frequency_resolution_grid,phase,16,12,0.2,False,,0,2,2.4684793349792864,0.37125689519306543,2.158757114072218,0.4486702127659574
frequency_resolution_grid,phase,16,12,0.2,False,,0,3,1.799285475112398,0.5230003940110323,1.6002921347922467,0.5555851063829788
frequency_resolution_grid,phase,16,12,0.2,False,,0,4,1.3739933068964592,0.6165681639085895,1.3425968221738829,0.6175531914893617
frequency_resolution_grid,phase,16,12,0.2,False,,0,5,1.1662791087929896,0.6654649330181245,1.202278131204294,0.6554078014184397
frequency_resolution_grid,phase,16,12,0.2,False,,0,6,1.0433766429118043,0.6941981875492513,1.1431245474527914,0.6691489361702128
frequency_resolution_grid,phase,16,12,0.2,False,,0,7,0.9592106724649644,0.7173364854215918,1.0895589271758466,0.6773936170212767
frequency_resolution_grid,phase,16,12,0.2,False,,0,8,0.8951307196801248,0.7325551615445233,1.053970952659634,0.6881205673758866
frequency_resolution_grid,phase,16,12,0.2,False,,0,9,0.839868911163745,0.746522852639874,1.0282403205303436,0.6986702127659574
frequency_resolution_grid,phase,16,12,0.2,False,,0,10,0.7947007565539685,0.7595843183609141,1.0168812360323913,0.6962765957446808
frequency_resolution_grid,phase,16,12,0.2,False,,0,11,0.7550559302124101,0.769139085894405,0.9977663048615693,0.7031914893617022
frequency_resolution_grid,phase,16,12,0.2,False,,0,12,0.7180329019625042,0.7779550827423168,0.9868209450802905,0.7067375886524823
frequency_resolution_grid,phase,16,12,0.2,False,,0,13,0.6826162107729179,0.7888790386130812,0.9653792764278168,0.7135638297872341
frequency_resolution_grid,phase,16,12,0.2,False,,0,14,0.6512438041568273,0.7958727344365643,0.9671356932491275,0.712677304964539
frequency_resolution_grid,phase,16,12,0.2,False,,0,15,0.6251430948951096,0.8030831363278171,0.9702259805185575,0.7162234042553192
frequency_resolution_grid,phase,16,12,0.2,False,,0,16,0.5975563046780038,0.8110815602836879,0.9676003464570282,0.7172872340425532
frequency_resolution_grid,phase,16,12,0.2,False,,0,17,0.5715634437881181,0.818498817966903,0.9787192634656919,0.7169326241134751
frequency_resolution_grid,phase,16,12,0.2,False,,0,18,0.5498126854945394,0.8241134751773049,0.96715995111364,0.7179078014184397
frequency_resolution_grid,phase,16,12,0.2,False,,0,19,0.528270491119254,0.8308215130023641,0.9719590969964967,0.7186170212765958
frequency_resolution_grid,phase,16,12,0.2,False,,0,20,0.5090446091337031,0.8358845547675335,0.9804298053396509,0.7213652482269504
frequency_resolution_grid,phase,16,12,0.2,False,,0,21,0.488913584835798,0.8413416075650119,0.9880402242460995,0.7182624113475178
frequency_resolution_grid,phase,16,12,0.2,False,,0,22,0.4713782788497242,0.84623719464145,0.9867088803162811,0.7244680851063829
frequency_resolution_grid,phase,16,12,0.2,False,,0,23,0.4537346979123199,0.8510539795114264,0.9881611933522191,0.7198581560283688
frequency_resolution_grid,phase,16,12,0.2,False,,0,24,0.4370158099301506,0.85674743892829,1.0025714783803792,0.7195921985815603
frequency_resolution_grid,phase,16,12,0.2,False,,0,25,0.4207967537279858,0.8613573680063041,1.0057874344764872,0.7171099290780142
frequency_resolution_grid,phase,16,12,0.2,False,,0,26,0.4058575913180884,0.8658096926713948,1.0258657047511839,0.7167553191489362
frequency_resolution_grid,phase,16,12,0.2,False,,0,27,0.39177789693746723,0.8700945626477541,1.0319341522582033,0.7213652482269504
frequency_resolution_grid,phase,16,12,0.2,False,,0,28,0.375448097353192,0.8743695823483058,1.0329842651989443,0.7213652482269504
frequency_resolution_grid,phase,16,12,0.2,False,,0,29,0.36399677239411266,0.8787332545311268,1.0558691533744757,0.7179964539007092
frequency_resolution_grid,phase,16,12,0.2,False,,0,30,0.3479384723519415,0.883845547675335,1.04816465005807,0.7187943262411347
frequency_resolution_grid,phase,16,12,0.2,False,,0,31,0.3363886050580523,0.8880910165484633,1.0642738205321292,0.7191489361702128
frequency_resolution_grid,phase,16,12,0.2,False,,0,32,0.32419185462760775,0.8910756501182033,1.0831055513510468,0.7209219858156029
frequency_resolution_grid,phase,16,12,0.2,False,,0,33,0.3144033955226647,0.8939125295508275,1.10016130403424,0.713741134751773
frequency_resolution_grid,phase,16,12,0.2,False,,0,34,0.30039324378807586,0.8980594956658786,1.101324094018192,0.7190602836879433
frequency_resolution_grid,phase,16,12,0.2,False,,0,35,0.2910506837099344,0.9019011032308905,1.120548289380175,0.7192375886524822
frequency_resolution_grid,phase,16,12,0.2,False,,1,1,2.7903082705558613,0.29807919621749407,2.7492650836917525,0.311613475177305
frequency_resolution_grid,phase,16,12,0.2,False,,1,2,2.459158877409566,0.3759160756501182,2.196896908469234,0.44406028368794326
frequency_resolution_grid,phase,16,12,0.2,False,,1,3,1.8093779588140213,0.5197596532702916,1.6215406980920346,0.5570921985815603
frequency_resolution_grid,phase,16,12,0.2,False,,1,4,1.3732229520900687,0.6185677698975571,1.3304222399461354,0.6282801418439716
frequency_resolution_grid,phase,16,12,0.2,False,,1,5,1.1677434590691371,0.6647163120567375,1.2128673414812021,0.6539893617021276
frequency_resolution_grid,phase,16,12,0.2,False,,1,6,1.042771002135942,0.6962765957446808,1.1641442080761524,0.6585992907801419
frequency_resolution_grid,phase,16,12,0.2,False,,1,7,0.9587335109147056,0.7164302600472813,1.090955430311514,0.6807624113475177
frequency_resolution_grid,phase,16,12,0.2,False,,1,8,0.8890737321265952,0.7344956658786446,1.0537521806169063,0.6899822695035461
frequency_resolution_grid,phase,16,12,0.2,False,,1,9,0.8345180430498716,0.7478624901497242,1.0405121438046718,0.6890070921985816
frequency_resolution_grid,phase,16,12,0.2,False,,1,10,0.7880170620737158,0.7593577620173365,1.023362386649382,0.6984929078014185
frequency_resolution_grid,phase,16,12,0.2,False,,1,11,0.7475630723744325,0.7689223798266351,0.9929584346764476,0.7093085106382979
frequency_resolution_grid,phase,16,12,0.2,False,,1,12,0.7105786213497179,0.7803191489361702,0.9870031952857972,0.7084219858156028
frequency_resolution_grid,phase,16,12,0.2,False,,1,13,0.678193008420597,0.7884554767533491,0.9824688769401388,0.7099290780141844
frequency_resolution_grid,phase,16,12,0.2,False,,1,14,0.6476100951503636,0.7966804570527974,0.9666080278707734,0.7117021276595744
frequency_resolution_grid,phase,16,12,0.2,False,,1,15,0.6189408637295566,0.8046493301812451,0.9660171067461054,0.7152482269503546
frequency_resolution_grid,phase,16,12,0.2,False,,1,16,0.5918046410014256,0.8137017336485421,0.9561361233393352,0.7186170212765958
frequency_resolution_grid,phase,16,12,0.2,False,,1,17,0.566427008461257,0.8203703703703704,0.9649042303680528,0.712854609929078
frequency_resolution_grid,phase,16,12,0.2,False,,1,18,0.541481957567593,0.8274034672970844,0.9543170816509436,0.7222517730496454
frequency_resolution_grid,phase,16,12,0.2,False,,1,19,0.5201199409903458,0.8327718676122932,0.9723573605219523,0.7182624113475178
frequency_resolution_grid,phase,16,12,0.2,False,,1,20,0.4999971339700727,0.8386327817178881,0.9597086394086797,0.7247340425531915
frequency_resolution_grid,phase,16,12,0.2,False,,1,21,0.479505960174768,0.8436859732072498,0.9787514554693344,0.7175531914893617
frequency_resolution_grid,phase,16,12,0.2,False,,1,22,0.4627938306359816,0.84900512214342,0.9820936959686009,0.7189716312056738
frequency_resolution_grid,phase,16,12,0.2,False,,1,23,0.4434998388831497,0.8557722616233254,0.9895589902045879,0.7226950354609929
frequency_resolution_grid,phase,16,12,0.2,False,,1,24,0.4273518317886184,0.8603132387706856,0.9912049082999533,0.7240248226950354
frequency_resolution_grid,phase,16,12,0.2,False,,1,25,0.4112765896545798,0.8641745468873129,1.0040772318840028,0.7212765957446808
frequency_resolution_grid,phase,16,12,0.2,False,,1,26,0.39588653425986225,0.8692868400315209,1.0143798273505893,0.7191489361702128
frequency_resolution_grid,phase,16,12,0.2,False,,1,27,0.3831018173196731,0.8734830575256107,1.0049364837348884,0.7263297872340425
frequency_resolution_grid,phase,16,12,0.2,False,,1,28,0.3696905767851875,0.87677304964539,1.0134267648061117,0.7252659574468086
frequency_resolution_grid,phase,16,12,0.2,False,,1,29,0.35431516665093443,0.8815307328605201,1.028947280231097,0.7244680851063829
frequency_resolution_grid,phase,16,12,0.2,False,,1,30,0.33876073383928,0.887214342001576,1.0387619515682789,0.7235815602836879
frequency_resolution_grid,phase,16,12,0.2,False,,1,31,0.32870802386150855,0.8900906225374311,1.0560440232567754,0.7189716312056738
frequency_resolution_grid,phase,16,12,0.2,False,,1,32,0.3155495791288696,0.8945429472025217,1.0703399101893107,0.7190602836879433
frequency_resolution_grid,phase,16,12,0.2,False,,1,33,0.303991930352317,0.8973207249802995,1.0844209715829674,0.7189716312056738
frequency_resolution_grid,phase,16,12,0.2,False,,1,34,0.29251194258577906,0.9022163120567376,1.0782805662628607,0.7234929078014184
frequency_resolution_grid,phase,16,12,0.2,False,,1,35,0.2837359992465793,0.9038022064617809,1.0932309916678895,0.723404255319149
frequency_resolution_grid,phase,16,12,0.2,False,,2,1,2.7963051402540637,0.298650512214342,2.7499489936422794,0.3022163120567376
frequency_resolution_grid,phase,16,12,0.2,False,,2,2,2.4687240693398214,0.3757683215130024,2.1789434532747203,0.44210992907801416
frequency_resolution_grid,phase,16,12,0.2,False,,2,3,1.802563161226217,0.5225078802206462,1.5863869782035231,0.5639184397163121
frequency_resolution_grid,phase,16,12,0.2,False,,2,4,1.3601986810107038,0.6221138691883372,1.330175205494495,0.6185283687943263
frequency_resolution_grid,phase,16,12,0.2,False,,2,5,1.1578261162184467,0.6681245074862097,1.234876624066779,0.6433510638297872
frequency_resolution_grid,phase,16,12,0.2,False,,2,6,1.0401749765525379,0.6968676122931442,1.1628487302901898,0.6546099290780142
frequency_resolution_grid,phase,16,12,0.2,False,,2,7,0.9570433580001759,0.7167159180457052,1.1236964547042305,0.6679964539007093
frequency_resolution_grid,phase,16,12,0.2,False,,2,8,0.891955901826809,0.7347419227738377,1.086629540277711,0.675177304964539
frequency_resolution_grid,phase,16,12,0.2,False,,2,9,0.8398544725233218,0.7473108747044918,1.0516537493847786,0.6906914893617021
frequency_resolution_grid,phase,16,12,0.2,False,,2,10,0.7940277331264306,0.7584613869188337,1.0387876980693629,0.6951241134751773
frequency_resolution_grid,phase,16,12,0.2,False,,2,11,0.7537595448764504,0.7690110323089047,1.0360116006634759,0.6929964539007092
frequency_resolution_grid,phase,16,12,0.2,False,,2,12,0.7179296909494602,0.7777285263987391,1.007334010271316,0.7051418439716312
frequency_resolution_grid,phase,16,12,0.2,False,,2,13,0.6845521588133864,0.7870074862096139,1.0084453402681555,0.7073581560283688
frequency_resolution_grid,phase,16,12,0.2,False,,2,14,0.6523539758085547,0.7949862096138692,0.9896092862102157,0.711968085106383
frequency_resolution_grid,phase,16,12,0.2,False,,2,15,0.6258135167560397,0.803053585500394,0.9942298088513367,0.7111702127659575
frequency_resolution_grid,phase,16,12,0.2,False,,2,16,0.5983153131085178,0.8100768321513002,0.9939310509685083,0.712145390070922
frequency_resolution_grid,phase,16,12,0.2,False,,2,17,0.5742152974725803,0.8154550827423168,0.9868872970554,0.7122340425531914
frequency_resolution_grid,phase,16,12,0.2,False,,2,18,0.5508987367763775,0.8239164696611505,0.9941633996388591,0.7115248226950355
frequency_resolution_grid,phase,16,12,0.2,False,,2,19,0.5283248682206216,0.8302501970055162,0.9918294350728921,0.7144503546099291
frequency_resolution_grid,phase,16,12,0.2,False,,2,20,0.5091595913501497,0.8358353033884949,0.9977410314776374,0.7124113475177305
frequency_resolution_grid,phase,16,12,0.2,False,,2,21,0.48887741128885437,0.8403959810874705,0.9909740100092922,0.7198581560283688
frequency_resolution_grid,phase,16,12,0.2,False,,2,22,0.4693114288967364,0.8461583924349881,1.0097068270892962,0.7162234042553192
frequency_resolution_grid,phase,16,12,0.2,False,,2,23,0.4510598242188928,0.8523049645390071,1.0074164248104636,0.7136524822695035
frequency_resolution_grid,phase,16,12,0.2,False,,2,24,0.4340251096690894,0.8569345941686367,1.006762467546666,0.7163120567375887
frequency_resolution_grid,phase,16,12,0.2,False,,2,25,0.4181618333332552,0.8617612293144208,1.0121855384914586,0.7158687943262412
frequency_resolution_grid,phase,16,12,0.2,False,,2,26,0.4009656569401611,0.8675039401103231,1.0325864596147063,0.7188829787234042
frequency_resolution_grid,phase,16,12,0.2,False,,2,27,0.3884374499743712,0.870951536643026,1.0318153179283682,0.7156914893617021
frequency_resolution_grid,phase,16,12,0.2,False,,2,28,0.3738667330491064,0.8747340425531915,1.0381378328969293,0.7140070921985816
frequency_resolution_grid,phase,16,12,0.2,False,,2,29,0.3603927258904099,0.8785756501182033,1.052875108837236,0.7145390070921985
frequency_resolution_grid,phase,16,12,0.2,False,,2,30,0.3460930306015285,0.8831560283687944,1.0689505154782153,0.7171099290780142
frequency_resolution_grid,phase,16,12,0.2,False,,2,31,0.3335073225910594,0.8873325453112687,1.0759505874721715,0.7155141843971631
frequency_resolution_grid,phase,16,12,0.2,False,,2,32,0.3213818221344922,0.8917060677698976,1.0891022552201088,0.7170212765957447
frequency_resolution_grid,phase,16,12,0.2,False,,2,33,0.3094306392872587,0.8948680063041765,1.0910828284760739,0.7198581560283688
frequency_resolution_grid,phase,16,12,0.2,False,,2,34,0.2975431240666467,0.899537037037037,1.1339618575277057,0.7156914893617021
frequency_resolution_grid,phase,16,12,0.2,False,,2,35,0.2872208220057829,0.9023936170212766,1.1207525900915158,0.7164893617021276
frequency_resolution_grid,phase,16,16,0.2,False,,0,1,2.5308841248400293,0.35736800630417653,2.7326764431405577,0.31072695035460995
frequency_resolution_grid,phase,16,16,0.2,False,,0,2,2.6275781276378227,0.32990543735224587,2.5485419266612817,0.3526595744680851
frequency_resolution_grid,phase,16,16,0.2,False,,0,3,2.1307807689017437,0.4355496453900709,1.894858136751973,0.47349290780141845
frequency_resolution_grid,phase,16,16,0.2,False,,0,4,1.5999661036792752,0.5576733648542159,1.5456603593860112,0.5693262411347517
frequency_resolution_grid,phase,16,16,0.2,False,,0,5,1.3491444221719031,0.6162529550827424,1.3946529630228137,0.6042553191489362
frequency_resolution_grid,phase,16,16,0.2,False,,0,6,1.1983804279279295,0.6533293932230102,1.2955465939028044,0.6291666666666667
frequency_resolution_grid,phase,16,16,0.2,False,,0,7,1.0989334322882036,0.67876280535855,1.2426211183798228,0.6386524822695036
frequency_resolution_grid,phase,16,16,0.2,False,,0,8,1.029241130030747,0.6949172576832151,1.201896403106392,0.6490248226950355
frequency_resolution_grid,phase,16,16,0.2,False,,0,9,0.9692878135458703,0.7104905437352246,1.1579295046786044,0.6585106382978724
frequency_resolution_grid,phase,16,16,0.2,False,,0,10,0.9237228137475473,0.7213356973995272,1.1724312126213776,0.6543439716312057
frequency_resolution_grid,phase,16,16,0.2,False,,0,11,0.8836297066593095,0.731924743892829,1.1300227245540484,0.6705673758865248
frequency_resolution_grid,phase,16,16,0.2,False,,0,12,0.8456932541185519,0.7404452324665091,1.0961128171876813,0.6794326241134752
frequency_resolution_grid,phase,16,16,0.2,False,,0,13,0.8106973026144495,0.7504826635145784,1.0655587255532015,0.6872340425531915
frequency_resolution_grid,phase,16,16,0.2,False,,0,14,0.7807907849620702,0.7584416863672183,1.0673198474214431,0.6881205673758866
frequency_resolution_grid,phase,16,16,0.2,False,,0,15,0.752782344658418,0.7649921197793538,1.0538105536014475,0.687322695035461
frequency_resolution_grid,phase,16,16,0.2,False,,0,16,0.7286686619404642,0.7724192277383767,1.0365928433465619,0.6919326241134752
frequency_resolution_grid,phase,16,16,0.2,False,,0,17,0.7010102312615577,0.7791765169424744,1.0386145426026472,0.6945035460992908
frequency_resolution_grid,phase,16,16,0.2,False,,0,18,0.6799083908492886,0.7846434200157605,1.0193459304089243,0.699290780141844
frequency_resolution_grid,phase,16,16,0.2,False,,0,19,0.6569681099308485,0.7910066981875492,1.0390574856852808,0.6963652482269503
frequency_resolution_grid,phase,16,16,0.2,False,,0,20,0.6356613472937787,0.796877462568952,1.0225556183368603,0.7018617021276595
frequency_resolution_grid,phase,16,16,0.2,False,,0,21,0.6138511525494926,0.8031028368794326,1.0394214434826627,0.6988475177304965
frequency_resolution_grid,phase,16,16,0.2,False,,0,22,0.5940132967593447,0.809022852639874,1.0375529521745992,0.7020390070921986
frequency_resolution_grid,phase,16,16,0.2,False,,0,23,0.5747860497428828,0.8140661938534279,1.031381984467202,0.7074468085106383
frequency_resolution_grid,phase,16,16,0.2,False,,0,24,0.5550657220484235,0.8192178881008668,1.032915917017781,0.7023936170212766
frequency_resolution_grid,phase,16,16,0.2,False,,0,25,0.5379055824121967,0.8237293144208038,1.0463856528836786,0.7041666666666667
frequency_resolution_grid,phase,16,16,0.2,False,,0,26,0.5219340178044036,0.8285559495665878,1.0487206833582399,0.7058510638297872
frequency_resolution_grid,phase,16,16,0.2,False,,0,27,0.5066692429325353,0.8331461780929866,1.0708384596709664,0.7050531914893617
frequency_resolution_grid,phase,16,16,0.2,False,,0,28,0.49292887315870365,0.835618597320725,1.0563357906138644,0.7078900709219859
frequency_resolution_grid,phase,16,16,0.2,False,,0,29,0.478610379222437,0.8401595744680851,1.0792618714325817,0.7095744680851064
frequency_resolution_grid,phase,16,16,0.2,False,,0,30,0.46394405638354325,0.8451930654058314,1.0720410989531388,0.712145390070922
frequency_resolution_grid,phase,16,16,0.2,False,,0,31,0.45033424289513985,0.8495862884160756,1.090925470734319,0.71072695035461
frequency_resolution_grid,phase,16,16,0.2,False,,0,32,0.4361692774286413,0.853408195429472,1.0966102527388444,0.7072695035460993
frequency_resolution_grid,phase,16,16,0.2,False,,0,33,0.4239970426304872,0.8571414499605989,1.1105811101325014,0.7045212765957447
frequency_resolution_grid,phase,16,16,0.2,False,,0,34,0.4124299036131965,0.8611800630417652,1.123452737568118,0.7080673758865248
frequency_resolution_grid,phase,16,16,0.2,False,,0,35,0.40342075127706084,0.8618301812450748,1.130388267074071,0.7102836879432625
frequency_resolution_grid,phase,16,16,0.2,False,,1,1,2.538052875287332,0.3578703703703704,2.684568653039053,0.32269503546099293
frequency_resolution_grid,phase,16,16,0.2,False,,1,2,2.6321076541176174,0.3318853427895981,2.5148582458496094,0.36356382978723406
frequency_resolution_grid,phase,16,16,0.2,False,,1,3,2.147014161937344,0.43690898345153667,1.9385153195536728,0.4808510638297872
frequency_resolution_grid,phase,16,16,0.2,False,,1,4,1.650738578889199,0.5490445232466509,1.5622063570834221,0.5700354609929078
frequency_resolution_grid,phase,16,16,0.2,False,,1,5,1.3798512920983859,0.6105594956658786,1.4124359793696843,0.5999113475177305
frequency_resolution_grid,phase,16,16,0.2,False,,1,6,1.2195728513929578,0.650640267927502,1.3259971238197164,0.6202127659574468
frequency_resolution_grid,phase,16,16,0.2,False,,1,7,1.1147089096389482,0.6750295508274232,1.2465380583249086,0.6446808510638298
frequency_resolution_grid,phase,16,16,0.2,False,,1,8,1.0371387782671773,0.6940898345153664,1.1952672287081996,0.6579787234042553
frequency_resolution_grid,phase,16,16,0.2,False,,1,9,0.9745510551664565,0.7099192277383767,1.161250178357388,0.6641843971631206
frequency_resolution_grid,phase,16,16,0.2,False,,1,10,0.9234143647929643,0.7226654846335697,1.159026008971194,0.6610815602836879
frequency_resolution_grid,phase,16,16,0.2,False,,1,11,0.8809271758329784,0.733274231678487,1.1226999054563807,0.6771276595744681
frequency_resolution_grid,phase,16,16,0.2,False,,1,12,0.8446063926644547,0.7435579196217494,1.0971141612276119,0.6809397163120567
frequency_resolution_grid,phase,16,16,0.2,False,,1,13,0.809140449212798,0.7516942474389283,1.0692477521321453,0.687854609929078
frequency_resolution_grid,phase,16,16,0.2,False,,1,14,0.7800990943461539,0.7585992907801419,1.058875402152961,0.6913120567375887
frequency_resolution_grid,phase,16,16,0.2,False,,1,15,0.7499615866429604,0.7659574468085106,1.051594921967662,0.698936170212766
frequency_resolution_grid,phase,16,16,0.2,False,,1,16,0.7232472643878537,0.7748128447596533,1.0390596722034697,0.6976063829787233
frequency_resolution_grid,phase,16,16,0.2,False,,1,17,0.6978316987002338,0.7805260047281324,1.0433350807386088,0.6995567375886524
frequency_resolution_grid,phase,16,16,0.2,False,,1,18,0.6727426252701416,0.7879432624113475,1.0287867868200262,0.7048758865248227
frequency_resolution_grid,phase,16,16,0.2,False,,1,19,0.649832847439651,0.7942868400315208,1.0285435468592543,0.699468085106383
frequency_resolution_grid,phase,16,16,0.2,False,,1,20,0.62999697269841,0.7996256895193066,1.0276463571169698,0.7075354609929078
frequency_resolution_grid,phase,16,16,0.2,False,,1,21,0.6074230134158364,0.8051418439716312,1.0476695105539147,0.700531914893617
frequency_resolution_grid,phase,16,16,0.2,False,,1,22,0.5873378465549508,0.8113081166272655,1.0247837236587038,0.7080673758865248
frequency_resolution_grid,phase,16,16,0.2,False,,1,23,0.5693119668509662,0.8181146572104019,1.0401897484529103,0.7029255319148936
frequency_resolution_grid,phase,16,16,0.2,False,,1,24,0.5512768236082121,0.820951536643026,1.0352879436303537,0.7056737588652482
frequency_resolution_grid,phase,16,16,0.2,False,,1,25,0.5360325893329954,0.8265661938534279,1.0379822741163538,0.7067375886524823
frequency_resolution_grid,phase,16,16,0.2,False,,1,26,0.5207924400449645,0.8301319936958235,1.038822278486076,0.7049645390070922
frequency_resolution_grid,phase,16,16,0.2,False,,1,27,0.5036122295638537,0.8342986603624901,1.036411779569396,0.713209219858156
frequency_resolution_grid,phase,16,16,0.2,False,,1,28,0.48855290311917815,0.8375394011032309,1.0434525351152353,0.7140070921985816
frequency_resolution_grid,phase,16,16,0.2,False,,1,29,0.47230464075614936,0.8434791174152876,1.0466941620441192,0.7149822695035462
frequency_resolution_grid,phase,16,16,0.2,False,,1,30,0.4574494383671417,0.8480594956658787,1.0639746503627046,0.7135638297872341
frequency_resolution_grid,phase,16,16,0.2,False,,1,31,0.4473447008147965,0.8509554767533491,1.0678622613561914,0.7203900709219858
frequency_resolution_grid,phase,16,16,0.2,False,,1,32,0.432926143634216,0.8550137903861308,1.085584336815151,0.7115248226950355
frequency_resolution_grid,phase,16,16,0.2,False,,1,33,0.41947166513889395,0.8589046493301813,1.0938816265856965,0.7125
frequency_resolution_grid,phase,16,16,0.2,False,,1,34,0.4097782106733961,0.8614952718676123,1.0953668222359731,0.7131205673758865
frequency_resolution_grid,phase,16,16,0.2,False,,1,35,0.3966908466919282,0.866371158392435,1.1006616609316346,0.7176418439716312
frequency_resolution_grid,phase,16,16,0.2,False,,2,1,2.5744187055937977,0.3494286840031521,2.7129802287893092,0.3103723404255319
frequency_resolution_grid,phase,16,16,0.2,False,,2,2,2.6429556524218114,0.32947202521670604,2.477241585778852,0.36648936170212765
frequency_resolution_grid,phase,16,16,0.2,False,,2,3,2.0595748504566527,0.4562253743104807,1.8484291360733356,0.49929078014184397
frequency_resolution_grid,phase,16,16,0.2,False,,2,4,1.5800541082830106,0.5652777777777778,1.5420538956391896,0.5671985815602837
frequency_resolution_grid,phase,16,16,0.2,False,,2,5,1.3379174707910975,0.6205181245074862,1.4207342004099637,0.5922872340425532
frequency_resolution_grid,phase,16,16,0.2,False,,2,6,1.1910095266510503,0.6563534278959811,1.2893518151966392,0.6269503546099291
frequency_resolution_grid,phase,16,16,0.2,False,,2,7,1.0942792773622523,0.6802698975571316,1.2419975395743728,0.6410460992907802
frequency_resolution_grid,phase,16,16,0.2,False,,2,8,1.0234340735173206,0.6959416863672183,1.1959541980256425,0.6516843971631205
frequency_resolution_grid,phase,16,16,0.2,False,,2,9,0.9645193302415317,0.7118203309692671,1.150184920831775,0.6653368794326241
frequency_resolution_grid,phase,16,16,0.2,False,,2,10,0.9124898892861826,0.724290780141844,1.1371267458225818,0.6684397163120568
frequency_resolution_grid,phase,16,16,0.2,False,,2,11,0.8695471960273289,0.7369582348305752,1.121525093004213,0.6707446808510639
frequency_resolution_grid,phase,16,16,0.2,False,,2,12,0.8318282535453778,0.7451438140267928,1.11124760715674,0.6780141843971631
frequency_resolution_grid,phase,16,16,0.2,False,,2,13,0.7993012349938107,0.7534574468085107,1.08959402978843,0.688741134751773
frequency_resolution_grid,phase,16,16,0.2,False,,2,14,0.766482857722199,0.7630910165484633,1.0782770675970308,0.6902482269503546
frequency_resolution_grid,phase,16,16,0.2,False,,2,15,0.7362221211782114,0.7714539007092198,1.0765925521546222,0.686790780141844
frequency_resolution_grid,phase,16,16,0.2,False,,2,16,0.708833923257177,0.7777482269503546,1.0772726094046383,0.6935283687943262
frequency_resolution_grid,phase,16,16,0.2,False,,2,17,0.6835624387829767,0.7860027580772262,1.0609219651695685,0.6917553191489362
frequency_resolution_grid,phase,16,16,0.2,False,,2,18,0.6601709978142717,0.7926910953506698,1.0641304126022555,0.6935283687943262
frequency_resolution_grid,phase,16,16,0.2,False,,2,19,0.6386649023274722,0.7977048857368007,1.045453398701147,0.7016843971631206
frequency_resolution_grid,phase,16,16,0.2,False,,2,20,0.6155365599714179,0.8046887312844759,1.0669098307900395,0.6948581560283688
frequency_resolution_grid,phase,16,16,0.2,False,,2,21,0.5966734702047914,0.8080279747832939,1.0444071623450475,0.7055851063829788
frequency_resolution_grid,phase,16,16,0.2,False,,2,22,0.5793064305968318,0.8122044917257684,1.0693406497333067,0.6958333333333333
frequency_resolution_grid,phase,16,16,0.2,False,,2,23,0.5608859227434494,0.8186071710007881,1.0504758748179632,0.7050531914893617
frequency_resolution_grid,phase,16,16,0.2,False,,2,24,0.5429644427964592,0.8228821907013396,1.061506605486498,0.7053191489361702
frequency_resolution_grid,phase,16,16,0.2,False,,2,25,0.5274901519195596,0.826950354609929,1.0647407699561289,0.7052304964539007
frequency_resolution_grid,phase,16,16,0.2,False,,2,26,0.5088093550774504,0.8323089046493302,1.0835739386842607,0.7073581560283688
frequency_resolution_grid,phase,16,16,0.2,False,,2,27,0.4965276868818687,0.8362391646966115,1.0859584366176145,0.7089539007092198
frequency_resolution_grid,phase,16,16,0.2,False,,2,28,0.4793755973202681,0.8413317572892041,1.0803083849714157,0.7093971631205673
frequency_resolution_grid,phase,16,16,0.2,False,,2,29,0.46720063320946,0.844316390858944,1.0867363870143891,0.7077127659574468
frequency_resolution_grid,phase,16,16,0.2,False,,2,30,0.45144584050227377,0.8483845547675335,1.1115253130594889,0.7030141843971631
frequency_resolution_grid,phase,16,16,0.2,False,,2,31,0.4411673341237061,0.8507387706855792,1.1183702142526073,0.7024822695035461
frequency_resolution_grid,phase,16,16,0.2,False,,2,32,0.4267722123163812,0.8571710007880221,1.119221440443756,0.7075354609929078
frequency_resolution_grid,phase,16,16,0.2,False,,2,33,0.41308802733560357,0.8617316784869976,1.13581632599763,0.702304964539007
frequency_resolution_grid,phase,16,16,0.2,False,,2,34,0.4026083608080873,0.8631205673758865,1.144458051268936,0.7067375886524823
frequency_resolution_grid,phase,16,16,0.2,False,,2,35,0.39165487856823594,0.8667454688731284,1.143198893763495,0.7039007092198581
