experiment,coding,num_bins,cycle_steps,threshold,repeat_cycles,rate_scale,seed,epoch,train_loss,train_acc,val_loss,val_acc
phase_neighborhood,phase,3,6,0.2,False,,0,1,2.7507826073889285,0.34192277383766745,2.119912379853269,0.4877659574468085
phase_neighborhood,phase,3,6,0.2,False,,0,2,1.7769516283926576,0.5588455476753349,1.5216652474504837,0.6042553191489362
phase_neighborhood,phase,3,6,0.2,False,,0,3,1.3259817314674012,0.6459121355397951,1.2590794046719869,0.6553191489361702
phase_neighborhood,phase,3,6,0.2,False,,0,4,1.0778513050530256,0.70099487785658,1.1009283759069781,0.6870567375886525
phase_neighborhood,phase,3,6,0.2,False,,0,5,0.9129079022869714,0.7389479905437353,0.9979648415923964,0.7092198581560284
phase_neighborhood,phase,3,6,0.2,False,,0,6,0.8146064240505979,0.7622734436564224,0.9429722519631082,0.7189716312056738
phase_neighborhood,phase,3,6,0.2,False,,0,7,0.7297017882619907,0.7825748620961387,0.8953362076840502,0.7293439716312057
phase_neighborhood,phase,3,6,0.2,False,,0,8,0.6669527229499967,0.7975571315996848,0.86587143859542,0.7374113475177305
phase_neighborhood,phase,3,6,0.2,False,,0,9,0.6099425190071875,0.8138593380614657,0.8435494302012396,0.7431737588652483
phase_neighborhood,phase,3,6,0.2,False,,0,10,0.558333250647741,0.8267828999211978,0.8229151126974863,0.7453900709219858
phase_neighborhood,phase,3,6,0.2,False,,0,11,0.5173065623868818,0.8395784081954295,0.816585370433246,0.7480496453900709
phase_neighborhood,phase,3,6,0.2,False,,0,12,0.48133150366838756,0.8490642237982664,0.8170336432913516,0.75
phase_neighborhood,phase,3,6,0.2,False,,0,13,0.4507304488156516,0.8589539007092198,0.8022056785881096,0.7528368794326241
phase_neighborhood,phase,3,6,0.2,False,,0,14,0.4196574174108423,0.8674054373522458,0.8066260251170354,0.7548758865248227
phase_neighborhood,phase,3,6,0.2,False,,0,15,0.3951557126451046,0.8746552403467297,0.8095092641969099,0.7515070921985816
phase_neighborhood,phase,3,6,0.2,False,,0,16,0.37023439141969405,0.8826930654058314,0.8151295989540451,0.7515957446808511
phase_neighborhood,phase,3,6,0.2,False,,0,17,0.3518982788725478,0.8874310480693459,0.8070182808324801,0.7587765957446808
phase_neighborhood,phase,3,6,0.2,False,,0,18,0.3302099098644452,0.8943656422379826,0.8148670275583335,0.7543439716312057
phase_neighborhood,phase,3,6,0.2,False,,0,19,0.30835091173883683,0.9017139479905437,0.8398461328753343,0.748758865248227
phase_neighborhood,phase,3,6,0.2,False,,0,20,0.2915345796879302,0.907456658786446,0.8328362055281375,0.7534574468085107
phase_neighborhood,phase,3,6,0.2,False,,1,1,2.751060553701775,0.34422773837667453,2.168604013767648,0.47863475177304965
phase_neighborhood,phase,3,6,0.2,False,,1,2,1.7904534768269136,0.5559003152088259,1.5923590426749372,0.5914007092198581
phase_neighborhood,phase,3,6,0.2,False,,1,3,1.3342407856709004,0.647409377462569,1.290707498915652,0.64822695035461
phase_neighborhood,phase,3,6,0.2,False,,1,4,1.0849555579952783,0.6984436564223798,1.1216918859075993,0.6802304964539007
phase_neighborhood,phase,3,6,0.2,False,,1,5,0.9278549633973033,0.7336189913317573,1.0323868303434223,0.700709219858156
phase_neighborhood,phase,3,6,0.2,False,,1,6,0.8219173623033167,0.7592986603624902,0.9660785921076511,0.713386524822695
phase_neighborhood,phase,3,6,0.2,False,,1,7,0.7330803723481811,0.7809594168636722,0.9116441045247071,0.72677304964539
phase_neighborhood,phase,3,6,0.2,False,,1,8,0.6623632897252263,0.7987884160756501,0.8815601761459458,0.7353723404255319
phase_neighborhood,phase,3,6,0.2,False,,1,9,0.6115749563261502,0.8131205673758866,0.8756627033788261,0.7408687943262411
phase_neighborhood,phase,3,6,0.2,False,,1,10,0.5674916988568949,0.8247635933806147,0.8578518820147142,0.7415780141843972
phase_neighborhood,phase,3,6,0.2,False,,1,11,0.5236705299340617,0.836150512214342,0.8358575829377412,0.747872340425532
phase_neighborhood,phase,3,6,0.2,False,,1,12,0.4869419228617275,0.8471335697399527,0.8283425818098352,0.7446808510638298
phase_neighborhood,phase,3,6,0.2,False,,1,13,0.4531120490614498,0.8564322301024428,0.8182223104416055,0.7518617021276596
phase_neighborhood,phase,3,6,0.2,False,,1,14,0.4219616461119565,0.8649231678486997,0.8213653564453125,0.750531914893617
phase_neighborhood,phase,3,6,0.2,False,,1,15,0.394379230518807,0.8735914105594956,0.8246110451136921,0.7485815602836879
phase_neighborhood,phase,3,6,0.2,False,,1,16,0.3718756545707877,0.8805555555555555,0.8152626789208,0.749645390070922
phase_neighborhood,phase,3,6,0.2,False,,1,17,0.34765412292206166,0.8885441292356187,0.8163400379478508,0.7551418439716312
phase_neighborhood,phase,3,6,0.2,False,,1,18,0.3273459870106973,0.895419621749409,0.8305685645299601,0.7544326241134752
phase_neighborhood,phase,3,6,0.2,False,,1,19,0.3114188908967002,0.8989164696611505,0.8281992523382742,0.7535460992907801
phase_neighborhood,phase,3,6,0.2,False,,1,20,0.2902618682553582,0.90674743892829,0.8283094390909722,0.7526595744680851
phase_neighborhood,phase,3,6,0.2,False,,2,1,2.7481645421403145,0.34328211189913316,2.168531005940539,0.47925531914893615
phase_neighborhood,phase,3,6,0.2,False,,2,2,1.7807823414310309,0.5564420803782506,1.579366894816676,0.5919326241134751
phase_neighborhood,phase,3,6,0.2,False,,2,3,1.3262533362218016,0.6485717100078803,1.2985755957610219,0.6427304964539007
phase_neighborhood,phase,3,6,0.2,False,,2,4,1.0789026250230505,0.7019011032308905,1.132192422565839,0.6809397163120567
phase_neighborhood,phase,3,6,0.2,False,,2,5,0.9229567688125809,0.7366824271079591,1.0409308816524263,0.6958333333333333
phase_neighborhood,phase,3,6,0.2,False,,2,6,0.8092775648085502,0.7628349093774626,0.9654218468260258,0.7129432624113475
phase_neighborhood,phase,3,6,0.2,False,,2,7,0.7259116651130718,0.7838455476753349,0.9179546582783368,0.7219858156028369
phase_neighborhood,phase,3,6,0.2,False,,2,8,0.6623406331214123,0.7996847911741529,0.9072073824862217,0.7285460992907802
phase_neighborhood,phase,3,6,0.2,False,,2,9,0.6094929076819273,0.8139184397163121,0.8791284756457552,0.7325354609929078
phase_neighborhood,phase,3,6,0.2,False,,2,10,0.5656337307981847,0.8253940110323089,0.8624905409965109,0.7399822695035461
phase_neighborhood,phase,3,6,0.2,False,,2,11,0.5205071047876086,0.8376576044129236,0.849478032698868,0.7428191489361702
phase_neighborhood,phase,3,6,0.2,False,,2,12,0.48257076372021857,0.8476950354609929,0.8361437135977102,0.7445035460992908
phase_neighborhood,phase,3,6,0.2,False,,2,13,0.4524182848426843,0.8569542947202522,0.831894196432533,0.7474290780141843
phase_neighborhood,phase,3,6,0.2,False,,2,14,0.4232555125809918,0.8655929866036249,0.8329719927294035,0.7437056737588652
phase_neighborhood,phase,3,6,0.2,False,,2,15,0.39569882966572134,0.8736308116627266,0.83767117177341,0.7418439716312056
phase_neighborhood,phase,3,6,0.2,False,,2,16,0.37433949440271486,0.8801615445232467,0.8331112319696035,0.7483156028368795
phase_neighborhood,phase,3,6,0.2,False,,2,17,0.3493158115562818,0.8884062253743105,0.844110157557413,0.7455673758865248
phase_neighborhood,phase,3,6,0.2,False,,2,18,0.32948688015964106,0.8944345941686367,0.8375206370302971,0.7468971631205674
phase_neighborhood,phase,3,6,0.2,False,,2,19,0.31009247716812754,0.8998620961386918,0.8338006662561538,0.750709219858156
phase_neighborhood,phase,3,6,0.2,False,,2,20,0.29120089534796345,0.9066292356185973,0.8431670724077428,0.749822695035461
phase_neighborhood,phase,3,7,0.2,False,,0,1,2.694204047911744,0.34375492513790384,1.8106522776556353,0.5356382978723404
phase_neighborhood,phase,3,7,0.2,False,,0,2,1.466055431527543,0.6055555555555555,1.2014966041483777,0.6625886524822695
phase_neighborhood,phase,3,7,0.2,False,,0,3,1.0959477222087912,0.6844562647754137,1.0271406828088963,0.6938829787234042
phase_neighborhood,phase,3,7,0.2,False,,0,4,0.902061867131503,0.7340425531914894,0.9069077383541891,0.7282801418439716
phase_neighborhood,phase,3,7,0.2,False,,0,5,0.7781864686309117,0.7660953506698187,0.8307639191336665,0.7470744680851064
phase_neighborhood,phase,3,7,0.2,False,,0,6,0.6823367495720926,0.7921493301812451,0.8036972562260661,0.752127659574468
phase_neighborhood,phase,3,7,0.2,False,,0,7,0.6279023520677836,0.8051122931442081,0.7751655558745066,0.7568262411347517
phase_neighborhood,phase,3,7,0.2,False,,0,8,0.5665367610629287,0.821375098502758,0.764782785481595,0.7591312056737589
phase_neighborhood,phase,3,7,0.2,False,,0,9,0.5205124200470717,0.8348502758077226,0.7537606982897359,0.762854609929078
phase_neighborhood,phase,3,7,0.2,False,,0,10,0.4776915713404933,0.8470744680851063,0.7385255665643841,0.7663120567375886
phase_neighborhood,phase,3,7,0.2,False,,0,11,0.4446820086621224,0.856855791962175,0.7287553537399211,0.7726063829787234
phase_neighborhood,phase,3,7,0.2,False,,0,12,0.41406230336573296,0.8650906225374311,0.7301559738656308,0.7710106382978723
phase_neighborhood,phase,3,7,0.2,False,,0,13,0.38581408008381174,0.8747635933806147,0.7319094632111542,0.7728723404255319
phase_neighborhood,phase,3,7,0.2,False,,0,14,0.3614595319691185,0.8816292356185973,0.7473377333042469,0.7696808510638298
phase_neighborhood,phase,3,7,0.2,False,,0,15,0.33601434642259675,0.8888199369582348,0.7355315530342413,0.7684397163120568
phase_neighborhood,phase,3,7,0.2,False,,0,16,0.3156565869765736,0.8956855791962175,0.7430037529333263,0.7736702127659575
phase_neighborhood,phase,3,7,0.2,False,,0,17,0.29652354985921753,0.9015563435776202,0.7473778881079761,0.7738475177304964
phase_neighborhood,phase,3,7,0.2,False,,0,18,0.2777825641059049,0.9082249802994484,0.7581709435011478,0.7742907801418439
phase_neighborhood,phase,3,7,0.2,False,,0,19,0.26051339333784496,0.91427304964539,0.7691712009779951,0.7721631205673759
phase_neighborhood,phase,3,7,0.2,False,,0,20,0.2444535015275668,0.9194739952718676,0.7770092035861725,0.7724290780141844
phase_neighborhood,phase,3,7,0.2,False,,1,1,2.696407414609941,0.34557722616233255,1.9165345038082582,0.5165780141843972
phase_neighborhood,phase,3,7,0.2,False,,1,2,1.4907946628881685,0.5997340425531915,1.2834388712619214,0.6381205673758865
phase_neighborhood,phase,3,7,0.2,False,,1,3,1.0782992785516172,0.6907013396375099,1.0863504433462805,0.6865248226950355
phase_neighborhood,phase,3,7,0.2,False,,1,4,0.9005736232367532,0.7330378250591016,0.916617026396677,0.72677304964539
phase_neighborhood,phase,3,7,0.2,False,,1,5,0.7769562927731574,0.7654649330181245,0.9005468272148295,0.7298758865248227
phase_neighborhood,phase,3,7,0.2,False,,1,6,0.7035905102184197,0.7829294720252167,0.8224344726995374,0.750177304964539
phase_neighborhood,phase,3,7,0.2,False,,1,7,0.6266041195045032,0.8053782505910165,0.7851489798397037,0.7578900709219858
phase_neighborhood,phase,3,7,0.2,False,,1,8,0.5679012763678699,0.8212568951930654,0.7680433022215011,0.7603723404255319
phase_neighborhood,phase,3,7,0.2,False,,1,9,0.5251676936568568,0.8341016548463357,0.7554625367441922,0.7666666666666667
phase_neighborhood,phase,3,7,0.2,False,,1,10,0.4862828046717542,0.8438238770685579,0.7796165918627529,0.7561170212765957
phase_neighborhood,phase,3,7,0.2,False,,1,11,0.45298224421257666,0.8533589440504334,0.7524515780996769,0.7685283687943263
phase_neighborhood,phase,3,7,0.2,False,,1,12,0.4204218746358903,0.8646375098502758,0.7390084962472848,0.7726950354609929
phase_neighborhood,phase,3,7,0.2,False,,1,13,0.3944094324271636,0.871483451536643,0.7304841352692732,0.7749113475177305
phase_neighborhood,phase,3,7,0.2,False,,1,14,0.36807113405848413,0.8805949566587864,0.738348648226853,0.7760638297872341
phase_neighborhood,phase,3,7,0.2,False,,1,15,0.3469371064569745,0.8864854215918045,0.7356251186512887,0.7769503546099291
phase_neighborhood,phase,3,7,0.2,False,,1,16,0.32763217550924767,0.8917159180457053,0.7501488568934989,0.7721631205673759
phase_neighborhood,phase,3,7,0.2,False,,1,17,0.3060538673889365,0.8996946414499606,0.7532460736044755,0.7742021276595744
phase_neighborhood,phase,3,7,0.2,False,,1,18,0.28675893182426665,0.9054275019700552,0.768176994256094,0.7752659574468085
phase_neighborhood,phase,3,7,0.2,False,,1,19,0.2683081084579065,0.9111012608353034,0.7723557434183486,0.773936170212766
phase_neighborhood,phase,3,7,0.2,False,,1,20,0.25305374965975846,0.9162529550827423,0.7882138893113914,0.7708333333333334
phase_neighborhood,phase,3,7,0.2,False,,2,1,2.688556108162852,0.3452915681639086,1.85610994075207,0.5214539007092198
phase_neighborhood,phase,3,7,0.2,False,,2,2,1.4653007056696195,0.6051319936958235,1.3279353625385473,0.6221631205673759
phase_neighborhood,phase,3,7,0.2,False,,2,3,1.0958278539896575,0.685047281323877,1.0480894984928428,0.6925531914893617
phase_neighborhood,phase,3,7,0.2,False,,2,4,0.9008717376853276,0.7336485421591804,0.9907789662374672,0.7073581560283688
phase_neighborhood,phase,3,7,0.2,False,,2,5,0.788111332479286,0.762746256895193,0.8814692147234653,0.7294326241134752
phase_neighborhood,phase,3,7,0.2,False,,2,6,0.6936617448162713,0.7868892828999212,0.838809951061898,0.7421099290780142
phase_neighborhood,phase,3,7,0.2,False,,2,7,0.6248394960770934,0.8063435776201734,0.805284669678262,0.7520390070921986
phase_neighborhood,phase,3,7,0.2,False,,2,8,0.5714489811889011,0.8199960598896769,0.782243235314146,0.7570035460992908
phase_neighborhood,phase,3,7,0.2,False,,2,9,0.5293552338184571,0.8327620173364855,0.7751710104604139,0.7575354609929078
phase_neighborhood,phase,3,7,0.2,False,,2,10,0.4839168429186816,0.8457643814026793,0.774296436030814,0.7641843971631206
phase_neighborhood,phase,3,7,0.2,False,,2,11,0.45193817584039286,0.8548167848699764,0.7837995775625215,0.7556737588652482
phase_neighborhood,phase,3,7,0.2,False,,2,12,0.4215809052341843,0.8640464933018125,0.757214575710026,0.7671985815602836
phase_neighborhood,phase,3,7,0.2,False,,2,13,0.3904138347593417,0.874113475177305,0.8077504747302819,0.7528368794326241
phase_neighborhood,phase,3,7,0.2,False,,2,14,0.3640650858082482,0.8816390858944051,0.7767209883700026,0.7606382978723404
phase_neighborhood,phase,3,7,0.2,False,,2,15,0.3395482377850042,0.8897458628841608,0.774684217720167,0.7671985815602836
phase_neighborhood,phase,3,7,0.2,False,,2,16,0.31719029569268886,0.8964637509850276,0.770725185397669,0.7640957446808511
phase_neighborhood,phase,3,7,0.2,False,,2,17,0.2975448071064209,0.903408195429472,0.7898586824007914,0.7616134751773049
phase_neighborhood,phase,3,7,0.2,False,,2,18,0.28024217444108734,0.9083037825059102,0.7959138748916328,0.7586879432624114
phase_neighborhood,phase,3,7,0.2,False,,2,19,0.2609949290705441,0.9147064617809298,0.81177716096665,0.7580673758865248
phase_neighborhood,phase,3,7,0.2,False,,2,20,0.24664345437424498,0.9204491725768321,0.8255672456947625,0.7600177304964539
phase_neighborhood,phase,3,8,0.2,False,,0,1,2.664034144910327,0.35729905437352244,2.1822232013053084,0.47650709219858156
phase_neighborhood,phase,3,8,0.2,False,,0,2,1.9028235610589161,0.5300728920409772,1.7644859384983145,0.5527482269503546
phase_neighborhood,phase,3,8,0.2,False,,0,3,1.4987753183471584,0.6125492513790386,1.4357217108104245,0.6147163120567376
phase_neighborhood,phase,3,8,0.2,False,,0,4,1.2238380036831278,0.6688731284475965,1.2514913640969187,0.6536347517730496
phase_neighborhood,phase,3,8,0.2,False,,0,5,1.0259283194680962,0.7108845547675335,1.1175272007360526,0.6785460992907801
phase_neighborhood,phase,3,8,0.2,False,,0,6,0.8871940867275211,0.7426122931442081,1.0345424504990273,0.6995567375886524
phase_neighborhood,phase,3,8,0.2,False,,0,7,0.7821969054081573,0.767897951142632,0.9772493942409543,0.7112588652482269
phase_neighborhood,phase,3,8,0.2,False,,0,8,0.7073264943557616,0.7868794326241135,0.9566027488268859,0.7167553191489362
phase_neighborhood,phase,3,8,0.2,False,,0,9,0.6482497472571425,0.8016548463356974,0.9203452209631602,0.7226063829787234
phase_neighborhood,phase,3,8,0.2,False,,0,10,0.5931233221193859,0.8157801418439716,0.8991140970312957,0.7307624113475177
phase_neighborhood,phase,3,8,0.2,False,,0,11,0.5460709747881096,0.8274428684003152,0.8751553533347786,0.736436170212766
phase_neighborhood,phase,3,8,0.2,False,,0,12,0.5062904598113587,0.8394405043341213,0.8710183691048453,0.7352836879432624
phase_neighborhood,phase,3,8,0.2,False,,0,13,0.4713672675139515,0.8487687155240347,0.8666143187394378,0.7395390070921986
phase_neighborhood,phase,3,8,0.2,False,,0,14,0.44039774610829036,0.8592888100866825,0.8682261838557872,0.7421985815602837
phase_neighborhood,phase,3,8,0.2,False,,0,15,0.41184571976733075,0.8663022064617809,0.8708832353564865,0.737322695035461
phase_neighborhood,phase,3,8,0.2,False,,0,16,0.38680771978188916,0.8746355397951142,0.8599970246037693,0.7446808510638298
phase_neighborhood,phase,3,8,0.2,False,,0,17,0.36185201991252586,0.8823877068557919,0.8628245043416395,0.7459219858156029
phase_neighborhood,phase,3,8,0.2,False,,0,18,0.33932872041179213,0.8896178092986604,0.8709005114880014,0.7439716312056738
phase_neighborhood,phase,3,8,0.2,False,,0,19,0.32020088315620676,0.8956067769897557,0.8724622915822563,0.7406914893617021
phase_neighborhood,phase,3,8,0.2,False,,0,20,0.30251750178793646,0.9016548463356974,0.8751426960559602,0.7418439716312056
phase_neighborhood,phase,3,8,0.2,False,,1,1,2.6631495749696774,0.35776201733648544,2.2299187272998457,0.4651595744680851
phase_neighborhood,phase,3,8,0.2,False,,1,2,1.8914674616874532,0.5317277383766745,1.7359999886641266,0.5576241134751773
phase_neighborhood,phase,3,8,0.2,False,,1,3,1.483273001671589,0.617297084318361,1.4944389607043977,0.6080673758865248
phase_neighborhood,phase,3,8,0.2,False,,1,4,1.206947377913575,0.6738475177304964,1.2230874553639839,0.6620567375886525
phase_neighborhood,phase,3,8,0.2,False,,1,5,1.0174064929133988,0.7137706855791962,1.1273945717101401,0.6799645390070922
phase_neighborhood,phase,3,8,0.2,False,,1,6,0.8794539955866628,0.7450748620961387,1.040304550042389,0.7
phase_neighborhood,phase,3,8,0.2,False,,1,7,0.7835876573062112,0.7670114263199369,0.9876275980726201,0.7109929078014184
phase_neighborhood,phase,3,8,0.2,False,,1,8,0.7074996362623029,0.7866036249014973,0.9471170800797483,0.7193262411347517
phase_neighborhood,phase,3,8,0.2,False,,1,9,0.6449900277399284,0.8036643026004728,0.9272027874669284,0.724822695035461
phase_neighborhood,phase,3,8,0.2,False,,1,10,0.595200522101893,0.816371158392435,0.8982740767458652,0.7339539007092198
phase_neighborhood,phase,3,8,0.2,False,,1,11,0.5528880715605027,0.8283195429472026,0.8840361544426452,0.7330673758865248
phase_neighborhood,phase,3,8,0.2,False,,1,12,0.5090228206017903,0.8400413711583924,0.8697150302271471,0.7406028368794326
phase_neighborhood,phase,3,8,0.2,False,,1,13,0.4750241721869454,0.8482762017336486,0.8660096770482706,0.7419326241134752
phase_neighborhood,phase,3,8,0.2,False,,1,14,0.4430552049684562,0.8584416863672183,0.8555934875146717,0.7476063829787234
phase_neighborhood,phase,3,8,0.2,False,,1,15,0.41510016906909625,0.86626280535855,0.8589773011123035,0.7448581560283688
phase_neighborhood,phase,3,8,0.2,False,,1,16,0.38903111425133746,0.8738869188337274,0.8584066535564179,0.7438829787234043
phase_neighborhood,phase,3,8,0.2,False,,1,17,0.3673620188959571,0.880397951142632,0.869937562900232,0.7445035460992908
phase_neighborhood,phase,3,8,0.2,False,,1,18,0.3432097223210842,0.8882880220646178,0.8731689903753024,0.7425531914893617
phase_neighborhood,phase,3,8,0.2,False,,1,19,0.3248690426725398,0.8937549251379039,0.8774481951767671,0.7473404255319149
phase_neighborhood,phase,3,8,0.2,False,,1,20,0.30440719868838084,0.9000689519306541,0.882878167493969,0.7455673758865248
phase_neighborhood,phase,3,8,0.2,False,,2,1,2.666706593079864,0.35600866824271077,2.2356510649336143,0.4581560283687943
phase_neighborhood,phase,3,8,0.2,False,,2,2,1.9017339681620857,0.5296887312844759,1.8694694082787697,0.5277482269503546
phase_neighborhood,phase,3,8,0.2,False,,2,3,1.50193664905497,0.611574074074074,1.4402728143313253,0.6176418439716312
phase_neighborhood,phase,3,8,0.2,False,,2,4,1.2234346746177163,0.6678092986603625,1.2534315616526501,0.6534574468085106
phase_neighborhood,phase,3,8,0.2,False,,2,5,1.0303467168499862,0.7093873128447596,1.1536713824204519,0.6721631205673759
phase_neighborhood,phase,3,8,0.2,False,,2,6,0.895962258706044,0.741834121355398,1.0972134199548276,0.6821808510638298
phase_neighborhood,phase,3,8,0.2,False,,2,7,0.7945139636102861,0.7653861308116627,1.0197726780641163,0.698049645390071
phase_neighborhood,phase,3,8,0.2,False,,2,8,0.7133637836732857,0.7838258471237195,0.994432421187137,0.7074468085106383
phase_neighborhood,phase,3,8,0.2,False,,2,9,0.6493000216893646,0.8015169424743893,0.953167266964067,0.7129432624113475
phase_neighborhood,phase,3,8,0.2,False,,2,10,0.595182051059296,0.8149921197793538,0.9131475610935942,0.7217198581560283
phase_neighborhood,phase,3,8,0.2,False,,2,11,0.5511233885190542,0.8283293932230102,0.9071048653717582,0.7266843971631206
phase_neighborhood,phase,3,8,0.2,False,,2,12,0.5110759332576448,0.8397064617809299,0.8863468296984409,0.7331560283687943
phase_neighborhood,phase,3,8,0.2,False,,2,13,0.47517454084963007,0.8493498817966904,0.8923539386996141,0.7285460992907802
phase_neighborhood,phase,3,8,0.2,False,,2,14,0.44222226256550157,0.8583924349881796,0.8816295600529258,0.737322695035461
phase_neighborhood,phase,3,8,0.2,False,,2,15,0.4139452315485318,0.8665977147360127,0.8833774782241659,0.7349290780141844
phase_neighborhood,phase,3,8,0.2,False,,2,16,0.38679188110867857,0.8753447596532703,0.8789968511314257,0.738209219858156
phase_neighborhood,phase,3,8,0.2,False,,2,17,0.36276689061412104,0.8824369582348306,0.8829567671244871,0.7411347517730497
phase_neighborhood,phase,3,8,0.2,False,,2,18,0.33798686345794055,0.8904353821907013,0.8812764890861849,0.7391843971631206
phase_neighborhood,phase,3,8,0.2,False,,2,19,0.3177151960777992,0.8958825847123719,0.8916989801200569,0.7397163120567376
phase_neighborhood,phase,3,8,0.2,False,,2,20,0.29898952660925093,0.902127659574468,0.8972275796511494,0.7437943262411347
phase_neighborhood,phase,3,9,0.2,False,,0,1,2.803551016838368,0.30656028368794325,1.8613125320867443,0.5120567375886524
phase_neighborhood,phase,3,9,0.2,False,,0,2,1.3505876649543938,0.627098108747045,1.1021626343118383,0.6813829787234043
phase_neighborhood,phase,3,9,0.2,False,,0,3,0.9500574842694239,0.721946414499606,0.942924461423928,0.7172872340425532
phase_neighborhood,phase,3,9,0.2,False,,0,4,0.7913379911553493,0.7611997635933806,0.8575681376119032,0.7410460992907801
phase_neighborhood,phase,3,9,0.2,False,,0,5,0.6912528269304076,0.7867710795902285,0.816749901932182,0.747872340425532
phase_neighborhood,phase,3,9,0.2,False,,0,6,0.6174037074460299,0.808559889676911,0.7792772210236136,0.7594858156028369
phase_neighborhood,phase,3,9,0.2,False,,0,7,0.56012208771762,0.8235126083530339,0.759451413365966,0.7638297872340426
phase_neighborhood,phase,3,9,0.2,False,,0,8,0.5129756037412994,0.8355102442868401,0.7491708708147631,0.7646276595744681
phase_neighborhood,phase,3,9,0.2,False,,0,9,0.4734849661706093,0.8478624901497241,0.7431054922283119,0.7684397163120568
phase_neighborhood,phase,3,9,0.2,False,,0,10,0.43935383100787706,0.8563534278959811,0.7398776420253388,0.7668439716312057
phase_neighborhood,phase,3,9,0.2,False,,0,11,0.40532529527883626,0.867434988179669,0.7373390922732387,0.7680851063829788
phase_neighborhood,phase,3,9,0.2,False,,0,12,0.3754297640071881,0.8761820330969267,0.740609645378505,0.7716312056737589
phase_neighborhood,phase,3,9,0.2,False,,0,13,0.3490696801690251,0.8838947990543735,0.7443456575802877,0.7708333333333334
phase_neighborhood,phase,3,9,0.2,False,,0,14,0.32609863266219674,0.8904353821907013,0.7508494356422559,0.7716312056737589
phase_neighborhood,phase,3,9,0.2,False,,0,15,0.30443634578240397,0.8977344365642238,0.7643058098377066,0.7671099290780142
phase_neighborhood,phase,3,9,0.2,False,,0,16,0.28352049354777925,0.9047872340425532,0.767370376012004,0.7695035460992907
phase_neighborhood,phase,3,9,0.2,False,,0,17,0.2656440875349879,0.9101753349093774,0.7857713642272544,0.7724290780141844
phase_neighborhood,phase,3,9,0.2,False,,0,18,0.24868919094121766,0.9158490937746256,0.7989396261830702,0.7703900709219859
phase_neighborhood,phase,3,9,0.2,False,,0,19,0.23262618905193136,0.9215819542947202,0.8080501354226829,0.7690602836879432
phase_neighborhood,phase,3,9,0.2,False,,0,20,0.21901989599397748,0.9258766745468873,0.8170303339653827,0.7676418439716312
phase_neighborhood,phase,3,9,0.2,False,,1,1,2.808107336719173,0.306570133963751,1.8917849594819631,0.5025709219858157
phase_neighborhood,phase,3,9,0.2,False,,1,2,1.3430274363293058,0.6276595744680851,1.1117033199215611,0.674468085106383
phase_neighborhood,phase,3,9,0.2,False,,1,3,0.9469390247636559,0.7208727344365642,0.9372868458429973,0.7177304964539007
phase_neighborhood,phase,3,9,0.2,False,,1,4,0.788661796366539,0.761968085106383,0.8459935206893489,0.7399822695035461
phase_neighborhood,phase,3,9,0.2,False,,1,5,0.6862209350692653,0.7888790386130812,0.803587570088975,0.7510638297872341
phase_neighborhood,phase,3,9,0.2,False,,1,6,0.6134252493826774,0.808628841607565,0.7896655123284523,0.7544326241134752
phase_neighborhood,phase,3,9,0.2,False,,1,7,0.5587141600248849,0.8229609929078014,0.7566581717619659,0.7629432624113475
phase_neighborhood,phase,3,9,0.2,False,,1,8,0.5105298621622572,0.8362391646966115,0.7436283348299932,0.7671985815602836
phase_neighborhood,phase,3,9,0.2,False,,1,9,0.4710510273915374,0.848650512214342,0.738487982749939,0.7697695035460993
phase_neighborhood,phase,3,9,0.2,False,,1,10,0.4369310223182606,0.8566587864460204,0.7377284082960576,0.7715425531914893
phase_neighborhood,phase,3,9,0.2,False,,1,11,0.40632878200006445,0.8656028368794326,0.7393454059641412,0.7742021276595744
phase_neighborhood,phase,3,9,0.2,False,,1,12,0.37871014325988867,0.8754531126871552,0.743336939304433,0.7730496453900709
phase_neighborhood,phase,3,9,0.2,False,,1,13,0.35192337804088636,0.8832939322301024,0.7484573907885991,0.7736702127659575
phase_neighborhood,phase,3,9,0.2,False,,1,14,0.33015238251434337,0.8891351457840819,0.7549133310926721,0.7708333333333334
phase_neighborhood,phase,3,9,0.2,False,,1,15,0.30908217183053727,0.8969858156028369,0.7631285888928894,0.774645390070922
phase_neighborhood,phase,3,9,0.2,False,,1,16,0.28934128229499706,0.9031225374310481,0.7671162673767576,0.7706560283687943
phase_neighborhood,phase,3,9,0.2,False,,1,17,0.2712895760534315,0.9081560283687943,0.7871827715677573,0.7700354609929078
phase_neighborhood,phase,3,9,0.2,False,,1,18,0.2540110832504441,0.9147655634357762,0.7965168630823176,0.7721631205673759
phase_neighborhood,phase,3,9,0.2,False,,1,19,0.23825115518742795,0.9195626477541371,0.8115579622857114,0.7681737588652482
phase_neighborhood,phase,3,9,0.2,False,,1,20,0.22350718297058433,0.9248620961386919,0.8181283524695863,0.7733156028368794
phase_neighborhood,phase,3,9,0.2,False,,2,1,2.808387687659057,0.30628447596532704,1.9232096868203887,0.49636524822695033
phase_neighborhood,phase,3,9,0.2,False,,2,2,1.3471609451434479,0.6282998423955871,1.1498998255594401,0.6611702127659574
phase_neighborhood,phase,3,9,0.2,False,,2,3,0.9466137598404459,0.7214144996059889,0.9519877141249096,0.7187943262411347
phase_neighborhood,phase,3,9,0.2,False,,2,4,0.7869083680441475,0.7621650906225375,0.8711747717350087,0.7322695035460993
phase_neighborhood,phase,3,9,0.2,False,,2,5,0.6853260129337897,0.7890464933018124,0.824513278954418,0.7476063829787234
phase_neighborhood,phase,3,9,0.2,False,,2,6,0.6133582078161157,0.8087470449172577,0.801620194506138,0.7497340425531915
phase_neighborhood,phase,3,9,0.2,False,,2,7,0.5560752091208624,0.8238376674546888,0.7870584307410193,0.7531028368794326
phase_neighborhood,phase,3,9,0.2,False,,2,8,0.5094116331555882,0.8370764381402679,0.7625555222338819,0.762322695035461
phase_neighborhood,phase,3,9,0.2,False,,2,9,0.47055833614934045,0.8470941686367218,0.7617044202402128,0.7632978723404256
phase_neighborhood,phase,3,9,0.2,False,,2,10,0.43415218631144675,0.8576930654058313,0.7667330003799276,0.7615248226950354
phase_neighborhood,phase,3,9,0.2,False,,2,11,0.40452889529995506,0.8669129235618598,0.767907899575876,0.7640957446808511
phase_neighborhood,phase,3,9,0.2,False,,2,12,0.3779903731917283,0.8746552403467297,0.7638706929717504,0.761258865248227
phase_neighborhood,phase,3,9,0.2,False,,2,13,0.3524959845323089,0.8833037825059101,0.7792360737814126,0.762854609929078
phase_neighborhood,phase,3,9,0.2,False,,2,14,0.3286800382079056,0.8899527186761229,0.7854060365798625,0.762677304964539
phase_neighborhood,phase,3,9,0.2,False,,2,15,0.30578309732032066,0.8975866824271079,0.7934149961099557,0.7631205673758865
phase_neighborhood,phase,3,9,0.2,False,,2,16,0.2854797016785218,0.9042750197005516,0.8073565780693758,0.7613475177304965
phase_neighborhood,phase,3,9,0.2,False,,2,17,0.26856185964376933,0.9096631205673759,0.8182715665786824,0.764450354609929
phase_neighborhood,phase,3,9,0.2,False,,2,18,0.24967220619590946,0.9158195429472025,0.8276244360927149,0.764804964539007
phase_neighborhood,phase,3,9,0.2,False,,2,19,0.2361696602064761,0.9196414499605989,0.8445108975924499,0.7606382978723404
phase_neighborhood,phase,3,9,0.2,False,,2,20,0.22042222513139859,0.9266548463356974,0.8626099208990733,0.7585106382978724
phase_neighborhood,phase,3,10,0.2,False,,0,1,2.456851633859489,0.39273049645390073,2.0898416329782905,0.46808510638297873
phase_neighborhood,phase,3,10,0.2,False,,0,2,1.7647067546092967,0.5351162332545312,1.4165338198343913,0.6056737588652482
phase_neighborhood,phase,3,10,0.2,False,,0,3,1.1659034064663405,0.6660756501182034,1.1131649267588948,0.6660460992907802
phase_neighborhood,phase,3,10,0.2,False,,0,4,0.9475566203242873,0.7202029156816391,0.980577951458329,0.7049645390070922
phase_neighborhood,phase,3,10,0.2,False,,0,5,0.813617064165637,0.7539795114263199,0.8952300770485655,0.7284574468085107
phase_neighborhood,phase,3,10,0.2,False,,0,6,0.7153548785511014,0.7798463356973995,0.8556906102396917,0.7365248226950355
phase_neighborhood,phase,3,10,0.2,False,,0,7,0.6469671479823366,0.7979905437352246,0.8258436733103813,0.7458333333333333
phase_neighborhood,phase,3,10,0.2,False,,0,8,0.588987032666368,0.814598108747045,0.7987325026211164,0.7516843971631205
phase_neighborhood,phase,3,10,0.2,False,,0,9,0.54112201887759,0.8259554767533491,0.755630415931661,0.7656914893617022
phase_neighborhood,phase,3,10,0.2,False,,0,10,0.5037280722243096,0.8380023640661939,0.7671158115280435,0.7611702127659574
phase_neighborhood,phase,3,10,0.2,False,,0,11,0.46767192217569076,0.8489164696611505,0.742171485563542,0.7705673758865248
phase_neighborhood,phase,3,10,0.2,False,,0,12,0.4367681267272778,0.857348305752561,0.748484770626041,0.7662234042553191
phase_neighborhood,phase,3,10,0.2,False,,0,13,0.4088042556628925,0.8655240346729708,0.7351656001298985,0.7716312056737589
phase_neighborhood,phase,3,10,0.2,False,,0,14,0.382027548640802,0.8743991331757289,0.7613214984007761,0.7618794326241135
phase_neighborhood,phase,3,10,0.2,False,,0,15,0.35837523111496694,0.8810382190701339,0.7425495090848165,0.7700354609929078
phase_neighborhood,phase,3,10,0.2,False,,0,16,0.3395273781226694,0.8874211977935382,0.729031339351167,0.775886524822695
phase_neighborhood,phase,3,10,0.2,False,,0,17,0.31936198978371466,0.8933018124507486,0.7692762975997113,0.7694148936170213
phase_neighborhood,phase,3,10,0.2,False,,0,18,0.30022866678951854,0.89900512214342,0.7569502327459078,0.7729609929078014
phase_neighborhood,phase,3,10,0.2,False,,0,19,0.2833314353222918,0.9056245074862096,0.7633267470919494,0.7690602836879432
phase_neighborhood,phase,3,10,0.2,False,,0,20,0.266101126679292,0.9105496453900709,0.7614768673976262,0.773581560283688
phase_neighborhood,phase,3,10,0.2,False,,1,1,2.467843453803337,0.3922773837667455,2.3086330745237094,0.4276595744680851
phase_neighborhood,phase,3,10,0.2,False,,1,2,1.7888964782275958,0.5303092986603625,1.4336895800651388,0.6087765957446809
phase_neighborhood,phase,3,10,0.2,False,,1,3,1.1692674757834962,0.6655141843971631,1.1326068257609159,0.6747340425531915
phase_neighborhood,phase,3,10,0.2,False,,1,4,0.9399811516510773,0.7194148936170213,0.9661248323765207,0.7112588652482269
phase_neighborhood,phase,3,10,0.2,False,,1,5,0.8005073953651837,0.7560382190701339,0.9195525203190796,0.7210106382978724
phase_neighborhood,phase,3,10,0.2,False,,1,6,0.7224167698382205,0.7776891252955083,0.9159921840573033,0.7199468085106383
phase_neighborhood,phase,3,10,0.2,False,,1,7,0.6544781008510725,0.7948877068557919,0.8305571537491278,0.7470744680851064
phase_neighborhood,phase,3,10,0.2,False,,1,8,0.5934444347923435,0.811790780141844,0.7987821511343016,0.7543439716312057
phase_neighborhood,phase,3,10,0.2,False,,1,9,0.5455545802488395,0.8242809298660363,0.7808789422326055,0.7564716312056737
phase_neighborhood,phase,3,10,0.2,False,,1,10,0.5052231238149488,0.8372537431048069,0.7649633274856189,0.7603723404255319
phase_neighborhood,phase,3,10,0.2,False,,1,11,0.47248999440031225,0.8454984239558707,0.7629882900427419,0.764804964539007
phase_neighborhood,phase,3,10,0.2,False,,1,12,0.4380835544461806,0.856323877068558,0.7406834133127902,0.7713652482269504
phase_neighborhood,phase,3,10,0.2,False,,1,13,0.40989947031575735,0.8650019700551616,0.758043901548318,0.7660460992907802
phase_neighborhood,phase,3,10,0.2,False,,1,14,0.38571035413877336,0.872547281323877,0.7529451909640157,0.7669326241134752
phase_neighborhood,phase,3,10,0.2,False,,1,15,0.3606275928452599,0.8794129235618597,0.7540908279993855,0.7684397163120568
phase_neighborhood,phase,3,10,0.2,False,,1,16,0.3395542561773055,0.8871847911741528,0.755701181990035,0.7690602836879432
phase_neighborhood,phase,3,10,0.2,False,,1,17,0.3195782019877828,0.8926615445232466,0.7514329719205275,0.775354609929078
phase_neighborhood,phase,3,10,0.2,False,,1,18,0.3008072912599084,0.8991725768321513,0.7522975361939017,0.7729609929078014
phase_neighborhood,phase,3,10,0.2,False,,1,19,0.28306049019262675,0.9044917257683215,0.7840216377948193,0.7640957446808511
phase_neighborhood,phase,3,10,0.2,False,,1,20,0.2653271233406097,0.9109929078014184,0.7821618610240043,0.7693262411347518
phase_neighborhood,phase,3,10,0.2,False,,2,1,2.4525049063800544,0.3946907013396375,2.241417325811183,0.4443262411347518
phase_neighborhood,phase,3,10,0.2,False,,2,2,1.7917053332377646,0.529649330181245,1.4256369259340542,0.60177304964539
phase_neighborhood,phase,3,10,0.2,False,,2,3,1.181153037324489,0.6625394011032308,1.1361062540230176,0.6720744680851064
phase_neighborhood,phase,3,10,0.2,False,,2,4,0.9419771798677197,0.7209712371946414,0.9934106963746091,0.6984929078014185
phase_neighborhood,phase,3,10,0.2,False,,2,5,0.803456025719173,0.756392828999212,0.9535619046671171,0.7066489361702127
phase_neighborhood,phase,3,10,0.2,False,,2,6,0.7172610593086345,0.7784574468085106,0.8586746269929494,0.7346631205673759
phase_neighborhood,phase,3,10,0.2,False,,2,7,0.6453465315936775,0.7972517730496453,0.8345740979444896,0.7444148936170213
phase_neighborhood,phase,3,10,0.2,False,,2,8,0.5870530010772748,0.8138297872340425,0.8196701898642466,0.7447695035460993
phase_neighborhood,phase,3,10,0.2,False,,2,9,0.539369487800027,0.8268518518518518,0.8105655510374841,0.7472517730496454
phase_neighborhood,phase,3,10,0.2,False,,2,10,0.501154137033473,0.8376576044129236,0.7961701699182497,0.7570921985815603
phase_neighborhood,phase,3,10,0.2,False,,2,11,0.4657104375984276,0.848295902285264,0.8106674573100205,0.7490248226950355
phase_neighborhood,phase,3,10,0.2,False,,2,12,0.43221533506098836,0.8584810874704492,0.7801659381135981,0.7584219858156028
phase_neighborhood,phase,3,10,0.2,False,,2,13,0.405592540378548,0.8654255319148936,0.7856058895165193,0.7604609929078014
phase_neighborhood,phase,3,10,0.2,False,,2,14,0.38042395977263754,0.8734239558707644,0.7824762594615314,0.7606382978723404
phase_neighborhood,phase,3,10,0.2,False,,2,15,0.3572127275949768,0.881678486997636,0.8172699779060716,0.7545212765957446
phase_neighborhood,phase,3,10,0.2,False,,2,16,0.334960815881161,0.8880023640661938,0.8029212337013677,0.7609929078014185
phase_neighborhood,phase,3,10,0.2,False,,2,17,0.31524055606272394,0.8941981875492514,0.8047588831989477,0.7586879432624114
phase_neighborhood,phase,3,10,0.2,False,,2,18,0.2965315085024792,0.9008372734436564,0.8129429033462038,0.761258865248227
phase_neighborhood,phase,3,10,0.2,False,,2,19,0.27892609012699954,0.9060283687943262,0.8147074068691713,0.7589539007092199
phase_neighborhood,phase,3,10,0.2,False,,2,20,0.2608819672871613,0.9127659574468086,0.834566758985215,0.7545212765957446
phase_neighborhood,phase,4,6,0.2,False,,0,1,3.344140016309289,0.17668439716312057,3.1023884269362645,0.2230496453900709
phase_neighborhood,phase,4,6,0.2,False,,0,2,2.8161933511143316,0.29345941686367216,2.628118459552738,0.32907801418439714
phase_neighborhood,phase,4,6,0.2,False,,0,3,2.279671311622722,0.4209022852639874,2.1831323527275246,0.4301418439716312
phase_neighborhood,phase,4,6,0.2,False,,0,4,1.8619034849066167,0.5160756501182033,1.8060923544227654,0.5203014184397163
phase_neighborhood,phase,4,6,0.2,False,,0,5,1.5485371409296707,0.5829787234042553,1.5680687041992838,0.5756205673758865
phase_neighborhood,phase,4,6,0.2,False,,0,6,1.324906106555058,0.634978329393223,1.377495385399947,0.6174645390070922
phase_neighborhood,phase,4,6,0.2,False,,0,7,1.1639832421867184,0.6727541371158392,1.2808004575418241,0.6329787234042553
phase_neighborhood,phase,4,6,0.2,False,,0,8,1.04163155493725,0.7011032308904649,1.2070829132769971,0.649645390070922
phase_neighborhood,phase,4,6,0.2,False,,0,9,0.94378556829442,0.7264873916469661,1.0993625852233129,0.676950354609929
phase_neighborhood,phase,4,6,0.2,False,,0,10,0.8638787237840717,0.7472813238770686,1.0762068275864243,0.676241134751773
phase_neighborhood,phase,4,6,0.2,False,,0,11,0.7983190154540811,0.7635145784081955,1.022575515889107,0.6949468085106383
phase_neighborhood,phase,4,6,0.2,False,,0,12,0.7497905263851908,0.775354609929078,0.9852194297398236,0.7048758865248227
phase_neighborhood,phase,4,6,0.2,False,,0,13,0.6968891715608871,0.7905634357762017,0.9406985702244103,0.7163120567375887
phase_neighborhood,phase,4,6,0.2,False,,0,14,0.6574066760504311,0.7997438928289992,0.9316239887518241,0.7211879432624113
phase_neighborhood,phase,4,6,0.2,False,,0,15,0.6191155275272703,0.8118498817966903,0.9364753316057489,0.7159574468085106
phase_neighborhood,phase,4,6,0.2,False,,0,16,0.5873387063836563,0.8202817178881009,0.9102506773691651,0.7227836879432624
phase_neighborhood,phase,4,6,0.2,False,,0,17,0.5555815680558706,0.8287431048069346,0.8986529828808831,0.7307624113475177
phase_neighborhood,phase,4,6,0.2,False,,0,18,0.5257219578545332,0.8376871552403468,0.8852958177843838,0.7322695035460993
phase_neighborhood,phase,4,6,0.2,False,,0,19,0.4996622157082772,0.8456067769897557,0.882395657072676,0.7320921985815603
phase_neighborhood,phase,4,6,0.2,False,,0,20,0.4825676043734389,0.8505516154452325,0.9271693118497835,0.7230496453900709
phase_neighborhood,phase,4,6,0.2,False,,1,1,3.3420745565160415,0.17808313632781717,3.087595331246126,0.23085106382978723
phase_neighborhood,phase,4,6,0.2,False,,1,2,2.8080500983740984,0.2950847123719464,2.6056830544843743,0.3450354609929078
phase_neighborhood,phase,4,6,0.2,False,,1,3,2.2812338124869656,0.4197301024428684,2.143240998315473,0.4406914893617021
phase_neighborhood,phase,4,6,0.2,False,,1,4,1.856964374452806,0.5147655634357762,1.7793601599145443,0.5317375886524822
phase_neighborhood,phase,4,6,0.2,False,,1,5,1.5430250425992564,0.5863081166272656,1.5591556799327229,0.5754432624113475
phase_neighborhood,phase,4,6,0.2,False,,1,6,1.3317867058106911,0.6339933018124507,1.4186389841931932,0.5992021276595745
phase_neighborhood,phase,4,6,0.2,False,,1,7,1.171645513681843,0.6730988967691095,1.2757034136048446,0.6422872340425532
phase_neighborhood,phase,4,6,0.2,False,,1,8,1.0447185234914529,0.7031520882584712,1.188981371737541,0.6601950354609929
phase_neighborhood,phase,4,6,0.2,False,,1,9,0.9455581763487712,0.7273837667454689,1.121691358512175,0.6719858156028369
phase_neighborhood,phase,4,6,0.2,False,,1,10,0.8727125079167743,0.7457446808510638,1.0924082827060781,0.6782801418439717
phase_neighborhood,phase,4,6,0.2,False,,1,11,0.8031467225440757,0.7620074862096139,1.051506306600909,0.6860815602836879
phase_neighborhood,phase,4,6,0.2,False,,1,12,0.7482559296913839,0.778161938534279,1.0256424543705391,0.6863475177304964
phase_neighborhood,phase,4,6,0.2,False,,1,13,0.6995466820737148,0.7901595744680852,0.977625571413243,0.7059397163120568
phase_neighborhood,phase,4,6,0.2,False,,1,14,0.6597036244645657,0.8009357762017336,0.9457489485436298,0.713386524822695
phase_neighborhood,phase,4,6,0.2,False,,1,15,0.6196403000888343,0.8125394011032309,0.9437581052171423,0.7175531914893617
phase_neighborhood,phase,4,6,0.2,False,,1,16,0.5860683400204465,0.8219168636721829,0.9298662108732454,0.7149822695035462
phase_neighborhood,phase,4,6,0.2,False,,1,17,0.5547145092271274,0.8309692671394799,0.9090537899774862,0.7254432624113475
phase_neighborhood,phase,4,6,0.2,False,,1,18,0.5296864303667025,0.836968085106383,0.9088467809325415,0.7225177304964538
phase_neighborhood,phase,4,6,0.2,False,,1,19,0.5038416442014365,0.8441095350669818,0.9025169331131252,0.7277482269503546
phase_neighborhood,phase,4,6,0.2,False,,1,20,0.4767281272075043,0.8525019700551616,0.8999372766373005,0.7274822695035461
phase_neighborhood,phase,4,6,0.2,False,,2,1,3.353824473742522,0.17607368006304178,3.128006552297173,0.22828014184397163
phase_neighborhood,phase,4,6,0.2,False,,2,2,2.8330973667643784,0.2908983451536643,2.655226367923385,0.33563829787234045
phase_neighborhood,phase,4,6,0.2,False,,2,3,2.2893672523393325,0.4198187549251379,2.181496508916219,0.43608156028368794
phase_neighborhood,phase,4,6,0.2,False,,2,4,1.8730513163116431,0.5124211977935382,1.8556309280666055,0.5040780141843971
phase_neighborhood,phase,4,6,0.2,False,,2,5,1.5691291891560957,0.5809003152088259,1.6089450964690946,0.5585992907801418
phase_neighborhood,phase,4,6,0.2,False,,2,6,1.3428519467653677,0.6305555555555555,1.4246790923125354,0.5954787234042553
phase_neighborhood,phase,4,6,0.2,False,,2,7,1.175166041894256,0.6710795902285264,1.3165901803801245,0.625531914893617
phase_neighborhood,phase,4,6,0.2,False,,2,8,1.051918890215075,0.700925925925926,1.2080956619682042,0.6500886524822695
phase_neighborhood,phase,4,6,0.2,False,,2,9,0.9523419507570019,0.7248620961386919,1.1515430866403782,0.6618794326241135
phase_neighborhood,phase,4,6,0.2,False,,2,10,0.8716999122343071,0.7457840819542947,1.1052570420799526,0.6742021276595744
phase_neighborhood,phase,4,6,0.2,False,,2,11,0.8030003991955561,0.7626379038613081,1.065087142903754,0.6840425531914893
phase_neighborhood,phase,4,6,0.2,False,,2,12,0.74674431324193,0.7775413711583924,1.0171042020439256,0.6954787234042553
phase_neighborhood,phase,4,6,0.2,False,,2,13,0.7054945780594016,0.7884456264775414,0.999372297483133,0.699468085106383
phase_neighborhood,phase,4,6,0.2,False,,2,14,0.6592126782340643,0.8011524822695035,0.9690409745730407,0.7068262411347518
phase_neighborhood,phase,4,6,0.2,False,,2,15,0.6234511153260209,0.8104215918045705,0.9635097500703014,0.7113475177304964
phase_neighborhood,phase,4,6,0.2,False,,2,16,0.5915601844201415,0.8194148936170212,0.9607174180078168,0.7109929078014184
phase_neighborhood,phase,4,6,0.2,False,,2,17,0.5560479094984025,0.8294227738376675,0.9343028030496963,0.7186170212765958
phase_neighborhood,phase,4,6,0.2,False,,2,18,0.529915421924035,0.8374211977935382,0.9204217428856708,0.7187943262411347
phase_neighborhood,phase,4,6,0.2,False,,2,19,0.5047513776543199,0.845596926713948,0.935172818738518,0.7190602836879433
phase_neighborhood,phase,4,6,0.2,False,,2,20,0.4811933761886765,0.850817572892041,0.918089990666572,0.7198581560283688
phase_neighborhood,phase,4,7,0.2,False,,0,1,2.8813606892729293,0.3106284475965327,1.9160167437073188,0.525
phase_neighborhood,phase,4,7,0.2,False,,0,2,1.3637643256273864,0.6341509062253743,1.096893560886383,0.6874113475177305
phase_neighborhood,phase,4,7,0.2,False,,0,3,0.9205031812425858,0.7333825847123719,0.9057942875733612,0.7310283687943262
phase_neighborhood,phase,4,7,0.2,False,,0,4,0.7556027778778798,0.7728230890464933,0.8211071924537632,0.7509751773049645
phase_neighborhood,phase,4,7,0.2,False,,0,5,0.6561115607771937,0.7986800630417652,0.7698971726370196,0.7641843971631206
phase_neighborhood,phase,4,7,0.2,False,,0,6,0.584877599140525,0.8174546887312845,0.7380943582835773,0.7705673758865248
phase_neighborhood,phase,4,7,0.2,False,,0,7,0.5289071712275957,0.8334909377462569,0.7168605696647725,0.7768617021276596
phase_neighborhood,phase,4,7,0.2,False,,0,8,0.4820807071066541,0.8465819542947203,0.7074141881990095,0.7760638297872341
phase_neighborhood,phase,4,7,0.2,False,,0,9,0.44368808271379523,0.8587470449172577,0.697664319961629,0.7765070921985816
phase_neighborhood,phase,4,7,0.2,False,,0,10,0.41000622337121867,0.86924743892829,0.7008262280454027,0.7760638297872341
phase_neighborhood,phase,4,7,0.2,False,,0,11,0.3805751835482622,0.8765661938534279,0.7007534016954138,0.7773936170212766
phase_neighborhood,phase,4,7,0.2,False,,0,12,0.3534608311499076,0.8862194641449961,0.7024362913260224,0.7809397163120567
phase_neighborhood,phase,4,7,0.2,False,,0,13,0.3283993215214276,0.8940110323089047,0.7101705701638621,0.7768617021276596
phase_neighborhood,phase,4,7,0.2,False,,0,14,0.30732146454571363,0.9002068557919621,0.7133664781320179,0.7774822695035462
phase_neighborhood,phase,4,7,0.2,False,,0,15,0.2865731383985755,0.9076635145784082,0.726279660657788,0.7773936170212766
phase_neighborhood,phase,4,7,0.2,False,,0,16,0.26870886053599363,0.9128644602048858,0.7273644763527187,0.7772163120567376
phase_neighborhood,phase,4,7,0.2,False,,0,17,0.25142014567733656,0.9185973207249803,0.7448911871470458,0.7760638297872341
phase_neighborhood,phase,4,7,0.2,False,,0,18,0.2348267013910157,0.9242218282111899,0.7583887933839297,0.7703900709219859
phase_neighborhood,phase,4,7,0.2,False,,0,19,0.22049800796923064,0.9294326241134752,0.762844396313877,0.7743794326241135
phase_neighborhood,phase,4,7,0.2,False,,0,20,0.2068986860807718,0.9341410559495665,0.7811682641928923,0.7760638297872341
phase_neighborhood,phase,4,7,0.2,False,,1,1,2.866123352978904,0.3120271867612293,1.9257523441991062,0.5203900709219859
phase_neighborhood,phase,4,7,0.2,False,,1,2,1.362051642476526,0.6340622537431048,1.0969477193575379,0.689627659574468
phase_neighborhood,phase,4,7,0.2,False,,1,3,0.9178206923629845,0.7340327029156817,0.8930840500703094,0.7352836879432624
phase_neighborhood,phase,4,7,0.2,False,,1,4,0.7469376640116915,0.7765366430260048,0.8037119799471916,0.7591312056737589
phase_neighborhood,phase,4,7,0.2,False,,1,5,0.6452410833773602,0.8015070921985815,0.7496162551514646,0.7712765957446809
phase_neighborhood,phase,4,7,0.2,False,,1,6,0.5713602828453431,0.8227344365642238,0.7279665818451144,0.7716312056737589
phase_neighborhood,phase,4,7,0.2,False,,1,7,0.5184295567308851,0.8364263199369583,0.7103170213124431,0.7743794326241135
phase_neighborhood,phase,4,7,0.2,False,,1,8,0.47194475911563544,0.8493301812450749,0.6978372250042909,0.7774822695035462
phase_neighborhood,phase,4,7,0.2,False,,1,9,0.4338499143989749,0.8605003940110323,0.6931735302539582,0.7798758865248226
phase_neighborhood,phase,4,7,0.2,False,,1,10,0.4000671444773392,0.8710894405043341,0.692442242727212,0.7788120567375887
phase_neighborhood,phase,4,7,0.2,False,,1,11,0.37018376567215316,0.8805457052797478,0.6902701267959378,0.7835992907801419
phase_neighborhood,phase,4,7,0.2,False,,1,12,0.34396157625437346,0.8884160756501182,0.693864214335773,0.7830673758865249
phase_neighborhood,phase,4,7,0.2,False,,1,13,0.3214140228627703,0.8959219858156028,0.6995466618673176,0.7826241134751774
phase_neighborhood,phase,4,7,0.2,False,,1,14,0.2996827175994855,0.9028368794326241,0.7068563653222213,0.7798758865248226
phase_neighborhood,phase,4,7,0.2,False,,1,15,0.2805455953516859,0.9085598896769109,0.71729702391523,0.7792553191489362
phase_neighborhood,phase,4,7,0.2,False,,1,16,0.2612854598050422,0.915622537431048,0.7203995035049763,0.7834219858156029
phase_neighborhood,phase,4,7,0.2,False,,1,17,0.2464535724421577,0.9197596532702915,0.7412129799524944,0.7800531914893617
phase_neighborhood,phase,4,7,0.2,False,,1,18,0.23060041174257337,0.9254826635145784,0.7455485726079196,0.7794326241134751
phase_neighborhood,phase,4,7,0.2,False,,1,19,0.21584597609003667,0.9310579196217494,0.7613169839196171,0.7796985815602837
phase_neighborhood,phase,4,7,0.2,False,,1,20,0.20241353383817665,0.934446414499606,0.7774546290120334,0.7774822695035462
phase_neighborhood,phase,4,7,0.2,False,,2,1,2.854590011093915,0.31542553191489364,1.9003492840638398,0.5259751773049646
phase_neighborhood,phase,4,7,0.2,False,,2,2,1.3299961679840389,0.6437450748620961,1.103809236127434,0.687145390070922
phase_neighborhood,phase,4,7,0.2,False,,2,3,0.9037599011703774,0.7379925137903861,0.9000378531767121,0.7312943262411348
phase_neighborhood,phase,4,7,0.2,False,,2,4,0.7407445898010939,0.7776694247438928,0.8138896101755453,0.7519503546099291
phase_neighborhood,phase,4,7,0.2,False,,2,5,0.6403675159851898,0.8046690307328606,0.7666433597287388,0.7591312056737589
phase_neighborhood,phase,4,7,0.2,False,,2,6,0.5705882838431825,0.8233648542159181,0.738383611931023,0.7671985815602836
phase_neighborhood,phase,4,7,0.2,False,,2,7,0.5144069359000035,0.8375,0.7191559788183117,0.7719858156028369
phase_neighborhood,phase,4,7,0.2,False,,2,8,0.47082231910422245,0.8516942474389283,0.7132473001666103,0.7722517730496454
phase_neighborhood,phase,4,7,0.2,False,,2,9,0.4321709547482484,0.8625886524822695,0.7074460544484726,0.7772163120567376
phase_neighborhood,phase,4,7,0.2,False,,2,10,0.39972136400176184,0.871769109535067,0.7105798318876443,0.7773049645390071
phase_neighborhood,phase,4,7,0.2,False,,2,11,0.37136113056054354,0.8810382190701339,0.7140294769977001,0.7768617021276596
phase_neighborhood,phase,4,7,0.2,False,,2,12,0.34611734567522723,0.8892631993695823,0.7162165198765748,0.7773049645390071
phase_neighborhood,phase,4,7,0.2,False,,2,13,0.3219714479243502,0.8960007880220646,0.7285591682643755,0.774113475177305
phase_neighborhood,phase,4,7,0.2,False,,2,14,0.3024218533713579,0.9022458628841608,0.73981211868161,0.7712765957446809
phase_neighborhood,phase,4,7,0.2,False,,2,15,0.2807911320593152,0.9088356973995272,0.7534422530772839,0.7697695035460993
phase_neighborhood,phase,4,7,0.2,False,,2,16,0.26311522410834653,0.9159672970843183,0.7572623642412484,0.7695921985815602
phase_neighborhood,phase,4,7,0.2,False,,2,17,0.24606949687473786,0.9204097714736013,0.7679866670294011,0.7675531914893617
phase_neighborhood,phase,4,7,0.2,False,,2,18,0.230726899642283,0.9261918833727344,0.7819842281705098,0.7668439716312057
phase_neighborhood,phase,4,7,0.2,False,,2,19,0.21630227238386046,0.9304275019700552,0.791666582374708,0.7674645390070922
phase_neighborhood,phase,4,7,0.2,False,,2,20,0.20255414732240898,0.9360618597320725,0.804704225274688,0.7672872340425532
phase_neighborhood,phase,4,8,0.2,False,,0,1,2.7120192841153337,0.35345744680851066,2.3276080033457873,0.4397163120567376
phase_neighborhood,phase,4,8,0.2,False,,0,2,1.637846297556439,0.5777088258471237,1.2392438781176898,0.6593971631205674
phase_neighborhood,phase,4,8,0.2,False,,0,3,1.027584782127699,0.7070527974783294,0.9805373090378782,0.7075354609929078
phase_neighborhood,phase,4,8,0.2,False,,0,4,0.816411662439928,0.7581855791962175,0.8640932017184318,0.7418439716312056
phase_neighborhood,phase,4,8,0.2,False,,0,5,0.6986926699361057,0.7870370370370371,0.8055406162924801,0.7548758865248227
phase_neighborhood,phase,4,8,0.2,False,,0,6,0.6200744914294605,0.8064913317572892,0.7696380192506398,0.7627659574468085
phase_neighborhood,phase,4,8,0.2,False,,0,7,0.5584444988985715,0.8258077226162333,0.7376735529578324,0.7737588652482269
phase_neighborhood,phase,4,8,0.2,False,,0,8,0.5091040263784693,0.8389578408195429,0.7265657768393239,0.7742021276595744
phase_neighborhood,phase,4,8,0.2,False,,0,9,0.4689445375362844,0.8504728132387707,0.7143804064033725,0.7750886524822695
phase_neighborhood,phase,4,8,0.2,False,,0,10,0.4342244045578466,0.8611702127659574,0.7146854630176057,0.7731382978723405
phase_neighborhood,phase,4,8,0.2,False,,0,11,0.40064003195135117,0.8719661150512215,0.7037691840043304,0.7760638297872341
phase_neighborhood,phase,4,8,0.2,False,,0,12,0.37342624635655075,0.8799152876280536,0.70222853362983,0.7804078014184397
phase_neighborhood,phase,4,8,0.2,False,,0,13,0.3485209852339622,0.888140267927502,0.7009324082246063,0.7833333333333333
phase_neighborhood,phase,4,8,0.2,False,,0,14,0.3240830377484044,0.8961879432624114,0.7123586683831317,0.7765070921985816
phase_neighborhood,phase,4,8,0.2,False,,0,15,0.30231539417290143,0.9026694247438928,0.720910433885899,0.7760638297872341
phase_neighborhood,phase,4,8,0.2,False,,0,16,0.28325953569536233,0.9095252167060678,0.7222425794347803,0.7803191489361702
phase_neighborhood,phase,4,8,0.2,False,,0,17,0.2658801329474077,0.9149133175728921,0.7545964932399438,0.774822695035461
phase_neighborhood,phase,4,8,0.2,False,,0,18,0.24797318213515812,0.9195035460992907,0.7564222586281756,0.7718085106382979
phase_neighborhood,phase,4,8,0.2,False,,0,19,0.23164031507346083,0.9262312844759654,0.7611351019524514,0.7740248226950355
phase_neighborhood,phase,4,8,0.2,False,,0,20,0.21683705964832442,0.9313928289992119,0.7761538574247495,0.7742907801418439
phase_neighborhood,phase,4,8,0.2,False,,1,1,2.6907088038111597,0.35669818754925137,2.45019904265167,0.4175531914893617
phase_neighborhood,phase,4,8,0.2,False,,1,2,1.6380241081787903,0.5752561071710008,1.2774286895779008,0.6478723404255319
phase_neighborhood,phase,4,8,0.2,False,,1,3,1.0353632619007072,0.7038613081166273,1.0037980977525103,0.7052304964539007
phase_neighborhood,phase,4,8,0.2,False,,1,4,0.8205607248911997,0.7563632781717888,0.8583300789197286,0.7401595744680851
phase_neighborhood,phase,4,8,0.2,False,,1,5,0.70087276992129,0.7865149724192277,0.7940677306330796,0.7565602836879433
phase_neighborhood,phase,4,8,0.2,False,,1,6,0.6195326103668123,0.809022852639874,0.7706699982602545,0.7560283687943262
phase_neighborhood,phase,4,8,0.2,False,,1,7,0.5568697706369832,0.8258569739952719,0.7295836239841813,0.7669326241134752
phase_neighborhood,phase,4,8,0.2,False,,1,8,0.5065306834952863,0.8392336485421592,0.7136525261486676,0.77322695035461
phase_neighborhood,phase,4,8,0.2,False,,1,9,0.46483468822459706,0.8515169424743892,0.7055005627321014,0.7796985815602837
phase_neighborhood,phase,4,8,0.2,False,,1,10,0.4291579459763776,0.8620567375886525,0.6975780451551397,0.7776595744680851
phase_neighborhood,phase,4,8,0.2,False,,1,11,0.39770890983236973,0.8723404255319149,0.700374064420132,0.775709219858156
phase_neighborhood,phase,4,8,0.2,False,,1,12,0.3687709637473567,0.8806836091410559,0.7015545608304071,0.7778368794326241
phase_neighborhood,phase,4,8,0.2,False,,1,13,0.3426668981006523,0.8887214342001576,0.7166204634710407,0.7768617021276596
phase_neighborhood,phase,4,8,0.2,False,,1,14,0.32027467063226694,0.8954688731284476,0.7023068371394002,0.7807624113475178
phase_neighborhood,phase,4,8,0.2,False,,1,15,0.2992048231117175,0.9032801418439717,0.7267955259651157,0.7770390070921985
phase_neighborhood,phase,4,8,0.2,False,,1,16,0.278275674938498,0.9099389282899921,0.7354313689766201,0.7764184397163121
phase_neighborhood,phase,4,8,0.2,False,,1,17,0.2620279704707171,0.9154255319148936,0.7425851322234945,0.7733156028368794
phase_neighborhood,phase,4,8,0.2,False,,1,18,0.24422270679116906,0.9215327029156817,0.7478047134182977,0.7778368794326241
phase_neighborhood,phase,4,8,0.2,False,,1,19,0.2283559141969756,0.9264479905437353,0.7597659761601306,0.7767730496453901
phase_neighborhood,phase,4,8,0.2,False,,1,20,0.21408495816943024,0.9310480693459416,0.7731842194254517,0.7777482269503546
phase_neighborhood,phase,4,8,0.2,False,,2,1,2.698524204965085,0.35717100078802205,2.360156154294386,0.43351063829787234
phase_neighborhood,phase,4,8,0.2,False,,2,2,1.6333481276007127,0.5765169424743893,1.2656099536740189,0.6429078014184397
phase_neighborhood,phase,4,8,0.2,False,,2,3,1.0197250697253912,0.7093479117415288,0.9882316596119116,0.7124113475177305
phase_neighborhood,phase,4,8,0.2,False,,2,4,0.812779157419107,0.7594759653270292,0.869831991533861,0.7367021276595744
phase_neighborhood,phase,4,8,0.2,False,,2,5,0.6974775268676433,0.7888691883372735,0.8253243028694857,0.7424645390070922
phase_neighborhood,phase,4,8,0.2,False,,2,6,0.6183134496963522,0.8099389282899921,0.7875060492373528,0.7526595744680851
phase_neighborhood,phase,4,8,0.2,False,,2,7,0.5584974317310174,0.8255811662726557,0.7664032529009149,0.7578014184397163
phase_neighborhood,phase,4,8,0.2,False,,2,8,0.5094394689709113,0.8396079590228527,0.7341606734914983,0.7694148936170213
phase_neighborhood,phase,4,8,0.2,False,,2,9,0.46696081861348676,0.8515760441292356,0.7309670751821911,0.7668439716312057
phase_neighborhood,phase,4,8,0.2,False,,2,10,0.4324010875396037,0.8616528762805359,0.7329463599844181,0.7688829787234043
phase_neighborhood,phase,4,8,0.2,False,,2,11,0.40037521954546584,0.8714046493301812,0.7317878105961685,0.7675531914893617
phase_neighborhood,phase,4,8,0.2,False,,2,12,0.37104461005205613,0.880506304176517,0.7225770357652759,0.7733156028368794
phase_neighborhood,phase,4,8,0.2,False,,2,13,0.3447871217490934,0.8890661938534279,0.7358267712677624,0.7653368794326241
phase_neighborhood,phase,4,8,0.2,False,,2,14,0.32145479631010615,0.8955378250591016,0.734631400328156,0.7677304964539007
phase_neighborhood,phase,4,8,0.2,False,,2,15,0.29995101461079854,0.902698975571316,0.7539668294554907,0.7673758865248227
phase_neighborhood,phase,4,8,0.2,False,,2,16,0.2803941055345573,0.9089539007092199,0.7633704492386352,0.7648936170212766
phase_neighborhood,phase,4,8,0.2,False,,2,17,0.26113426066271617,0.9154452324665091,0.7606558016851439,0.7688829787234043
phase_neighborhood,phase,4,8,0.2,False,,2,18,0.24480977843745286,0.9214342001576045,0.7727889623202331,0.7659574468085106
phase_neighborhood,phase,4,8,0.2,False,,2,19,0.22990449655234485,0.9261426319936958,0.7930844235082045,0.7640070921985815
phase_neighborhood,phase,4,8,0.2,False,,2,20,0.213687255203583,0.9328014184397163,0.8040376369412063,0.7615248226950354
phase_neighborhood,phase,4,9,0.2,False,,0,1,2.9521754772480873,0.2790878644602049,2.090360786728825,0.4643617021276596
phase_neighborhood,phase,4,9,0.2,False,,0,2,1.5197540303681947,0.589558707643814,1.229567579174718,0.6517730496453901
phase_neighborhood,phase,4,9,0.2,False,,0,3,1.0537953452673177,0.6967100078802206,1.02679224373601,0.6965425531914894
phase_neighborhood,phase,4,9,0.2,False,,0,4,0.8769788248319152,0.7409377462568952,0.9341353038101332,0.7199468085106383
phase_neighborhood,phase,4,9,0.2,False,,0,5,0.7696883585248245,0.7679570527974783,0.8884461005951496,0.7304964539007093
phase_neighborhood,phase,4,9,0.2,False,,0,6,0.6905222991585638,0.788672182821119,0.8497956067112321,0.7396276595744681
phase_neighborhood,phase,4,9,0.2,False,,0,7,0.6291482838614895,0.8056048069345941,0.8194136301676432,0.7452127659574468
phase_neighborhood,phase,4,9,0.2,False,,0,8,0.5789942345814596,0.818823877068558,0.8050712534721861,0.750354609929078
phase_neighborhood,phase,4,9,0.2,False,,0,9,0.5362766857124671,0.8300728920409771,0.8055761204543689,0.749290780141844
phase_neighborhood,phase,4,9,0.2,False,,0,10,0.4993337699143881,0.8415681639085895,0.7881607779374359,0.7523936170212766
phase_neighborhood,phase,4,9,0.2,False,,0,11,0.4660901766860457,0.8495862884160756,0.7852448163725806,0.7565602836879433
phase_neighborhood,phase,4,9,0.2,False,,0,12,0.4384009642522104,0.8580673758865248,0.7870745944638624,0.7577127659574469
phase_neighborhood,phase,4,9,0.2,False,,0,13,0.4111545666735223,0.8669129235618598,0.7871347656063999,0.7606382978723404
phase_neighborhood,phase,4,9,0.2,False,,0,14,0.3866747651445856,0.8739164696611506,0.7930816243726311,0.7608156028368794
phase_neighborhood,phase,4,9,0.2,False,,0,15,0.3653432997969589,0.8791469661150513,0.8022063509792301,0.7579787234042553
phase_neighborhood,phase,4,9,0.2,False,,0,16,0.3433685739271466,0.8872438928289992,0.8014378276277095,0.7582446808510638
phase_neighborhood,phase,4,9,0.2,False,,0,17,0.32336175143953566,0.8928092986603625,0.8162173394615768,0.7598404255319149
phase_neighborhood,phase,4,9,0.2,False,,0,18,0.3050410458757898,0.8993203309692671,0.8263126790946257,0.7592198581560283
phase_neighborhood,phase,4,9,0.2,False,,0,19,0.2870922604562543,0.9059397163120567,0.8280007659966219,0.761258865248227
phase_neighborhood,phase,4,9,0.2,False,,0,20,0.2713668690247269,0.9108353033884948,0.8378066817073957,0.7583333333333333
phase_neighborhood,phase,4,9,0.2,False,,1,1,2.9564701632311063,0.27924546887312846,2.123468572535413,0.46099290780141844
phase_neighborhood,phase,4,9,0.2,False,,1,2,1.495806176386263,0.5974290780141844,1.2265478401319354,0.6526595744680851
phase_neighborhood,phase,4,9,0.2,False,,1,3,1.037537092332111,0.7014479905437352,1.0359401473762295,0.6945035460992908
phase_neighborhood,phase,4,9,0.2,False,,1,4,0.8676980656277391,0.7433904649330181,0.9183140906881779,0.7284574468085107
phase_neighborhood,phase,4,9,0.2,False,,1,5,0.75970443270167,0.7701044129235619,0.8703656055403094,0.7347517730496453
phase_neighborhood,phase,4,9,0.2,False,,1,6,0.6831984645414766,0.7902974783293932,0.8454762399619353,0.7419326241134752
phase_neighborhood,phase,4,9,0.2,False,,1,7,0.6245215849203797,0.8047675334909378,0.8082759311858644,0.7519503546099291
phase_neighborhood,phase,4,9,0.2,False,,1,8,0.5717467860502929,0.8208333333333333,0.7925462878342215,0.7551418439716312
phase_neighborhood,phase,4,9,0.2,False,,1,9,0.5298749247482201,0.8315504334121355,0.7876230381904764,0.7562056737588653
phase_neighborhood,phase,4,9,0.2,False,,1,10,0.49468908781513066,0.8413514578408195,0.7810248787521471,0.7573581560283688
phase_neighborhood,phase,4,9,0.2,False,,1,11,0.46170017124631446,0.851349487785658,0.7773482359892933,0.7613475177304965
phase_neighborhood,phase,4,9,0.2,False,,1,12,0.4315598960557822,0.8607368006304177,0.7777330776478382,0.7624113475177305
phase_neighborhood,phase,4,9,0.2,False,,1,13,0.40504198925902846,0.867366036249015,0.7793793723092857,0.7631205673758865
phase_neighborhood,phase,4,9,0.2,False,,1,14,0.38115877059616377,0.8738770685579196,0.7828838585539067,0.7601950354609929
phase_neighborhood,phase,4,9,0.2,False,,1,15,0.3585482770105908,0.8820330969267139,0.7885466184176452,0.7654255319148936
phase_neighborhood,phase,4,9,0.2,False,,1,16,0.33664717367073044,0.8887903861308116,0.7976302279648206,0.7634751773049645
phase_neighborhood,phase,4,9,0.2,False,,1,17,0.31792363843361726,0.8949074074074074,0.8120975348966342,0.7662234042553191
phase_neighborhood,phase,4,9,0.2,False,,1,18,0.29922370024911993,0.9010145784081954,0.8164110094097489,0.7703900709219859
phase_neighborhood,phase,4,9,0.2,False,,1,19,0.2817865158226473,0.9071513002364067,0.8328519986453631,0.7595744680851064
phase_neighborhood,phase,4,9,0.2,False,,1,20,0.2677686161934813,0.9108747044917258,0.8412562148790833,0.7625886524822695
phase_neighborhood,phase,4,9,0.2,False,,2,1,2.949251458286018,0.279403073286052,2.081690192729869,0.47216312056737586
phase_neighborhood,phase,4,9,0.2,False,,2,2,1.490400080618847,0.5975078802206462,1.246086197034687,0.6459219858156028
phase_neighborhood,phase,4,9,0.2,False,,2,3,1.0369645200252908,0.6999014972419227,1.02546231450764,0.699822695035461
phase_neighborhood,phase,4,9,0.2,False,,2,4,0.8643142846647072,0.7431737588652483,0.9372421864922165,0.7151595744680851
phase_neighborhood,phase,4,9,0.2,False,,2,5,0.7589686396931737,0.770665878644602,0.8936581447614845,0.726063829787234
phase_neighborhood,phase,4,9,0.2,False,,2,6,0.6854046650530317,0.788918439716312,0.8648904701496692,0.7305851063829787
phase_neighborhood,phase,4,9,0.2,False,,2,7,0.6255603814801426,0.8052994483845548,0.84713339518148,0.7333333333333333
phase_neighborhood,phase,4,9,0.2,False,,2,8,0.5777766545613606,0.8177403467297084,0.8185758978762525,0.7444148936170213
phase_neighborhood,phase,4,9,0.2,False,,2,9,0.5359591725635379,0.8309397163120568,0.8042074465582557,0.7509751773049645
phase_neighborhood,phase,4,9,0.2,False,,2,10,0.4996153172026289,0.8391055949566588,0.807598992949682,0.7492021276595745
phase_neighborhood,phase,4,9,0.2,False,,2,11,0.46769044965716966,0.8498325453112687,0.8032867141226505,0.7489361702127659
phase_neighborhood,phase,4,9,0.2,False,,2,12,0.43766819000995655,0.8586977935382191,0.790355595206538,0.7549645390070922
phase_neighborhood,phase,4,9,0.2,False,,2,13,0.41099126684891135,0.8674645390070922,0.8037718184450839,0.7515957446808511
phase_neighborhood,phase,4,9,0.2,False,,2,14,0.386476361836102,0.8745665878644602,0.8085673164814077,0.7527482269503546
phase_neighborhood,phase,4,9,0.2,False,,2,15,0.3640638745892602,0.8811071710007881,0.8187675722101901,0.7524822695035461
phase_neighborhood,phase,4,9,0.2,False,,2,16,0.3432837466821603,0.8860914105594957,0.8283034281105014,0.7484042553191489
phase_neighborhood,phase,4,9,0.2,False,,2,17,0.3250531247462505,0.8925531914893617,0.8331114161521831,0.7525709219858157
phase_neighborhood,phase,4,9,0.2,False,,2,18,0.3051629726110809,0.8985421591804571,0.8373433098725394,0.7523936170212766
phase_neighborhood,phase,4,9,0.2,False,,2,19,0.2881697730627278,0.9043735224586288,0.8591834257257746,0.7467198581560284
phase_neighborhood,phase,4,9,0.2,False,,2,20,0.271550363577004,0.9102935382190701,0.8730661082140942,0.7465425531914893
phase_neighborhood,phase,4,10,0.2,False,,0,1,2.9264078544574614,0.2823286052009456,2.2495154509307644,0.4106382978723404
phase_neighborhood,phase,4,10,0.2,False,,0,2,1.603115087066512,0.5630910165484634,1.2854116392473802,0.6352836879432624
phase_neighborhood,phase,4,10,0.2,False,,0,3,1.0970675658108777,0.6825453112687155,1.0617722790291968,0.6859042553191489
phase_neighborhood,phase,4,10,0.2,False,,0,4,0.9113767991768646,0.728516548463357,0.9556453538279162,0.7157801418439717
phase_neighborhood,phase,4,10,0.2,False,,0,5,0.7994274431556299,0.7580476753349094,0.9163696212126008,0.7221631205673759
phase_neighborhood,phase,4,10,0.2,False,,0,6,0.7177302766447465,0.7781816390858944,0.8484105216695907,0.7453900709219858
phase_neighborhood,phase,4,10,0.2,False,,0,7,0.6537624848931676,0.7973404255319149,0.8374430384196289,0.7366134751773049
phase_neighborhood,phase,4,10,0.2,False,,0,8,0.6066805065476678,0.8076241134751773,0.8159881979015702,0.7471631205673759
phase_neighborhood,phase,4,10,0.2,False,,0,9,0.5618820997746184,0.8209219858156028,0.7750399445811063,0.7575354609929078
phase_neighborhood,phase,4,10,0.2,False,,0,10,0.5268510099092368,0.8314716312056738,0.7697113923992671,0.7617021276595745
phase_neighborhood,phase,4,10,0.2,False,,0,11,0.49269954986324266,0.8409672970843184,0.7421285979291226,0.7726950354609929
phase_neighborhood,phase,4,10,0.2,False,,0,12,0.4657702524282502,0.8482762017336486,0.7293929257714157,0.7701241134751773
phase_neighborhood,phase,4,10,0.2,False,,0,13,0.4367176327769262,0.8573286052009457,0.7270638633281626,0.777127659574468
phase_neighborhood,phase,4,10,0.2,False,,0,14,0.4144635512567675,0.8638790386130811,0.7648257220045049,0.7634751773049645
phase_neighborhood,phase,4,10,0.2,False,,0,15,0.39108788217494955,0.8707643814026793,0.7408732996764757,0.7685283687943263
phase_neighborhood,phase,4,10,0.2,False,,0,16,0.3729119735923313,0.8756008668242711,0.7252486535420655,0.774468085106383
phase_neighborhood,phase,4,10,0.2,False,,0,17,0.35326484685530335,0.8812450748620961,0.7651149831342359,0.7686170212765957
phase_neighborhood,phase,4,10,0.2,False,,0,18,0.3373695405615513,0.8867316784869976,0.7418329917792733,0.7726950354609929
phase_neighborhood,phase,4,10,0.2,False,,0,19,0.3168770514598881,0.8953014184397163,0.7492731546679288,0.7713652482269504
phase_neighborhood,phase,4,10,0.2,False,,0,20,0.30501603496365887,0.8986209613869188,0.7573934855190575,0.7715425531914893
phase_neighborhood,phase,4,10,0.2,False,,1,1,2.9301374101000004,0.2853230890464933,2.3381413442868713,0.3924645390070922
phase_neighborhood,phase,4,10,0.2,False,,1,2,1.6164954479704512,0.5608353033884949,1.305340309345976,0.6341312056737589
phase_neighborhood,phase,4,10,0.2,False,,1,3,1.1024011157364992,0.6814716312056738,1.0880573905951587,0.6791666666666667
phase_neighborhood,phase,4,10,0.2,False,,1,4,0.9109495232479135,0.7292553191489362,0.9428854399539055,0.7147163120567376
phase_neighborhood,phase,4,10,0.2,False,,1,5,0.7978059940304316,0.7591016548463357,0.8962617356726463,0.7306737588652482
phase_neighborhood,phase,4,10,0.2,False,,1,6,0.7162924817878492,0.7792651694247439,0.8674310203985119,0.7316489361702128
phase_neighborhood,phase,4,10,0.2,False,,1,7,0.6575266620509732,0.7949369582348306,0.8298669242689796,0.7412234042553192
phase_neighborhood,phase,4,10,0.2,False,,1,8,0.6070948057798441,0.809022852639874,0.8018058579864231,0.7499113475177305
phase_neighborhood,phase,4,10,0.2,False,,1,9,0.5637377759431459,0.8219168636721829,0.7692190694470777,0.7594858156028369
phase_neighborhood,phase,4,10,0.2,False,,1,10,0.5245340931969801,0.8317572892040977,0.7731064946093458,0.7606382978723404
phase_neighborhood,phase,4,10,0.2,False,,1,11,0.4925442060069647,0.8406028368794326,0.7778704950995479,0.7577127659574469
phase_neighborhood,phase,4,10,0.2,False,,1,12,0.46674368956410295,0.84801024428684,0.7430590820650682,0.7670212765957447
phase_neighborhood,phase,4,10,0.2,False,,1,13,0.4388288574297659,0.8562746256895193,0.7709675533551696,0.7620567375886524
phase_neighborhood,phase,4,10,0.2,False,,1,14,0.41743960132553787,0.8622241922773838,0.7435602752029473,0.7688829787234043
phase_neighborhood,phase,4,10,0.2,False,,1,15,0.39315911294251,0.8694444444444445,0.7255883387640013,0.774822695035461
phase_neighborhood,phase,4,10,0.2,False,,1,16,0.3728567529795581,0.8760342789598109,0.7525253536007929,0.764450354609929
phase_neighborhood,phase,4,10,0.2,False,,1,17,0.35557830183406436,0.8820626477541371,0.7383812389475234,0.7721631205673759
phase_neighborhood,phase,4,10,0.2,False,,1,18,0.3348544384077649,0.8877364066193854,0.7377605221795698,0.7721631205673759
phase_neighborhood,phase,4,10,0.2,False,,1,19,0.3214991429549113,0.8915681639085894,0.7583601736007852,0.7689716312056738
phase_neighborhood,phase,4,10,0.2,False,,1,20,0.3048244804496179,0.8982663514578408,0.7625724532502762,0.7714539007092198
phase_neighborhood,phase,4,10,0.2,False,,2,1,2.9195727170406127,0.28650512214342,2.299733829160109,0.3938829787234043
phase_neighborhood,phase,4,10,0.2,False,,2,2,1.5984726004754586,0.5643321513002364,1.329158257254472,0.6151595744680851
phase_neighborhood,phase,4,10,0.2,False,,2,3,1.0919358614958394,0.6854609929078014,1.0811367056893963,0.686968085106383
phase_neighborhood,phase,4,10,0.2,False,,2,4,0.9034424961975375,0.7327127659574468,0.9788819788195563,0.7065602836879432
phase_neighborhood,phase,4,10,0.2,False,,2,5,0.7925013446544831,0.7617119779353821,0.9350109913670425,0.7086879432624114
phase_neighborhood,phase,4,10,0.2,False,,2,6,0.7128794936141788,0.7817178881008668,0.8422069252382779,0.7411347517730497
phase_neighborhood,phase,4,10,0.2,False,,2,7,0.6528437947503594,0.7963159968479118,0.8220770974531242,0.7474290780141843
phase_neighborhood,phase,4,10,0.2,False,,2,8,0.6018580812840503,0.8109141055949567,0.8204938938431706,0.7435283687943263
phase_neighborhood,phase,4,10,0.2,False,,2,9,0.5603276019353769,0.8233156028368794,0.810433074219007,0.7430851063829788
phase_neighborhood,phase,4,10,0.2,False,,2,10,0.5256607294270521,0.8314913317572892,0.7828526231414037,0.7555851063829787
phase_neighborhood,phase,4,10,0.2,False,,2,11,0.4917937159068571,0.8416666666666667,0.780764413894491,0.7506205673758866
phase_neighborhood,phase,4,10,0.2,False,,2,12,0.4632740099755115,0.8497044917257683,0.7608314810069741,0.7607269503546099
phase_neighborhood,phase,4,10,0.2,False,,2,13,0.43892124732523286,0.856038219070134,0.7703779647113583,0.762677304964539
phase_neighborhood,phase,4,10,0.2,False,,2,14,0.4154036857745514,0.8633668242710796,0.7724163742775613,0.7604609929078014
phase_neighborhood,phase,4,10,0.2,False,,2,15,0.3938514211593039,0.869602048857368,0.771049444092081,0.7609929078014185
phase_neighborhood,phase,4,10,0.2,False,,2,16,0.37405856744429555,0.8769503546099291,0.7750687189558719,0.7589539007092199
phase_neighborhood,phase,4,10,0.2,False,,2,17,0.35519515910047167,0.8813829787234042,0.7663000423434778,0.7611702127659574
phase_neighborhood,phase,4,10,0.2,False,,2,18,0.33749121909445906,0.8877265563435777,0.7560696277423953,0.7642730496453901
phase_neighborhood,phase,4,10,0.2,False,,2,19,0.3214890650541788,0.8912529550827423,0.794083195924759,0.7563829787234042
phase_neighborhood,phase,4,10,0.2,False,,2,20,0.30643324142041595,0.896522852639874,0.8028559306200515,0.7617021276595745
phase_neighborhood,phase,5,6,0.2,False,,0,1,2.6606826019813172,0.35590031520882587,2.1324710646419662,0.47322695035460993
phase_neighborhood,phase,5,6,0.2,False,,0,2,2.020465363509266,0.4937746256895193,2.0425759220799655,0.4909574468085106
phase_neighborhood,phase,5,6,0.2,False,,0,3,1.9163554820796465,0.5165090622537432,1.8716267736245555,0.525709219858156
phase_neighborhood,phase,5,6,0.2,False,,0,4,1.5920852421962717,0.5881895193065406,1.5671844049548427,0.5877659574468085
phase_neighborhood,phase,5,6,0.2,False,,0,5,1.3081493491540281,0.6478723404255319,1.3571415718565596,0.6316489361702128
phase_neighborhood,phase,5,6,0.2,False,,0,6,1.1065049463881576,0.6926024428684003,1.2132469644783237,0.6574468085106383
phase_neighborhood,phase,5,6,0.2,False,,0,7,0.9796623297616945,0.7222911741528762,1.1199141818580898,0.6822695035460993
phase_neighborhood,phase,5,6,0.2,False,,0,8,0.8812613215194715,0.7456954294720252,1.0740574988067573,0.6844858156028368
phase_neighborhood,phase,5,6,0.2,False,,0,9,0.8051513876099583,0.7634160756501182,1.0027040074903069,0.7028368794326241
phase_neighborhood,phase,5,6,0.2,False,,0,10,0.7455075882005353,0.7783983451536644,0.995869656911133,0.7027482269503547
phase_neighborhood,phase,5,6,0.2,False,,0,11,0.6948206295640192,0.7912135539795114,0.9373896074633227,0.7201241134751774
phase_neighborhood,phase,5,6,0.2,False,,0,12,0.649665355710555,0.8040287628053585,0.9176022317392606,0.7231382978723404
phase_neighborhood,phase,5,6,0.2,False,,0,13,0.6107748814414485,0.8139873916469661,0.8956260725961509,0.7280141843971631
phase_neighborhood,phase,5,6,0.2,False,,0,14,0.5770992187555612,0.8222222222222222,0.8983720492809377,0.7276595744680852
phase_neighborhood,phase,5,6,0.2,False,,0,15,0.5470380279377185,0.8313337273443656,0.8867819617403314,0.7275709219858156
phase_neighborhood,phase,5,6,0.2,False,,0,16,0.5241056899934232,0.8365248226950355,0.8660077349936709,0.7350177304964539
phase_neighborhood,phase,5,6,0.2,False,,0,17,0.49612871903523953,0.8439519306540583,0.8760686873544192,0.7367021276595744
phase_neighborhood,phase,5,6,0.2,False,,0,18,0.4726313934164596,0.8510244286840032,0.8609378638842428,0.7406914893617021
phase_neighborhood,phase,5,6,0.2,False,,0,19,0.44889104048317113,0.8588947990543735,0.8589593573242215,0.7361702127659574
phase_neighborhood,phase,5,6,0.2,False,,0,20,0.4303359600387285,0.8644996059889677,0.8447912736987391,0.7430851063829788
phase_neighborhood,phase,5,6,0.2,False,,1,1,2.6589759498623247,0.3566193853427896,2.1765753637814353,0.4568262411347518
phase_neighborhood,phase,5,6,0.2,False,,1,2,1.9987666565945432,0.4968873128447597,2.035488623761116,0.49326241134751775
phase_neighborhood,phase,5,6,0.2,False,,1,3,1.9538650660744044,0.507210401891253,1.994681873727352,0.4983156028368794
phase_neighborhood,phase,5,6,0.2,False,,1,4,1.6401551434710047,0.5781717888100867,1.5940947999345496,0.586968085106383
phase_neighborhood,phase,5,6,0.2,False,,1,5,1.3344393684321074,0.6421296296296296,1.3781120144729073,0.6311170212765957
phase_neighborhood,phase,5,6,0.2,False,,1,6,1.1313101136374417,0.6870173364854216,1.269944492722234,0.6469858156028369
phase_neighborhood,phase,5,6,0.2,False,,1,7,0.9981726576156557,0.7169818754925138,1.1386773968419284,0.6811170212765958
phase_neighborhood,phase,5,6,0.2,False,,1,8,0.9002869936309525,0.7412234042553192,1.0844082663245236,0.686968085106383
phase_neighborhood,phase,5,6,0.2,False,,1,9,0.8238910228084447,0.7588356973995272,1.0319022785687277,0.7021276595744681
phase_neighborhood,phase,5,6,0.2,False,,1,10,0.7598894939261032,0.7759554767533491,1.0014283016218362,0.7112588652482269
phase_neighborhood,phase,5,6,0.2,False,,1,11,0.7066611039229882,0.7895094562647754,0.986484956741333,0.7097517730496454
phase_neighborhood,phase,5,6,0.2,False,,1,12,0.6638260694636051,0.8006501182033097,0.9422334564493058,0.7217198581560283
phase_neighborhood,phase,5,6,0.2,False,,1,13,0.6246804304532502,0.8106382978723404,0.9616243946636822,0.7177304964539007
phase_neighborhood,phase,5,6,0.2,False,,1,14,0.5914473824608129,0.818429866036249,0.9116825785197264,0.7289007092198582
phase_neighborhood,phase,5,6,0.2,False,,1,15,0.5586630426400097,0.8284278959810875,0.8996208334645481,0.7300531914893617
phase_neighborhood,phase,5,6,0.2,False,,1,16,0.5308674847168467,0.8351654846335698,0.8825101657116666,0.7384751773049646
phase_neighborhood,phase,5,6,0.2,False,,1,17,0.5069296683167923,0.8417848699763594,0.8876052646772236,0.737145390070922
phase_neighborhood,phase,5,6,0.2,False,,1,18,0.482699994765181,0.848404255319149,0.8726561657080414,0.7410460992907801
phase_neighborhood,phase,5,6,0.2,False,,1,19,0.45857364141255313,0.8575157604412924,0.8852975115285697,0.735549645390071
phase_neighborhood,phase,5,6,0.2,False,,1,20,0.4384438919870754,0.8615149724192277,0.8764385808021464,0.7393617021276596
phase_neighborhood,phase,5,6,0.2,False,,2,1,2.6617869158444956,0.3548758865248227,2.167427068399199,0.45354609929078016
phase_neighborhood,phase,5,6,0.2,False,,2,2,2.021427529773156,0.4934200157604413,2.183563058596131,0.4497340425531915
phase_neighborhood,phase,5,6,0.2,False,,2,3,1.9507407662622378,0.5087765957446808,1.8899451019070672,0.5187943262411348
phase_neighborhood,phase,5,6,0.2,False,,2,4,1.5582740664576056,0.5960106382978724,1.5766206562096345,0.5877659574468085
phase_neighborhood,phase,5,6,0.2,False,,2,5,1.2840578710309534,0.6556639085894405,1.3693705015994133,0.6221631205673759
phase_neighborhood,phase,5,6,0.2,False,,2,6,1.101038359581156,0.6948680063041766,1.2206871884934445,0.6542553191489362
phase_neighborhood,phase,5,6,0.2,False,,2,7,0.9745225765180926,0.7225768321513002,1.1343383085643146,0.6737588652482269
phase_neighborhood,phase,5,6,0.2,False,,2,8,0.8809730446554714,0.744533096926714,1.0664399889344018,0.6916666666666667
phase_neighborhood,phase,5,6,0.2,False,,2,9,0.8074640044271711,0.7637805358550039,1.0240132172902425,0.7016843971631206
phase_neighborhood,phase,5,6,0.2,False,,2,10,0.746027250586766,0.7786052009456265,0.9849550571002014,0.713741134751773
phase_neighborhood,phase,5,6,0.2,False,,2,11,0.6986450364403691,0.7906816390858944,0.972880648383012,0.7104609929078014
phase_neighborhood,phase,5,6,0.2,False,,2,12,0.6505150877649715,0.8034278959810874,0.937729068343521,0.7207446808510638
phase_neighborhood,phase,5,6,0.2,False,,2,13,0.6157801780999411,0.8125591016548463,0.9184353863939326,0.7274822695035461
phase_neighborhood,phase,5,6,0.2,False,,2,14,0.5782940662405076,0.8223404255319149,0.9065607534232715,0.7281028368794327
phase_neighborhood,phase,5,6,0.2,False,,2,15,0.5495758392521488,0.8303289992119779,0.8955086110331488,0.7303191489361702
phase_neighborhood,phase,5,6,0.2,False,,2,16,0.523429875455098,0.8372931442080378,0.8880395824182118,0.7320921985815603
phase_neighborhood,phase,5,6,0.2,False,,2,17,0.4969004015033878,0.844602048857368,0.8698725259050409,0.7400709219858156
phase_neighborhood,phase,5,6,0.2,False,,2,18,0.47307816383122836,0.8520390070921986,0.8609599388237541,0.7398049645390071
phase_neighborhood,phase,5,6,0.2,False,,2,19,0.4527657053384187,0.8583234830575256,0.8696042336470692,0.7379432624113476
phase_neighborhood,phase,5,6,0.2,False,,2,20,0.4319898847475871,0.8635835303388495,0.8739388170817219,0.7386524822695035
phase_neighborhood,phase,5,7,0.2,False,,0,1,2.9419962864959213,0.2834022852639874,2.1283026147396007,0.46551418439716313
phase_neighborhood,phase,5,7,0.2,False,,0,2,1.5576436584253213,0.5900019700551615,1.2590947793730607,0.6479609929078014
phase_neighborhood,phase,5,7,0.2,False,,0,3,1.0524659466611954,0.7017139479905438,1.0226484344360676,0.7004432624113475
phase_neighborhood,phase,5,7,0.2,False,,0,4,0.8606887539697501,0.7470843183609142,0.9141599423496436,0.7259751773049645
phase_neighborhood,phase,5,7,0.2,False,,0,5,0.7479315051701804,0.7756599684791174,0.8587885369645788,0.7392730496453901
phase_neighborhood,phase,5,7,0.2,False,,0,6,0.6674847848590102,0.7962470449172577,0.818628854616314,0.7463652482269504
phase_neighborhood,phase,5,7,0.2,False,,0,7,0.604325706165921,0.8139972419227738,0.7966836169256386,0.7537234042553191
phase_neighborhood,phase,5,7,0.2,False,,0,8,0.5548305950829887,0.8274625689519306,0.7859677183712628,0.7545212765957446
phase_neighborhood,phase,5,7,0.2,False,,0,9,0.511961760081298,0.8397360126083531,0.7782709204558785,0.7573581560283688
phase_neighborhood,phase,5,7,0.2,False,,0,10,0.4742836371193353,0.8504432624113475,0.7684028584060939,0.7596631205673758
phase_neighborhood,phase,5,7,0.2,False,,0,11,0.44147514090752205,0.8602147360126083,0.7688712620566077,0.7617021276595745
phase_neighborhood,phase,5,7,0.2,False,,0,12,0.4137780428966074,0.8679570527974784,0.7738815904509091,0.7643617021276595
phase_neighborhood,phase,5,7,0.2,False,,0,13,0.3855488022638175,0.8770488573680063,0.7713959630076767,0.7622340425531915
phase_neighborhood,phase,5,7,0.2,False,,0,14,0.36301490508072765,0.8830378250591017,0.7731592733809288,0.7617021276595745
phase_neighborhood,phase,5,7,0.2,False,,0,15,0.34115846428559277,0.8908687943262411,0.7824572365334693,0.7617021276595745
phase_neighborhood,phase,5,7,0.2,False,,0,16,0.3209738376997323,0.8966509062253744,0.7915525649456268,0.7617021276595745
phase_neighborhood,phase,5,7,0.2,False,,0,17,0.3001685459422163,0.9039204097714736,0.8002418003817822,0.762677304964539
phase_neighborhood,phase,5,7,0.2,False,,0,18,0.28275807856386154,0.9092986603624902,0.8168785348428902,0.7613475177304965
phase_neighborhood,phase,5,7,0.2,False,,0,19,0.2677582893482431,0.9127561071710008,0.830334727814857,0.7595744680851064
phase_neighborhood,phase,5,7,0.2,False,,0,20,0.2520967189630624,0.918784475965327,0.8384845564551388,0.7579787234042553
phase_neighborhood,phase,5,7,0.2,False,,1,1,2.9335810756758502,0.2847714736012608,2.153343181069016,0.4648049645390071
phase_neighborhood,phase,5,7,0.2,False,,1,2,1.5654475141830384,0.5869877856579985,1.2710203806559244,0.6484929078014184
phase_neighborhood,phase,5,7,0.2,False,,1,3,1.057345005440092,0.699290780141844,1.0351207802481686,0.6960106382978724
phase_neighborhood,phase,5,7,0.2,False,,1,4,0.8633846356795472,0.7473404255319149,0.921170182177361,0.7239361702127659
phase_neighborhood,phase,5,7,0.2,False,,1,5,0.7505403441740266,0.7737785657998424,0.862373847995244,0.7345744680851064
phase_neighborhood,phase,5,7,0.2,False,,1,6,0.6704468031677324,0.7961780929866036,0.8284094873895036,0.7442375886524822
phase_neighborhood,phase,5,7,0.2,False,,1,7,0.6100409672333558,0.8124113475177305,0.7993366223700503,0.7559397163120567
phase_neighborhood,phase,5,7,0.2,False,,1,8,0.5591361361474292,0.8259653270291568,0.7852825156340363,0.7568262411347517
phase_neighborhood,phase,5,7,0.2,False,,1,9,0.5172736186601685,0.8374605988967692,0.7717787344404992,0.7603723404255319
phase_neighborhood,phase,5,7,0.2,False,,1,10,0.4808460919193812,0.8479215918045705,0.7715953118412208,0.7586879432624114
phase_neighborhood,phase,5,7,0.2,False,,1,11,0.44748891893102016,0.8570626477541371,0.7681252805053765,0.7598404255319149
phase_neighborhood,phase,5,7,0.2,False,,1,12,0.4189764957290827,0.8659475965327029,0.7761559318988881,0.7587765957446808
phase_neighborhood,phase,5,7,0.2,False,,1,13,0.393131677309672,0.8733353033884949,0.7728091097469871,0.761968085106383
phase_neighborhood,phase,5,7,0.2,False,,1,14,0.36853124609699955,0.8806639085894405,0.781251264506198,0.7613475177304965
phase_neighborhood,phase,5,7,0.2,False,,1,15,0.3455036596391406,0.8872340425531915,0.796082959826111,0.7574468085106383
phase_neighborhood,phase,5,7,0.2,False,,1,16,0.326335997230148,0.8937844759653271,0.8004202225529555,0.7577127659574469
phase_neighborhood,phase,5,7,0.2,False,,1,17,0.3074376279486738,0.9003743104806935,0.8167082184595419,0.7568262411347517
phase_neighborhood,phase,5,7,0.2,False,,1,18,0.2885127909757473,0.9062549251379038,0.8217377193853365,0.7568262411347517
phase_neighborhood,phase,5,7,0.2,False,,1,19,0.2727666139978419,0.9120074862096139,0.837780998277326,0.7553191489361702
phase_neighborhood,phase,5,7,0.2,False,,1,20,0.25750896952770375,0.9169818754925138,0.8520932990608486,0.7553191489361702
phase_neighborhood,phase,5,7,0.2,False,,2,1,2.9292549797641283,0.28700748620961386,2.1071065650764087,0.46914893617021275
phase_neighborhood,phase,5,7,0.2,False,,2,2,1.5442677310360426,0.5944641449960599,1.276906342540227,0.6407801418439716
phase_neighborhood,phase,5,7,0.2,False,,2,3,1.052560203426743,0.7017434988179669,1.033955075723905,0.6991134751773049
phase_neighborhood,phase,5,7,0.2,False,,2,4,0.8604171850251062,0.7478821907013397,0.9366607975452504,0.7199468085106383
phase_neighborhood,phase,5,7,0.2,False,,2,5,0.7503806020539046,0.7755023640661939,0.8763949086480107,0.7318262411347518
phase_neighborhood,phase,5,7,0.2,False,,2,6,0.6692012195609703,0.7969168636721828,0.8427810555654215,0.7434397163120567
phase_neighborhood,phase,5,7,0.2,False,,2,7,0.609082517537477,0.8129925137903862,0.8185296982738143,0.7489361702127659
phase_neighborhood,phase,5,7,0.2,False,,2,8,0.5601410560480152,0.8251871552403467,0.8053530301608093,0.7511524822695036
phase_neighborhood,phase,5,7,0.2,False,,2,9,0.5156355193038923,0.8383766745468874,0.7941927019585955,0.7492021276595745
phase_neighborhood,phase,5,7,0.2,False,,2,10,0.4784994678106526,0.8491922773837668,0.7901995725665533,0.7534574468085107
phase_neighborhood,phase,5,7,0.2,False,,2,11,0.4469511978498493,0.8569050433412135,0.7938842411582352,0.75177304964539
phase_neighborhood,phase,5,7,0.2,False,,2,12,0.4171143453547671,0.8668932230102443,0.7835240465529422,0.7546099290780142
phase_neighborhood,phase,5,7,0.2,False,,2,13,0.3921565861754571,0.8750098502758077,0.7932602573793831,0.7523049645390071
phase_neighborhood,phase,5,7,0.2,False,,2,14,0.36798151265550916,0.8816489361702128,0.801030973804758,0.7540780141843971
phase_neighborhood,phase,5,7,0.2,False,,2,15,0.34529079090806797,0.8886327817178881,0.8067919177789215,0.7566489361702128
phase_neighborhood,phase,5,7,0.2,False,,2,16,0.32469272238471736,0.894493695823483,0.8146757495952837,0.7551418439716312
phase_neighborhood,phase,5,7,0.2,False,,2,17,0.3060808065418562,0.9010736800630418,0.8232123885171633,0.7537234042553191
phase_neighborhood,phase,5,7,0.2,False,,2,18,0.2901465488428953,0.9059791174152876,0.8268046366407517,0.7564716312056737
phase_neighborhood,phase,5,7,0.2,False,,2,19,0.27286875194409776,0.9126576044129235,0.8412927616783913,0.7509751773049645
phase_neighborhood,phase,5,7,0.2,False,,2,20,0.2575546723731021,0.9169917257683216,0.8533825320977692,0.7544326241134752
phase_neighborhood,phase,5,8,0.2,False,,0,1,3.081636747851721,0.25555555555555554,2.6724490919857162,0.34618794326241137
phase_neighborhood,phase,5,8,0.2,False,,0,2,2.18157104859679,0.4496158392434988,1.7691462645293974,0.5381205673758865
phase_neighborhood,phase,5,8,0.2,False,,0,3,1.4480044678687298,0.6083431836091411,1.3116269064287767,0.6352836879432624
phase_neighborhood,phase,5,8,0.2,False,,0,4,1.1117660138060297,0.6851950354609929,1.1154312216643747,0.6796985815602837
phase_neighborhood,phase,5,8,0.2,False,,0,5,0.9357461695599687,0.7255910165484634,1.011753121081819,0.7028368794326241
phase_neighborhood,phase,5,8,0.2,False,,0,6,0.8240391031600435,0.754403073286052,0.9430491628376305,0.7180851063829787
phase_neighborhood,phase,5,8,0.2,False,,0,7,0.7373678598749628,0.7772261623325453,0.8995337967331528,0.7229609929078015
phase_neighborhood,phase,5,8,0.2,False,,0,8,0.6700707344486546,0.7948877068557919,0.8664347001001345,0.7314716312056737
phase_neighborhood,phase,5,8,0.2,False,,0,9,0.6118137636928693,0.8124507486209613,0.853319336590192,0.7343971631205674
phase_neighborhood,phase,5,8,0.2,False,,0,10,0.5646455349181937,0.8242021276595745,0.8276831811201488,0.7398936170212767
phase_neighborhood,phase,5,8,0.2,False,,0,11,0.5228316937871953,0.8370567375886525,0.8215940709655166,0.7439716312056738
phase_neighborhood,phase,5,8,0.2,False,,0,12,0.4861146595883877,0.8474290780141844,0.8199494829414584,0.7453014184397163
phase_neighborhood,phase,5,8,0.2,False,,0,13,0.45364556933501465,0.8566883372734436,0.8147417626482375,0.7461879432624113
phase_neighborhood,phase,5,8,0.2,False,,0,14,0.42516407672113277,0.8640366430260047,0.8148176585528868,0.7507978723404255
phase_neighborhood,phase,5,8,0.2,False,,0,15,0.3989327503058552,0.8737391646966115,0.820831757741617,0.7462765957446809
phase_neighborhood,phase,5,8,0.2,False,,0,16,0.37313786255646353,0.8815898345153664,0.8224765836769807,0.7479609929078014
phase_neighborhood,phase,5,8,0.2,False,,0,17,0.34978679816867536,0.8880220646178093,0.8350751077875178,0.749645390070922
phase_neighborhood,phase,5,8,0.2,False,,0,18,0.3277595050697537,0.8969759653270292,0.8379532726521187,0.749822695035461
phase_neighborhood,phase,5,8,0.2,False,,0,19,0.30854320338243946,0.9012115839243499,0.8420190987434794,0.7495567375886525
phase_neighborhood,phase,5,8,0.2,False,,0,20,0.2888342807361514,0.9075748620961387,0.8509393519966315,0.7476950354609929
phase_neighborhood,phase,5,8,0.2,False,,1,1,3.0751053658689074,0.255397951142632,2.70789531951255,0.3446808510638298
phase_neighborhood,phase,5,8,0.2,False,,1,2,2.1634856446696795,0.4572301024428684,1.7640223709404046,0.5404255319148936
phase_neighborhood,phase,5,8,0.2,False,,1,3,1.4247128570051621,0.6150906225374311,1.3047661243601048,0.637677304964539
phase_neighborhood,phase,5,8,0.2,False,,1,4,1.096077251227659,0.6875985027580772,1.0979228701151855,0.6849290780141843
phase_neighborhood,phase,5,8,0.2,False,,1,5,0.924766467555101,0.729826635145784,0.9948622696788598,0.7103723404255319
phase_neighborhood,phase,5,8,0.2,False,,1,6,0.80864233405126,0.759200157604413,0.9428787362490986,0.7138297872340426
phase_neighborhood,phase,5,8,0.2,False,,1,7,0.7252335607394916,0.7801516942474389,0.885835098163456,0.7281914893617021
phase_neighborhood,phase,5,8,0.2,False,,1,8,0.6581276160229652,0.7981481481481482,0.8537024368208351,0.7359929078014185
phase_neighborhood,phase,5,8,0.2,False,,1,9,0.6035498895872475,0.8117021276595745,0.8414953055956685,0.7430851063829788
phase_neighborhood,phase,5,8,0.2,False,,1,10,0.55636365114938,0.8255516154452325,0.8277159157374226,0.7410460992907801
phase_neighborhood,phase,5,8,0.2,False,,1,11,0.5153114547872281,0.8383471237194642,0.8149816144019999,0.7488475177304964
phase_neighborhood,phase,5,8,0.2,False,,1,12,0.47901724104434135,0.8482072498029944,0.8041669750889988,0.75
phase_neighborhood,phase,5,8,0.2,False,,1,13,0.44639285548265006,0.8581954294720252,0.8056516465988565,0.752127659574468
phase_neighborhood,phase,5,8,0.2,False,,1,14,0.4164291329417668,0.8676615445232466,0.8016951703856178,0.7535460992907801
phase_neighborhood,phase,5,8,0.2,False,,1,15,0.38942385333743595,0.8751083530338849,0.8153695589684425,0.7516843971631205
phase_neighborhood,phase,5,8,0.2,False,,1,16,0.36501673434643034,0.8829491725768321,0.8126332422520252,0.7528368794326241
phase_neighborhood,phase,5,8,0.2,False,,1,17,0.34205929987819483,0.8915583136327817,0.8256988945582234,0.7523936170212766
phase_neighborhood,phase,5,8,0.2,False,,1,18,0.31906657405990235,0.8987982663514579,0.8251072764396667,0.7528368794326241
phase_neighborhood,phase,5,8,0.2,False,,1,19,0.30056929721712033,0.9038613081166272,0.838824618369975,0.7481382978723404
phase_neighborhood,phase,5,8,0.2,False,,1,20,0.2815047589270875,0.9102836879432624,0.8520267887741116,0.7495567375886525
phase_neighborhood,phase,5,8,0.2,False,,2,1,3.0820980709683155,0.25467888100866826,2.693038713171127,0.3422872340425532
phase_neighborhood,phase,5,8,0.2,False,,2,2,2.174714502055782,0.45328999211977933,1.7964414938121822,0.5223404255319148
phase_neighborhood,phase,5,8,0.2,False,,2,3,1.4508830981333487,0.608914499605989,1.3367788997947747,0.6281028368794326
phase_neighborhood,phase,5,8,0.2,False,,2,4,1.114502556442369,0.6856973995271868,1.140817662502857,0.6710106382978723
phase_neighborhood,phase,5,8,0.2,False,,2,5,0.9360135238972868,0.7284574468085107,1.0373644209922628,0.6935283687943262
phase_neighborhood,phase,5,8,0.2,False,,2,6,0.8192469722553911,0.7576832151300237,0.9707299822611166,0.7081560283687943
phase_neighborhood,phase,5,8,0.2,False,,2,7,0.7333959597692046,0.7802107959022853,0.9304251902492334,0.7184397163120567
phase_neighborhood,phase,5,8,0.2,False,,2,8,0.6664065166849898,0.7970646178092987,0.8908746278032343,0.7286347517730496
phase_neighborhood,phase,5,8,0.2,False,,2,9,0.6085330084283301,0.8122438928289992,0.8646896712323453,0.7335992907801419
phase_neighborhood,phase,5,8,0.2,False,,2,10,0.559198029403897,0.8255811662726557,0.8535491023503297,0.7367021276595744
phase_neighborhood,phase,5,8,0.2,False,,2,11,0.5163964236599897,0.8391449960598897,0.8454531935089868,0.7425531914893617
phase_neighborhood,phase,5,8,0.2,False,,2,12,0.4796666108124645,0.8499310480693459,0.8372085288061318,0.7434397163120567
phase_neighborhood,phase,5,8,0.2,False,,2,13,0.44709162407263325,0.8579097714736013,0.8402330575259864,0.7418439716312056
phase_neighborhood,phase,5,8,0.2,False,,2,14,0.4167501283499836,0.8673167848699763,0.8426627389928127,0.7427304964539007
phase_neighborhood,phase,5,8,0.2,False,,2,15,0.38909507348276295,0.87599487785658,0.8515099397787811,0.7418439716312056
phase_neighborhood,phase,5,8,0.2,False,,2,16,0.3641228204829379,0.8833136327817179,0.8524384277932188,0.7432624113475177
phase_neighborhood,phase,5,8,0.2,False,,2,17,0.341197780890198,0.8905437352245863,0.8603791621559901,0.7431737588652483
phase_neighborhood,phase,5,8,0.2,False,,2,18,0.32024188751870014,0.8981481481481481,0.863558880657169,0.7454787234042554
phase_neighborhood,phase,5,8,0.2,False,,2,19,0.3003114889840426,0.9043341213553979,0.8735107217274659,0.7414893617021276
phase_neighborhood,phase,5,8,0.2,False,,2,20,0.2821512205474859,0.9108353033884948,0.8875237865650908,0.7405141843971631
phase_neighborhood,phase,5,9,0.2,False,,0,1,2.5822094275126597,0.3653861308116627,1.6768703037965382,0.5557624113475177
phase_neighborhood,phase,5,9,0.2,False,,0,2,1.2755698703798937,0.6448089046493302,1.0895128763313835,0.685372340425532
phase_neighborhood,phase,5,9,0.2,False,,0,3,0.9356436609188528,0.7255713159968479,0.9337092862061575,0.7218971631205674
phase_neighborhood,phase,5,9,0.2,False,,0,4,0.7823031403776038,0.7631107171000788,0.8550439636335305,0.7375
phase_neighborhood,phase,5,9,0.2,False,,0,5,0.6882688112386669,0.7886918833727344,0.8221654017343589,0.7468971631205674
phase_neighborhood,phase,5,9,0.2,False,,0,6,0.6176665154284995,0.8076930654058314,0.7858870699896034,0.7564716312056737
phase_neighborhood,phase,5,9,0.2,False,,0,7,0.562765034500119,0.8236702127659574,0.7636036870750129,0.7602836879432624
phase_neighborhood,phase,5,9,0.2,False,,0,8,0.5178702569928482,0.837431048069346,0.7585481748936024,0.7609929078014185
phase_neighborhood,phase,5,9,0.2,False,,0,9,0.4791442700311647,0.8468479117415287,0.7498518907432015,0.763918439716312
phase_neighborhood,phase,5,9,0.2,False,,0,10,0.44599408182316264,0.8562056737588652,0.7417476614316304,0.7666666666666667
phase_neighborhood,phase,5,9,0.2,False,,0,11,0.41606710974488137,0.8641745468873129,0.7341536176965592,0.7702127659574468
phase_neighborhood,phase,5,9,0.2,False,,0,12,0.3879310744498263,0.8751576044129236,0.7511332586724707,0.7672872340425532
phase_neighborhood,phase,5,9,0.2,False,,0,13,0.3633788964990747,0.8807624113475178,0.7534656531844579,0.7704787234042553
phase_neighborhood,phase,5,9,0.2,False,,0,14,0.34055404546835744,0.8882880220646178,0.759555568931796,0.7714539007092198
phase_neighborhood,phase,5,9,0.2,False,,0,15,0.3210770314654748,0.8933510638297872,0.7719352290985432,0.7655141843971631
phase_neighborhood,phase,5,9,0.2,False,,0,16,0.30097445971952635,0.9005614657210402,0.7730058936785299,0.7670212765957447
phase_neighborhood,phase,5,9,0.2,False,,0,17,0.28282631169725725,0.9054275019700552,0.7905245443607899,0.7656914893617022
phase_neighborhood,phase,5,9,0.2,False,,0,18,0.265531281663077,0.9118400315208826,0.8045143443641933,0.7677304964539007
phase_neighborhood,phase,5,9,0.2,False,,0,19,0.2493649301200612,0.9164499605988967,0.8085400293059383,0.7673758865248227
phase_neighborhood,phase,5,9,0.2,False,,0,20,0.23465416062596842,0.9218183609141056,0.8237118226416568,0.7629432624113475
phase_neighborhood,phase,5,9,0.2,False,,1,1,2.568563084530962,0.36644011032308904,1.7026657429147274,0.5528368794326242
phase_neighborhood,phase,5,9,0.2,False,,1,2,1.270571898249212,0.6459909377462569,1.10048533847146,0.6819148936170213
phase_neighborhood,phase,5,9,0.2,False,,1,3,0.9306770126682459,0.7266449960598896,0.9560957661757232,0.7140070921985816
phase_neighborhood,phase,5,9,0.2,False,,1,4,0.7874024579804934,0.7627955082742317,0.8574081025225051,0.7406028368794326
phase_neighborhood,phase,5,9,0.2,False,,1,5,0.6912556083865575,0.7894208037825059,0.8178546512380559,0.7460992907801418
phase_neighborhood,phase,5,9,0.2,False,,1,6,0.6201444332434306,0.8073286052009456,0.7978153983751933,0.750886524822695
phase_neighborhood,phase,5,9,0.2,False,,1,7,0.5665231071371465,0.8209121355397951,0.7792889792022976,0.7558510638297873
phase_neighborhood,phase,5,9,0.2,False,,1,8,0.5200133893318868,0.8348798266351458,0.7700755290105833,0.7599290780141844
phase_neighborhood,phase,5,9,0.2,False,,1,9,0.4820749031642556,0.8445232466509063,0.7588985473551648,0.761968085106383
phase_neighborhood,phase,5,9,0.2,False,,1,10,0.44764958980799285,0.8552501970055162,0.7497009127698047,0.7728723404255319
phase_neighborhood,phase,5,9,0.2,False,,1,11,0.41697178101145066,0.864450354609929,0.74886935125006,0.7718085106382979
phase_neighborhood,phase,5,9,0.2,False,,1,12,0.38980818156701924,0.873758865248227,0.7484897933107741,0.773581560283688
phase_neighborhood,phase,5,9,0.2,False,,1,13,0.3635533988804588,0.8807427107959023,0.7509876065220393,0.7785460992907801
phase_neighborhood,phase,5,9,0.2,False,,1,14,0.34185559403905724,0.8879038613081166,0.7666302329259561,0.7687056737588652
phase_neighborhood,phase,5,9,0.2,False,,1,15,0.32129634693910797,0.8941095350669819,0.7749690380502254,0.7705673758865248
phase_neighborhood,phase,5,9,0.2,False,,1,16,0.3011655632626644,0.8992612293144208,0.783197766077434,0.7681737588652482
phase_neighborhood,phase,5,9,0.2,False,,1,17,0.2829723543121272,0.9055358550039401,0.7949296861675614,0.7694148936170213
phase_neighborhood,phase,5,9,0.2,False,,1,18,0.2661564757913891,0.9125,0.8058438934332935,0.7715425531914893
phase_neighborhood,phase,5,9,0.2,False,,1,19,0.2507166644923794,0.9159968479117415,0.8188611193751613,0.7699468085106383
phase_neighborhood,phase,5,9,0.2,False,,1,20,0.2362215195235725,0.9209613869188338,0.8318919711924614,0.7652482269503547
phase_neighborhood,phase,5,9,0.2,False,,2,1,2.5749683245605515,0.36513002364066194,1.6838670551354158,0.5490248226950355
phase_neighborhood,phase,5,9,0.2,False,,2,2,1.268922648587689,0.6471335697399527,1.1215957081064265,0.676063829787234
phase_neighborhood,phase,5,9,0.2,False,,2,3,0.9342580505766391,0.7262115839243499,0.9474002970025894,0.7191489361702128
phase_neighborhood,phase,5,9,0.2,False,,2,4,0.7840702337200385,0.764312450748621,0.8761665894630107,0.7329787234042553
phase_neighborhood,phase,5,9,0.2,False,,2,5,0.6885737619031781,0.7892533490937746,0.8316672358952516,0.7430851063829788
phase_neighborhood,phase,5,9,0.2,False,,2,6,0.6199436567823562,0.8087470449172577,0.8046466223948391,0.7472517730496454
phase_neighborhood,phase,5,9,0.2,False,,2,7,0.5642305088945032,0.8234830575256107,0.7950043835327135,0.750354609929078
phase_neighborhood,phase,5,9,0.2,False,,2,8,0.51813902233979,0.8363376674546887,0.7672432275317239,0.7575354609929078
phase_neighborhood,phase,5,9,0.2,False,,2,9,0.478069095793815,0.8469365642237983,0.7589204206111583,0.7583333333333333
phase_neighborhood,phase,5,9,0.2,False,,2,10,0.44344885117242994,0.8564519306540583,0.7544465297502829,0.762322695035461
phase_neighborhood,phase,5,9,0.2,False,,2,11,0.413780894027722,0.8656323877068558,0.7546110356107671,0.7648936170212766
phase_neighborhood,phase,5,9,0.2,False,,2,12,0.3859587524611711,0.8748423955870764,0.7534596026789212,0.7674645390070922
phase_neighborhood,phase,5,9,0.2,False,,2,13,0.3621078317610648,0.8808313632781718,0.7662273230704856,0.7640957446808511
phase_neighborhood,phase,5,9,0.2,False,,2,14,0.33847881920982104,0.8881698187549252,0.771929350685566,0.7659574468085106
phase_neighborhood,phase,5,9,0.2,False,,2,15,0.318375291953038,0.894710401891253,0.7928271876370653,0.7595744680851064
phase_neighborhood,phase,5,9,0.2,False,,2,16,0.2978250803089781,0.9007978723404255,0.79610766519046,0.761258865248227
phase_neighborhood,phase,5,9,0.2,False,,2,17,0.28083086505097793,0.9053684003152088,0.8087152731334064,0.7601063829787233
phase_neighborhood,phase,5,9,0.2,False,,2,18,0.26402990092340656,0.91172182821119,0.8094493494388905,0.762854609929078
phase_neighborhood,phase,5,9,0.2,False,,2,19,0.24786862629994902,0.9182230102442869,0.8325064988001019,0.7596631205673758
phase_neighborhood,phase,5,9,0.2,False,,2,20,0.23312745345117916,0.9223798266351458,0.8465693798893732,0.7549645390070922
phase_neighborhood,phase,5,10,0.2,False,,0,1,2.89354053614551,0.28612096138691884,2.252525722219589,0.40602836879432624
phase_neighborhood,phase,5,10,0.2,False,,0,2,1.6248052806531097,0.5537234042553192,1.2802751383037432,0.6353723404255319
phase_neighborhood,phase,5,10,0.2,False,,0,3,1.102506036416483,0.6795606776989755,1.0583357454191709,0.6846631205673759
phase_neighborhood,phase,5,10,0.2,False,,0,4,0.9152169565406721,0.7276398739164697,0.9480397391826548,0.7195921985815603
phase_neighborhood,phase,5,10,0.2,False,,0,5,0.8025360640622764,0.7555457052797478,0.8925501637002256,0.7310283687943262
phase_neighborhood,phase,5,10,0.2,False,,0,6,0.722250556269436,0.7773345153664303,0.8419873489555738,0.7441489361702127
phase_neighborhood,phase,5,10,0.2,False,,0,7,0.6567036431637968,0.7949960598896769,0.8237648599536707,0.7477836879432624
phase_neighborhood,phase,5,10,0.2,False,,0,8,0.6077432682610009,0.8083234830575257,0.7982540019437776,0.747872340425532
phase_neighborhood,phase,5,10,0.2,False,,0,9,0.5622341575539892,0.8215721040189126,0.7661946330510133,0.7615248226950354
phase_neighborhood,phase,5,10,0.2,False,,0,10,0.5268490833593599,0.8314420803782506,0.7818957404887422,0.7547872340425532
phase_neighborhood,phase,5,10,0.2,False,,0,11,0.4912795006618244,0.8416863672182822,0.7559784302052032,0.7656914893617022
phase_neighborhood,phase,5,10,0.2,False,,0,12,0.462106890712224,0.8493498817966904,0.7354781138981488,0.7679964539007093
phase_neighborhood,phase,5,10,0.2,False,,0,13,0.4326040576817578,0.859623719464145,0.7250831892727114,0.7773049645390071
phase_neighborhood,phase,5,10,0.2,False,,0,14,0.41098011813359153,0.8643715524034673,0.7635669329064958,0.7668439716312057
phase_neighborhood,phase,5,10,0.2,False,,0,15,0.38821772638505797,0.8718479117415288,0.7281174997488657,0.7759751773049646
phase_neighborhood,phase,5,10,0.2,False,,0,16,0.36801026687554433,0.8773640661938534,0.7268349671194739,0.7752659574468085
phase_neighborhood,phase,5,10,0.2,False,,0,17,0.34567474993877845,0.8854117415287628,0.7871818200916263,0.7656914893617022
phase_neighborhood,phase,5,10,0.2,False,,0,18,0.33030222446736246,0.8894208037825059,0.7627381545009343,0.7721631205673759
phase_neighborhood,phase,5,10,0.2,False,,0,19,0.3102892083150369,0.8970547675334909,0.7525929100970005,0.7722517730496454
phase_neighborhood,phase,5,10,0.2,False,,0,20,0.2957172182810598,0.900423561859732,0.7596623748752243,0.7786347517730496
phase_neighborhood,phase,5,10,0.2,False,,1,1,2.8933489928760334,0.2885539795114263,2.4132565937989146,0.3718085106382979
phase_neighborhood,phase,5,10,0.2,False,,1,2,1.6573715736398178,0.5463750985027581,1.3249631212112751,0.625886524822695
phase_neighborhood,phase,5,10,0.2,False,,1,3,1.1138721052542553,0.6763888888888889,1.0771284735794608,0.6822695035460993
phase_neighborhood,phase,5,10,0.2,False,,1,4,0.9234807725775608,0.7240149724192277,0.9381830223063206,0.7197695035460993
phase_neighborhood,phase,5,10,0.2,False,,1,5,0.8060982836429484,0.755220646178093,0.9103870807810033,0.7271276595744681
phase_neighborhood,phase,5,10,0.2,False,,1,6,0.7228712271197374,0.7773640661938535,0.8788260686482098,0.726418439716312
phase_neighborhood,phase,5,10,0.2,False,,1,7,0.6634917585938065,0.7926615445232467,0.8319747071739629,0.7423758865248227
phase_neighborhood,phase,5,10,0.2,False,,1,8,0.6115763989840087,0.8078309692671395,0.7954867787394964,0.7523936170212766
phase_neighborhood,phase,5,10,0.2,False,,1,9,0.5658587091451935,0.8201044129235618,0.7684381805413159,0.7629432624113475
phase_neighborhood,phase,5,10,0.2,False,,1,10,0.5251854324171729,0.831570133963751,0.7896744266469428,0.7578900709219858
phase_neighborhood,phase,5,10,0.2,False,,1,11,0.49093624453102164,0.840839243498818,0.7779475048078713,0.7574468085106383
phase_neighborhood,phase,5,10,0.2,False,,1,12,0.46238026208441685,0.8503349093774626,0.7504163655828923,0.7665780141843972
phase_neighborhood,phase,5,10,0.2,False,,1,13,0.43420930649935496,0.8572892040977147,0.7687134031708359,0.7655141843971631
phase_neighborhood,phase,5,10,0.2,False,,1,14,0.4115730531531305,0.8634357762017336,0.7712436916134882,0.761258865248227
phase_neighborhood,phase,5,10,0.2,False,,1,15,0.38795601433896004,0.8719956658786446,0.763160795692011,0.7668439716312057
phase_neighborhood,phase,5,10,0.2,False,,1,16,0.36657473250014094,0.8779747832939322,0.7690086103500204,0.7641843971631206
phase_neighborhood,phase,5,10,0.2,False,,1,17,0.34811241262254045,0.882919621749409,0.7543831033486846,0.7718971631205673
phase_neighborhood,phase,5,10,0.2,False,,1,18,0.32699105305357934,0.8902974783293932,0.7686097001775782,0.7702127659574468
phase_neighborhood,phase,5,10,0.2,False,,1,19,0.31042680955478014,0.8971138691883372,0.7826994748825723,0.7678191489361702
phase_neighborhood,phase,5,10,0.2,False,,1,20,0.2947451322120038,0.9010539795114263,0.7816970872963573,0.7681737588652482
phase_neighborhood,phase,5,10,0.2,False,,2,1,2.885985688058479,0.2900709219858156,2.362588752922437,0.37446808510638296
phase_neighborhood,phase,5,10,0.2,False,,2,2,1.6360145648884152,0.5521966115051221,1.3445340376373724,0.6178191489361702
phase_neighborhood,phase,5,10,0.2,False,,2,3,1.1076861813652694,0.6800630417651694,1.0869543252261817,0.6836879432624113
phase_neighborhood,phase,5,10,0.2,False,,2,4,0.9178242935920157,0.72677304964539,0.9813720763997829,0.7051418439716312
phase_neighborhood,phase,5,10,0.2,False,,2,5,0.8042796526113019,0.7552698975571316,0.9378964678615543,0.7111702127659575
phase_neighborhood,phase,5,10,0.2,False,,2,6,0.7242837226982658,0.7773345153664303,0.8466231090802673,0.738209219858156
phase_neighborhood,phase,5,10,0.2,False,,2,7,0.660186432791658,0.7947892040977147,0.8286093707625748,0.7421099290780142
phase_neighborhood,phase,5,10,0.2,False,,2,8,0.6076205972332575,0.8094168636721828,0.8258171313197901,0.7431737588652483
phase_neighborhood,phase,5,10,0.2,False,,2,9,0.563636569182078,0.8206461780929866,0.8281610939519625,0.7433510638297872
phase_neighborhood,phase,5,10,0.2,False,,2,10,0.5277474559133122,0.8309397163120568,0.7925780662408112,0.7540780141843971
phase_neighborhood,phase,5,10,0.2,False,,2,11,0.49477471713713533,0.8410559495665879,0.7869273504466875,0.7562943262411348
phase_neighborhood,phase,5,10,0.2,False,,2,12,0.4615345156267931,0.850108353033885,0.7835915542663412,0.7584219858156028
phase_neighborhood,phase,5,10,0.2,False,,2,13,0.43749518864637665,0.8566981875492514,0.7966919604345416,0.7613475177304965
phase_neighborhood,phase,5,10,0.2,False,,2,14,0.4125522882286444,0.864204097714736,0.7777156715274702,0.7601950354609929
phase_neighborhood,phase,5,10,0.2,False,,2,15,0.3889203683328591,0.8712864460204885,0.759534286353605,0.7681737588652482
phase_neighborhood,phase,5,10,0.2,False,,2,16,0.3680884805554194,0.8778565799842396,0.7803217609723408,0.7607269503546099
phase_neighborhood,phase,5,10,0.2,False,,2,17,0.34803656661858046,0.8841115051221434,0.7751692664961443,0.7648936170212766
phase_neighborhood,phase,5,10,0.2,False,,2,18,0.32943462883984603,0.8895784081954294,0.7725551471642569,0.7687056737588652
phase_neighborhood,phase,5,10,0.2,False,,2,19,0.3139668302051283,0.8941095350669819,0.8014157858300717,0.762322695035461
phase_neighborhood,phase,5,10,0.2,False,,2,20,0.2949560728690303,0.901241134751773,0.8178088176969095,0.7561170212765957
